2026-08-09 23:50:33,101 [INFO] TestEtihad: Starting Etihad access test...
2026-08-09 23:50:33,102 [INFO] src.etihad_scraper: Starting Playwright browser for Etihad Scraper...
2026-08-09 23:50:46,018 [INFO] src.etihad_scraper: Accessing booking for PNR: 9W4PEY, Last Name: HUMEAU MOUSSET
2026-08-09 23:52:04,083 [ERROR] src.etihad_scraper: Error accessing booking 9W4PEY: Timeout 45000ms exceeded.
2026-08-09 23:52:04,083 [ERROR] TestEtihad: Test Failed: Could not access Etihad booking page. Please check screenshot or page source.
2026-08-09 23:52:04,457 [INFO] TestEtihad: Saved debug screenshot to etihad_test_fail.png
2026-08-09 23:52:06,448 [INFO] src.etihad_scraper: Etihad Scraper stopped.
2026-08-09 23:52:37,207 [INFO] TestEtihad: Starting Etihad access test...
2026-08-09 23:52:37,208 [INFO] src.etihad_scraper: Starting Playwright browser for Etihad Scraper...
2026-08-09 23:52:45,878 [INFO] src.etihad_scraper: Accessing booking for PNR: 9W4PEY, Last Name: HUMEAU MOUSSET
2026-08-09 23:53:51,903 [ERROR] src.etihad_scraper: Error accessing booking 9W4PEY: Timeout 45000ms exceeded.
2026-08-09 23:53:51,904 [ERROR] TestEtihad: Test Failed: Could not access Etihad booking page. Please check screenshot or page source.
2026-08-09 23:53:52,223 [INFO] TestEtihad: Saved debug screenshot to etihad_test_fail.png
2026-08-09 23:53:54,503 [INFO] src.etihad_scraper: Etihad Scraper stopped.
2026-08-09 23:54:44,919 [INFO] TestEtihad: Starting Etihad access test...
2026-08-09 23:54:44,919 [INFO] src.etihad_scraper: Starting Playwright browser for Etihad Scraper...
2026-08-09 23:54:48,732 [INFO] src.etihad_scraper: Accessing booking for PNR: 9W4PEY, Last Name: HUMEAU MOUSSET
2026-08-09 23:55:45,926 [ERROR] src.etihad_scraper: Error accessing booking 9W4PEY: Timeout 45000ms exceeded.
2026-08-09 23:55:45,927 [ERROR] TestEtihad: Test Failed: Could not access Etihad booking page. Please check screenshot or page source.
2026-08-09 23:55:46,280 [INFO] TestEtihad: Saved debug screenshot to etihad_test_fail.png
2026-08-09 23:55:48,660 [INFO] src.etihad_scraper: Etihad Scraper stopped.
2026-08-09 23:57:27,353 [INFO] TestEtihad: Starting Etihad access test...
2026-08-09 23:57:27,354 [INFO] src.etihad_scraper: Starting Playwright browser for Etihad Scraper...
2026-08-09 23:57:30,951 [INFO] src.etihad_scraper: Accessing booking for PNR: 9W4PEY, Last Name: HUMEAU MOUSSET
2026-08-09 23:57:58,360 [WARNING] src.etihad_scraper: Failed to access booking for PNR: 9W4PEY
2026-08-09 23:57:58,360 [ERROR] TestEtihad: Test Failed: Could not access Etihad booking page. Please check screenshot or page source.
2026-08-09 23:58:01,249 [INFO] TestEtihad: Saved debug screenshot to etihad_test_fail.png
2026-08-09 23:58:09,915 [INFO] src.etihad_scraper: Etihad Scraper stopped.
2026-08-10 00:00:09,818 [INFO] TestEtihad: Starting Etihad access test...
2026-08-10 00:00:09,823 [INFO] src.etihad_scraper: Starting Playwright browser for Etihad Scraper...
2026-08-10 00:00:13,052 [INFO] src.etihad_scraper: Accessing booking for PNR: 9W4PEY, Last Name: HUMEAU MOUSSET
2026-08-10 00:00:39,846 [WARNING] src.etihad_scraper: Failed to access booking for PNR: 9W4PEY
2026-08-10 00:00:39,880 [ERROR] TestEtihad: Test Failed: Could not access Etihad booking page. Please check screenshot or page source.
2026-08-10 00:00:43,771 [INFO] TestEtihad: Saved debug screenshot to etihad_test_fail.png
2026-08-10 00:00:45,965 [INFO] src.etihad_scraper: Etihad Scraper stopped.
2026-08-10 00:02:00,001 [INFO] TestEtihad: Starting Etihad access test...
2026-08-10 00:02:00,001 [INFO] src.etihad_scraper: Starting Playwright browser for Etihad Scraper...
2026-08-10 00:02:03,970 [INFO] src.etihad_scraper: Accessing booking for PNR: DSSP38, Last Name: JUDES
2026-08-10 00:02:31,333 [WARNING] src.etihad_scraper: Failed to access booking for PNR: DSSP38
2026-08-10 00:02:31,334 [ERROR] TestEtihad: Test Failed: Could not access Etihad booking page. Please check screenshot or page source.
2026-08-10 00:02:33,854 [INFO] TestEtihad: Saved debug screenshot to etihad_test_fail.png
2026-08-10 00:02:36,716 [INFO] src.etihad_scraper: Etihad Scraper stopped.
2026-08-10 00:03:00,115 [INFO] TestEtihad: Starting Etihad access test...
2026-08-10 00:03:00,119 [INFO] src.etihad_scraper: Starting Playwright browser for Etihad Scraper...
2026-08-10 00:03:04,001 [INFO] src.etihad_scraper: Accessing booking for PNR: DSSP38, Last Name: JUDES
2026-08-10 00:03:30,532 [WARNING] src.etihad_scraper: Failed to access booking for PNR: DSSP38
2026-08-10 00:03:30,876 [ERROR] TestEtihad: Test Failed: Could not access Etihad booking page. Please check screenshot or page source.
2026-08-10 00:03:34,257 [INFO] TestEtihad: Saved debug screenshot to etihad_test_fail.png
2026-08-10 00:03:36,139 [INFO] src.etihad_scraper: Etihad Scraper stopped.
2026-08-10 21:14:56,619 [INFO] TestEtihad: Starting Etihad access test...
2026-08-10 21:14:56,620 [INFO] src.etihad_scraper: Starting Playwright browser for Etihad Scraper...
2026-08-10 21:15:06,018 [INFO] src.etihad_scraper: Accessing booking for PNR: DSSP38, Last Name: JUDES
2026-08-10 21:15:51,313 [WARNING] src.etihad_scraper: Failed to access booking for PNR: DSSP38 (Timeout waiting for details to load)
2026-08-10 21:15:51,314 [ERROR] TestEtihad: Test Failed: Could not access Etihad booking page. Please check screenshot or page source.
2026-08-10 21:15:52,999 [INFO] TestEtihad: Saved debug screenshot to etihad_test_fail.png
2026-08-10 21:15:55,225 [INFO] src.etihad_scraper: Etihad Scraper stopped.
2026-08-10 21:16:34,909 [INFO] TestEtihad: Starting Etihad access test...
2026-08-10 21:16:34,909 [INFO] src.etihad_scraper: Starting Playwright browser for Etihad Scraper...
2026-08-10 21:16:38,327 [INFO] src.etihad_scraper: Accessing booking for PNR: DSSP38, Last Name: JUDES
2026-08-10 21:17:27,044 [WARNING] src.etihad_scraper: Failed to access booking for PNR: DSSP38 (Timeout waiting for details to load)
2026-08-10 21:17:27,044 [ERROR] TestEtihad: Test Failed: Could not access Etihad booking page. Please check screenshot or page source.
2026-08-10 21:17:27,561 [INFO] TestEtihad: Saved debug screenshot to etihad_test_fail.png
2026-08-10 21:17:29,122 [INFO] src.etihad_scraper: Etihad Scraper stopped.
2026-08-10 21:19:48,192 [INFO] TestEtihad: Starting Etihad access test...
2026-08-10 21:19:48,192 [INFO] src.etihad_scraper: Starting Playwright browser for Etihad Scraper...
2026-08-10 21:19:51,934 [INFO] src.etihad_scraper: Accessing booking for PNR: DSSP38, Last Name: JUDES
2026-08-10 21:20:32,272 [INFO] src.etihad_scraper: Successfully accessed booking for PNR: DSSP38
2026-08-10 21:20:32,274 [INFO] TestEtihad: Test Success: Managed to access Etihad booking page!
2026-08-10 21:20:32,358 [INFO] TestEtihad: Frequent Flyer Status: False
2026-08-10 21:20:33,983 [INFO] src.etihad_scraper: Etihad Scraper stopped.
2026-08-10 21:22:17,677 [INFO] Orchestrator: Starting Airline Passenger Automation process...
2026-08-10 21:22:17,678 [INFO] Orchestrator: Loading input file: Etihad passenger details 9th Aug.xlsx
2026-08-10 21:22:19,385 [INFO] Orchestrator: Loaded columns: ['nan', 'Last Name', 'PNR']
2026-08-10 21:22:19,385 [INFO] Orchestrator: Mapping columns: PNR -> 'PNR', Last Name -> 'Last Name'
2026-08-10 21:22:19,388 [INFO] src.etihad_scraper: Starting Playwright browser for Etihad Scraper...
2026-08-10 21:22:22,231 [INFO] src.saudia_signup: Starting Playwright browser for Saudia registration...
2026-08-10 21:22:22,231 [ERROR] Orchestrator: Critical error during run: It looks like you are using Playwright Sync API inside the asyncio loop.
Please use the Async API instead.
Traceback (most recent call last):
  File "D:\etihad airways\main.py", line 51, in run_automation
    saudia.start()
    ~~~~~~~~~~~~^^
  File "D:\etihad airways\src\saudia_signup.py", line 16, in start
    self.playwright = sync_playwright().start()
                      ~~~~~~~~~~~~~~~~~~~~~~~^^
  File "C:\Users\IC\AppData\Local\Python\pythoncore-3.14-64\Lib\site-packages\playwright\sync_api\_context_manager.py", line 84, in start
    return self.__enter__()
           ~~~~~~~~~~~~~~^^
  File "C:\Users\IC\AppData\Local\Python\pythoncore-3.14-64\Lib\site-packages\playwright\sync_api\_context_manager.py", line 47, in __enter__
                raise Error(
    ...<2 lines>...
                )
playwright._impl._errors.Error: It looks like you are using Playwright Sync API inside the asyncio loop.
Please use the Async API instead.
2026-08-10 21:22:24,495 [INFO] src.etihad_scraper: Etihad Scraper stopped.
2026-08-10 21:22:24,496 [INFO] src.saudia_signup: Saudia Sign-up Manager stopped.
2026-08-10 21:22:24,652 [INFO] root: Successfully saved data to Etihad passenger details 9th Aug_Processed.xlsx
2026-08-10 21:22:24,652 [INFO] Orchestrator: Automation workflow completed.
2026-08-10 21:24:08,449 [INFO] Orchestrator: Starting Airline Passenger Automation process...
2026-08-10 21:24:08,449 [INFO] Orchestrator: Loading input file: Etihad passenger details 9th Aug.xlsx
2026-08-10 21:24:09,367 [INFO] Orchestrator: Loaded columns: ['nan', 'Last Name', 'PNR']
2026-08-10 21:24:09,367 [INFO] Orchestrator: Mapping columns: PNR -> 'PNR', Last Name -> 'Last Name'
2026-08-10 21:24:09,369 [INFO] src.etihad_scraper: Starting Playwright browser for Etihad Scraper...
2026-08-10 21:24:13,006 [INFO] Orchestrator: --- Processing Passenger 1/214: PNR 9W4PEY, Last Name: HUMEAU MOUSSET ---
2026-08-10 21:24:13,006 [INFO] src.etihad_scraper: Accessing booking for PNR: 9W4PEY, Last Name: HUMEAU MOUSSET
2026-08-10 21:24:46,027 [INFO] src.etihad_scraper: Successfully accessed booking for PNR: 9W4PEY
2026-08-10 21:24:47,276 [ERROR] src.temp_mail: Error generating temp email: Failed to generate temp email
2026-08-10 21:24:47,277 [ERROR] Orchestrator: Critical error during run: Failed to generate temp email
Traceback (most recent call last):
  File "D:\etihad airways\main.py", line 83, in run_automation
    temp_email = temp_mail.generate_email()
  File "D:\etihad airways\src\temp_mail.py", line 28, in generate_email
    raise Exception("Failed to generate temp email")
Exception: Failed to generate temp email
2026-08-10 21:24:49,446 [INFO] src.etihad_scraper: Etihad Scraper stopped.
2026-08-10 21:24:49,447 [INFO] src.saudia_signup: Saudia Sign-up Manager stopped.
2026-08-10 21:24:49,576 [INFO] root: Successfully saved data to Etihad passenger details 9th Aug_Processed.xlsx
2026-08-10 21:24:49,577 [INFO] Orchestrator: Automation workflow completed.
2026-08-10 21:25:29,444 [INFO] Orchestrator: Starting Airline Passenger Automation process...
2026-08-10 21:25:29,445 [INFO] Orchestrator: Loading input file: Etihad passenger details 9th Aug.xlsx
2026-08-10 21:25:30,391 [INFO] Orchestrator: Loaded columns: ['nan', 'Last Name', 'PNR']
2026-08-10 21:25:30,391 [INFO] Orchestrator: Mapping columns: PNR -> 'PNR', Last Name -> 'Last Name'
2026-08-10 21:25:30,393 [INFO] src.etihad_scraper: Starting Playwright browser for Etihad Scraper...
2026-08-10 21:25:33,524 [INFO] Orchestrator: --- Processing Passenger 1/214: PNR 9W4PEY, Last Name: HUMEAU MOUSSET ---
2026-08-10 21:25:33,524 [INFO] src.etihad_scraper: Accessing booking for PNR: 9W4PEY, Last Name: HUMEAU MOUSSET
2026-08-10 21:26:14,904 [INFO] src.etihad_scraper: Successfully accessed booking for PNR: 9W4PEY
2026-08-10 21:26:17,558 [INFO] src.temp_mail: Generated fallback temp email offline: lfyft0t5am@1secmail.com
2026-08-10 21:26:17,562 [INFO] src.etihad_scraper: Updating booking contact email to: lfyft0t5am@1secmail.com
2026-08-10 21:27:02,696 [ERROR] src.etihad_scraper: Failed to update booking email: Locator.fill: Timeout 45000ms exceeded.
Call log:
  - waiting for locator("input[type='email'], input[name='emailAddress']")

2026-08-10 21:27:02,699 [INFO] Orchestrator: --- Processing Passenger 2/214: PNR DSSP38, Last Name: JUDES ---
2026-08-10 21:27:02,699 [INFO] src.etihad_scraper: Accessing booking for PNR: DSSP38, Last Name: JUDES
2026-08-10 21:27:18,710 [ERROR] src.etihad_scraper: Error accessing booking DSSP38: Locator.wait_for: Timeout 15000ms exceeded.
Call log:
  - waiting for locator("[placeholder*='Trip reference'], [placeholder*='reference or ticket number'], input[name='bookingReference']").first to be visible

2026-08-10 21:27:18,721 [INFO] Orchestrator: --- Processing Passenger 3/214: PNR 9W4PFY, Last Name: MOUSSET ---
2026-08-10 21:27:18,721 [INFO] src.etihad_scraper: Accessing booking for PNR: 9W4PFY, Last Name: MOUSSET
2026-08-10 21:27:34,685 [ERROR] src.etihad_scraper: Error accessing booking 9W4PFY: Locator.wait_for: Timeout 15000ms exceeded.
Call log:
  - waiting for locator("[placeholder*='Trip reference'], [placeholder*='reference or ticket number'], input[name='bookingReference']").first to be visible

2026-08-10 21:27:34,686 [INFO] Orchestrator: --- Processing Passenger 4/214: PNR Y8D57L, Last Name: PRATT ---
2026-08-10 21:27:34,686 [INFO] src.etihad_scraper: Accessing booking for PNR: Y8D57L, Last Name: PRATT
2026-08-10 21:27:50,358 [ERROR] src.etihad_scraper: Error accessing booking Y8D57L: Locator.wait_for: Timeout 15000ms exceeded.
Call log:
  - waiting for locator("[placeholder*='Trip reference'], [placeholder*='reference or ticket number'], input[name='bookingReference']").first to be visible

2026-08-10 21:27:50,359 [INFO] Orchestrator: --- Processing Passenger 5/214: PNR Y8D57L, Last Name: PRATT ---
2026-08-10 21:27:50,359 [INFO] src.etihad_scraper: Accessing booking for PNR: Y8D57L, Last Name: PRATT
2026-08-10 21:28:06,112 [ERROR] src.etihad_scraper: Error accessing booking Y8D57L: Locator.wait_for: Timeout 15000ms exceeded.
Call log:
  - waiting for locator("[placeholder*='Trip reference'], [placeholder*='reference or ticket number'], input[name='bookingReference']").first to be visible

2026-08-10 21:28:06,113 [INFO] Orchestrator: --- Processing Passenger 6/214: PNR 7XLZAH, Last Name: BATYRSHIN ---
2026-08-10 21:28:06,113 [INFO] src.etihad_scraper: Accessing booking for PNR: 7XLZAH, Last Name: BATYRSHIN
2026-08-10 21:28:21,576 [ERROR] src.etihad_scraper: Error accessing booking 7XLZAH: Locator.wait_for: Timeout 15000ms exceeded.
Call log:
  - waiting for locator("[placeholder*='Trip reference'], [placeholder*='reference or ticket number'], input[name='bookingReference']").first to be visible

2026-08-10 21:28:21,577 [INFO] Orchestrator: --- Processing Passenger 7/214: PNR 7XLZAH, Last Name: BATYRSHINA ---
2026-08-10 21:28:21,577 [INFO] src.etihad_scraper: Accessing booking for PNR: 7XLZAH, Last Name: BATYRSHINA
2026-08-10 21:28:32,222 [INFO] TestEtihad: Starting Etihad access test...
2026-08-10 21:28:32,222 [INFO] src.etihad_scraper: Starting Playwright browser for Etihad Scraper...
2026-08-10 21:28:36,322 [INFO] src.etihad_scraper: Accessing booking for PNR: DSSP38, Last Name: JUDES
2026-08-10 21:28:37,465 [ERROR] src.etihad_scraper: Error accessing booking 7XLZAH: Locator.wait_for: Timeout 15000ms exceeded.
Call log:
  - waiting for locator("[placeholder*='Trip reference'], [placeholder*='reference or ticket number'], input[name='bookingReference']").first to be visible

2026-08-10 21:28:37,466 [INFO] Orchestrator: --- Processing Passenger 8/214: PNR 8MHKCQ, Last Name: MAURER ---
2026-08-10 21:28:37,466 [INFO] src.etihad_scraper: Accessing booking for PNR: 8MHKCQ, Last Name: MAURER
2026-08-10 21:28:53,151 [ERROR] src.etihad_scraper: Error accessing booking 8MHKCQ: Locator.wait_for: Timeout 15000ms exceeded.
Call log:
  - waiting for locator("[placeholder*='Trip reference'], [placeholder*='reference or ticket number'], input[name='bookingReference']").first to be visible

2026-08-10 21:28:53,152 [INFO] Orchestrator: --- Processing Passenger 9/214: PNR 8MHKCQ, Last Name: MAURER ---
2026-08-10 21:28:53,152 [INFO] src.etihad_scraper: Accessing booking for PNR: 8MHKCQ, Last Name: MAURER
2026-08-10 21:29:08,734 [ERROR] src.etihad_scraper: Error accessing booking 8MHKCQ: Locator.wait_for: Timeout 15000ms exceeded.
Call log:
  - waiting for locator("[placeholder*='Trip reference'], [placeholder*='reference or ticket number'], input[name='bookingReference']").first to be visible

2026-08-10 21:29:08,735 [INFO] Orchestrator: --- Processing Passenger 10/214: PNR 9SMK28, Last Name: YOUNG ---
2026-08-10 21:29:08,735 [INFO] src.etihad_scraper: Accessing booking for PNR: 9SMK28, Last Name: YOUNG
2026-08-10 21:29:12,975 [INFO] src.etihad_scraper: Successfully accessed booking for PNR: DSSP38
2026-08-10 21:29:12,976 [INFO] TestEtihad: Test Success: Managed to access Etihad booking page!
2026-08-10 21:29:13,311 [INFO] TestEtihad: Frequent Flyer Status: False
2026-08-10 21:29:14,515 [INFO] src.etihad_scraper: Extracted passenger details: {'passenger_name': 'Ruthms Judes', 'flight_number': 'Tel Aviv to Sydney'}
2026-08-10 21:29:14,515 [INFO] TestEtihad: Extracted details: {'passenger_name': 'Ruthms Judes', 'flight_number': 'Tel Aviv to Sydney'}
2026-08-10 21:29:18,835 [INFO] src.etihad_scraper: Etihad Scraper stopped.
2026-08-10 21:29:24,502 [ERROR] src.etihad_scraper: Error accessing booking 9SMK28: Locator.wait_for: Timeout 15000ms exceeded.
Call log:
  - waiting for locator("[placeholder*='Trip reference'], [placeholder*='reference or ticket number'], input[name='bookingReference']").first to be visible

2026-08-10 21:29:24,503 [INFO] Orchestrator: --- Processing Passenger 11/214: PNR 9SMK28, Last Name: YOUNG ---
2026-08-10 21:29:24,504 [INFO] src.etihad_scraper: Accessing booking for PNR: 9SMK28, Last Name: YOUNG
2026-08-10 21:29:40,114 [ERROR] src.etihad_scraper: Error accessing booking 9SMK28: Locator.wait_for: Timeout 15000ms exceeded.
Call log:
  - waiting for locator("[placeholder*='Trip reference'], [placeholder*='reference or ticket number'], input[name='bookingReference']").first to be visible

2026-08-10 21:29:40,115 [INFO] Orchestrator: --- Processing Passenger 12/214: PNR 9G4ZJI, Last Name: 1DAVIES ---
2026-08-10 21:29:40,115 [INFO] src.etihad_scraper: Accessing booking for PNR: 9G4ZJI, Last Name: 1DAVIES
2026-08-10 21:29:55,518 [ERROR] src.etihad_scraper: Error accessing booking 9G4ZJI: Locator.wait_for: Timeout 15000ms exceeded.
Call log:
  - waiting for locator("[placeholder*='Trip reference'], [placeholder*='reference or ticket number'], input[name='bookingReference']").first to be visible

2026-08-10 21:29:55,519 [INFO] Orchestrator: --- Processing Passenger 13/214: PNR 8URCKE, Last Name: EPPS ---
2026-08-10 21:29:55,519 [INFO] src.etihad_scraper: Accessing booking for PNR: 8URCKE, Last Name: EPPS
2026-08-10 21:30:11,166 [ERROR] src.etihad_scraper: Error accessing booking 8URCKE: Locator.wait_for: Timeout 15000ms exceeded.
Call log:
  - waiting for locator("[placeholder*='Trip reference'], [placeholder*='reference or ticket number'], input[name='bookingReference']").first to be visible

2026-08-10 21:30:11,168 [INFO] Orchestrator: --- Processing Passenger 14/214: PNR EQXTUO, Last Name: PETTIT ---
2026-08-10 21:30:11,168 [INFO] src.etihad_scraper: Accessing booking for PNR: EQXTUO, Last Name: PETTIT
2026-08-10 21:30:26,620 [ERROR] src.etihad_scraper: Error accessing booking EQXTUO: Locator.wait_for: Timeout 15000ms exceeded.
Call log:
  - waiting for locator("[placeholder*='Trip reference'], [placeholder*='reference or ticket number'], input[name='bookingReference']").first to be visible

2026-08-10 21:30:26,620 [INFO] Orchestrator: --- Processing Passenger 15/214: PNR 7TTW53, Last Name: PUGLIESE ---
2026-08-10 21:30:26,620 [INFO] src.etihad_scraper: Accessing booking for PNR: 7TTW53, Last Name: PUGLIESE
2026-08-10 21:30:42,056 [ERROR] src.etihad_scraper: Error accessing booking 7TTW53: Locator.wait_for: Timeout 15000ms exceeded.
Call log:
  - waiting for locator("[placeholder*='Trip reference'], [placeholder*='reference or ticket number'], input[name='bookingReference']").first to be visible

2026-08-10 21:30:42,057 [INFO] Orchestrator: --- Processing Passenger 16/214: PNR 7TTW53, Last Name: PUGLIESE ---
2026-08-10 21:30:42,057 [INFO] src.etihad_scraper: Accessing booking for PNR: 7TTW53, Last Name: PUGLIESE
2026-08-10 21:30:57,487 [ERROR] src.etihad_scraper: Error accessing booking 7TTW53: Locator.wait_for: Timeout 15000ms exceeded.
Call log:
  - waiting for locator("[placeholder*='Trip reference'], [placeholder*='reference or ticket number'], input[name='bookingReference']").first to be visible

2026-08-10 21:30:57,488 [INFO] Orchestrator: --- Processing Passenger 17/214: PNR 7TTW53, Last Name: PUGLIESE ---
2026-08-10 21:30:57,488 [INFO] src.etihad_scraper: Accessing booking for PNR: 7TTW53, Last Name: PUGLIESE
2026-08-10 21:31:13,006 [ERROR] src.etihad_scraper: Error accessing booking 7TTW53: Locator.wait_for: Timeout 15000ms exceeded.
Call log:
  - waiting for locator("[placeholder*='Trip reference'], [placeholder*='reference or ticket number'], input[name='bookingReference']").first to be visible

2026-08-10 21:31:13,007 [INFO] Orchestrator: --- Processing Passenger 18/214: PNR 7TTW53, Last Name: PUGLIESE ---
2026-08-10 21:31:13,007 [INFO] src.etihad_scraper: Accessing booking for PNR: 7TTW53, Last Name: PUGLIESE
2026-08-10 21:31:28,472 [ERROR] src.etihad_scraper: Error accessing booking 7TTW53: Locator.wait_for: Timeout 15000ms exceeded.
Call log:
  - waiting for locator("[placeholder*='Trip reference'], [placeholder*='reference or ticket number'], input[name='bookingReference']").first to be visible

2026-08-10 21:31:28,473 [INFO] Orchestrator: --- Processing Passenger 19/214: PNR 7TTW53, Last Name: PUGLIESE ---
2026-08-10 21:31:28,473 [INFO] src.etihad_scraper: Accessing booking for PNR: 7TTW53, Last Name: PUGLIESE
2026-08-10 21:31:43,906 [ERROR] src.etihad_scraper: Error accessing booking 7TTW53: Locator.wait_for: Timeout 15000ms exceeded.
Call log:
  - waiting for locator("[placeholder*='Trip reference'], [placeholder*='reference or ticket number'], input[name='bookingReference']").first to be visible

2026-08-10 21:31:43,906 [INFO] Orchestrator: --- Processing Passenger 20/214: PNR ES7L9T, Last Name: FATOULA ---
2026-08-10 21:31:43,907 [INFO] src.etihad_scraper: Accessing booking for PNR: ES7L9T, Last Name: FATOULA
2026-08-10 21:31:59,299 [ERROR] src.etihad_scraper: Error accessing booking ES7L9T: Locator.wait_for: Timeout 15000ms exceeded.
Call log:
  - waiting for locator("[placeholder*='Trip reference'], [placeholder*='reference or ticket number'], input[name='bookingReference']").first to be visible

2026-08-10 21:31:59,300 [INFO] Orchestrator: --- Processing Passenger 21/214: PNR 9EV38D, Last Name: GIANG ---
2026-08-10 21:31:59,300 [INFO] src.etihad_scraper: Accessing booking for PNR: 9EV38D, Last Name: GIANG
2026-08-10 21:32:14,956 [ERROR] src.etihad_scraper: Error accessing booking 9EV38D: Locator.wait_for: Timeout 15000ms exceeded.
Call log:
  - waiting for locator("[placeholder*='Trip reference'], [placeholder*='reference or ticket number'], input[name='bookingReference']").first to be visible

2026-08-10 21:32:14,957 [INFO] Orchestrator: --- Processing Passenger 22/214: PNR 9IA94S, Last Name: GULZARI ---
2026-08-10 21:32:14,957 [INFO] src.etihad_scraper: Accessing booking for PNR: 9IA94S, Last Name: GULZARI
2026-08-10 21:32:30,460 [ERROR] src.etihad_scraper: Error accessing booking 9IA94S: Locator.wait_for: Timeout 15000ms exceeded.
Call log:
  - waiting for locator("[placeholder*='Trip reference'], [placeholder*='reference or ticket number'], input[name='bookingReference']").first to be visible

2026-08-10 21:32:30,460 [INFO] Orchestrator: --- Processing Passenger 23/214: PNR EXQPN2, Last Name: HARAGLI ---
2026-08-10 21:32:30,460 [INFO] src.etihad_scraper: Accessing booking for PNR: EXQPN2, Last Name: HARAGLI
2026-08-10 21:32:45,905 [ERROR] src.etihad_scraper: Error accessing booking EXQPN2: Locator.wait_for: Timeout 15000ms exceeded.
Call log:
  - waiting for locator("[placeholder*='Trip reference'], [placeholder*='reference or ticket number'], input[name='bookingReference']").first to be visible

2026-08-10 21:32:45,905 [INFO] Orchestrator: --- Processing Passenger 24/214: PNR 9KQYAY, Last Name: HAYAW I BAJAI ---
2026-08-10 21:32:45,905 [INFO] src.etihad_scraper: Accessing booking for PNR: 9KQYAY, Last Name: HAYAW I BAJAI
2026-08-10 21:33:01,440 [ERROR] src.etihad_scraper: Error accessing booking 9KQYAY: Locator.wait_for: Timeout 15000ms exceeded.
Call log:
  - waiting for locator("[placeholder*='Trip reference'], [placeholder*='reference or ticket number'], input[name='bookingReference']").first to be visible

2026-08-10 21:33:01,442 [INFO] Orchestrator: --- Processing Passenger 25/214: PNR 92Q4UR, Last Name: HRAIBI ---
2026-08-10 21:33:01,443 [INFO] src.etihad_scraper: Accessing booking for PNR: 92Q4UR, Last Name: HRAIBI
2026-08-10 21:33:16,985 [ERROR] src.etihad_scraper: Error accessing booking 92Q4UR: Locator.wait_for: Timeout 15000ms exceeded.
Call log:
  - waiting for locator("[placeholder*='Trip reference'], [placeholder*='reference or ticket number'], input[name='bookingReference']").first to be visible

2026-08-10 21:33:16,986 [INFO] Orchestrator: --- Processing Passenger 26/214: PNR 98YJK5, Last Name: HUSSEINI ---
2026-08-10 21:33:16,986 [INFO] src.etihad_scraper: Accessing booking for PNR: 98YJK5, Last Name: HUSSEINI
2026-08-10 21:33:32,673 [ERROR] src.etihad_scraper: Error accessing booking 98YJK5: Locator.wait_for: Timeout 15000ms exceeded.
Call log:
  - waiting for locator("[placeholder*='Trip reference'], [placeholder*='reference or ticket number'], input[name='bookingReference']").first to be visible

2026-08-10 21:33:32,674 [INFO] Orchestrator: --- Processing Passenger 27/214: PNR 9RYTRM, Last Name: JUNKER ---
2026-08-10 21:33:32,675 [INFO] src.etihad_scraper: Accessing booking for PNR: 9RYTRM, Last Name: JUNKER
2026-08-10 21:33:48,152 [ERROR] src.etihad_scraper: Error accessing booking 9RYTRM: Locator.wait_for: Timeout 15000ms exceeded.
Call log:
  - waiting for locator("[placeholder*='Trip reference'], [placeholder*='reference or ticket number'], input[name='bookingReference']").first to be visible

2026-08-10 21:33:48,154 [INFO] Orchestrator: --- Processing Passenger 28/214: PNR EKEBZT, Last Name: KALTOUM ---
2026-08-10 21:33:48,154 [INFO] src.etihad_scraper: Accessing booking for PNR: EKEBZT, Last Name: KALTOUM
2026-08-10 21:34:03,705 [ERROR] src.etihad_scraper: Error accessing booking EKEBZT: Locator.wait_for: Timeout 15000ms exceeded.
Call log:
  - waiting for locator("[placeholder*='Trip reference'], [placeholder*='reference or ticket number'], input[name='bookingReference']").first to be visible

2026-08-10 21:34:03,706 [INFO] Orchestrator: --- Processing Passenger 29/214: PNR D84HTM, Last Name: KANTHY ---
2026-08-10 21:34:03,706 [INFO] src.etihad_scraper: Accessing booking for PNR: D84HTM, Last Name: KANTHY
2026-08-10 21:34:19,218 [ERROR] src.etihad_scraper: Error accessing booking D84HTM: Locator.wait_for: Timeout 15000ms exceeded.
Call log:
  - waiting for locator("[placeholder*='Trip reference'], [placeholder*='reference or ticket number'], input[name='bookingReference']").first to be visible

2026-08-10 21:34:19,219 [INFO] Orchestrator: --- Processing Passenger 30/214: PNR 732KDN, Last Name: KIELY ---
2026-08-10 21:34:19,219 [INFO] src.etihad_scraper: Accessing booking for PNR: 732KDN, Last Name: KIELY
2026-08-10 21:34:34,672 [ERROR] src.etihad_scraper: Error accessing booking 732KDN: Locator.wait_for: Timeout 15000ms exceeded.
Call log:
  - waiting for locator("[placeholder*='Trip reference'], [placeholder*='reference or ticket number'], input[name='bookingReference']").first to be visible

2026-08-10 21:34:34,673 [INFO] Orchestrator: --- Processing Passenger 31/214: PNR 76WTZF, Last Name: MARENTIS ---
2026-08-10 21:34:34,673 [INFO] src.etihad_scraper: Accessing booking for PNR: 76WTZF, Last Name: MARENTIS
2026-08-10 21:34:50,305 [ERROR] src.etihad_scraper: Error accessing booking 76WTZF: Locator.wait_for: Timeout 15000ms exceeded.
Call log:
  - waiting for locator("[placeholder*='Trip reference'], [placeholder*='reference or ticket number'], input[name='bookingReference']").first to be visible

2026-08-10 21:34:50,306 [INFO] Orchestrator: --- Processing Passenger 32/214: PNR F4TBPR, Last Name: MAVRAKIS ---
2026-08-10 21:34:50,306 [INFO] src.etihad_scraper: Accessing booking for PNR: F4TBPR, Last Name: MAVRAKIS
2026-08-10 21:35:06,082 [ERROR] src.etihad_scraper: Error accessing booking F4TBPR: Locator.wait_for: Timeout 15000ms exceeded.
Call log:
  - waiting for locator("[placeholder*='Trip reference'], [placeholder*='reference or ticket number'], input[name='bookingReference']").first to be visible

2026-08-10 21:35:06,082 [INFO] Orchestrator: --- Processing Passenger 33/214: PNR F4TBPR, Last Name: MAVRAKIS ---
2026-08-10 21:35:06,083 [INFO] src.etihad_scraper: Accessing booking for PNR: F4TBPR, Last Name: MAVRAKIS
2026-08-10 21:35:21,651 [ERROR] src.etihad_scraper: Error accessing booking F4TBPR: Locator.wait_for: Timeout 15000ms exceeded.
Call log:
  - waiting for locator("[placeholder*='Trip reference'], [placeholder*='reference or ticket number'], input[name='bookingReference']").first to be visible

2026-08-10 21:35:21,652 [INFO] Orchestrator: --- Processing Passenger 34/214: PNR F4TBPR, Last Name: MAVRAKIS ---
2026-08-10 21:35:21,652 [INFO] src.etihad_scraper: Accessing booking for PNR: F4TBPR, Last Name: MAVRAKIS
2026-08-10 21:35:37,113 [ERROR] src.etihad_scraper: Error accessing booking F4TBPR: Locator.wait_for: Timeout 15000ms exceeded.
Call log:
  - waiting for locator("[placeholder*='Trip reference'], [placeholder*='reference or ticket number'], input[name='bookingReference']").first to be visible

2026-08-10 21:35:37,114 [INFO] Orchestrator: --- Processing Passenger 35/214: PNR 732KDN, Last Name: MITREGA ---
2026-08-10 21:35:37,114 [INFO] src.etihad_scraper: Accessing booking for PNR: 732KDN, Last Name: MITREGA
2026-08-10 21:35:54,505 [ERROR] src.etihad_scraper: Error accessing booking 732KDN: Locator.wait_for: Timeout 15000ms exceeded.
Call log:
  - waiting for locator("[placeholder*='Trip reference'], [placeholder*='reference or ticket number'], input[name='bookingReference']").first to be visible

2026-08-10 21:35:54,506 [INFO] Orchestrator: --- Processing Passenger 36/214: PNR 9UHC68, Last Name: MOSIN ---
2026-08-10 21:35:54,507 [INFO] src.etihad_scraper: Accessing booking for PNR: 9UHC68, Last Name: MOSIN
2026-08-10 21:36:09,938 [ERROR] src.etihad_scraper: Error accessing booking 9UHC68: Locator.wait_for: Timeout 15000ms exceeded.
Call log:
  - waiting for locator("[placeholder*='Trip reference'], [placeholder*='reference or ticket number'], input[name='bookingReference']").first to be visible

2026-08-10 21:36:09,938 [INFO] Orchestrator: --- Processing Passenger 37/214: PNR ECCPUG, Last Name: SHARAF ---
2026-08-10 21:36:09,939 [INFO] src.etihad_scraper: Accessing booking for PNR: ECCPUG, Last Name: SHARAF
2026-08-10 21:36:25,537 [ERROR] src.etihad_scraper: Error accessing booking ECCPUG: Locator.wait_for: Timeout 15000ms exceeded.
Call log:
  - waiting for locator("[placeholder*='Trip reference'], [placeholder*='reference or ticket number'], input[name='bookingReference']").first to be visible

2026-08-10 21:36:25,538 [INFO] Orchestrator: --- Processing Passenger 38/214: PNR 97AEOF, Last Name: SPAIN ---
2026-08-10 21:36:25,538 [INFO] src.etihad_scraper: Accessing booking for PNR: 97AEOF, Last Name: SPAIN
2026-08-10 21:36:41,301 [ERROR] src.etihad_scraper: Error accessing booking 97AEOF: Locator.wait_for: Timeout 15000ms exceeded.
Call log:
  - waiting for locator("[placeholder*='Trip reference'], [placeholder*='reference or ticket number'], input[name='bookingReference']").first to be visible

2026-08-10 21:36:41,302 [INFO] Orchestrator: --- Processing Passenger 39/214: PNR 70FJPX, Last Name: TAYLOR ---
2026-08-10 21:36:41,302 [INFO] src.etihad_scraper: Accessing booking for PNR: 70FJPX, Last Name: TAYLOR
2026-08-10 21:36:56,739 [ERROR] src.etihad_scraper: Error accessing booking 70FJPX: Locator.wait_for: Timeout 15000ms exceeded.
Call log:
  - waiting for locator("[placeholder*='Trip reference'], [placeholder*='reference or ticket number'], input[name='bookingReference']").first to be visible

2026-08-10 21:36:56,740 [INFO] Orchestrator: --- Processing Passenger 40/214: PNR 8QXXYK, Last Name: ARJA ---
2026-08-10 21:36:56,741 [INFO] src.etihad_scraper: Accessing booking for PNR: 8QXXYK, Last Name: ARJA
2026-08-10 21:37:12,189 [ERROR] src.etihad_scraper: Error accessing booking 8QXXYK: Locator.wait_for: Timeout 15000ms exceeded.
Call log:
  - waiting for locator("[placeholder*='Trip reference'], [placeholder*='reference or ticket number'], input[name='bookingReference']").first to be visible

2026-08-10 21:37:12,190 [INFO] Orchestrator: --- Processing Passenger 41/214: PNR 8QXXYK, Last Name: ARJA ---
2026-08-10 21:37:12,190 [INFO] src.etihad_scraper: Accessing booking for PNR: 8QXXYK, Last Name: ARJA
2026-08-10 21:37:27,651 [ERROR] src.etihad_scraper: Error accessing booking 8QXXYK: Locator.wait_for: Timeout 15000ms exceeded.
Call log:
  - waiting for locator("[placeholder*='Trip reference'], [placeholder*='reference or ticket number'], input[name='bookingReference']").first to be visible

2026-08-10 21:37:27,651 [INFO] Orchestrator: --- Processing Passenger 42/214: PNR D2JUOS, Last Name: RUGGERO ---
2026-08-10 21:37:27,652 [INFO] src.etihad_scraper: Accessing booking for PNR: D2JUOS, Last Name: RUGGERO
2026-08-10 21:37:43,218 [ERROR] src.etihad_scraper: Error accessing booking D2JUOS: Locator.wait_for: Timeout 15000ms exceeded.
Call log:
  - waiting for locator("[placeholder*='Trip reference'], [placeholder*='reference or ticket number'], input[name='bookingReference']").first to be visible

2026-08-10 21:37:43,219 [INFO] Orchestrator: --- Processing Passenger 43/214: PNR EIJS82, Last Name: SMITH ---
2026-08-10 21:37:43,219 [INFO] src.etihad_scraper: Accessing booking for PNR: EIJS82, Last Name: SMITH
2026-08-10 21:38:00,090 [ERROR] src.etihad_scraper: Error accessing booking EIJS82: Locator.wait_for: Timeout 15000ms exceeded.
Call log:
  - waiting for locator("[placeholder*='Trip reference'], [placeholder*='reference or ticket number'], input[name='bookingReference']").first to be visible

2026-08-10 21:38:00,091 [INFO] Orchestrator: --- Processing Passenger 44/214: PNR EA61K5, Last Name: SMITH ---
2026-08-10 21:38:00,092 [INFO] src.etihad_scraper: Accessing booking for PNR: EA61K5, Last Name: SMITH
2026-08-10 21:38:15,871 [ERROR] src.etihad_scraper: Error accessing booking EA61K5: Locator.wait_for: Timeout 15000ms exceeded.
Call log:
  - waiting for locator("[placeholder*='Trip reference'], [placeholder*='reference or ticket number'], input[name='bookingReference']").first to be visible

2026-08-10 21:38:15,872 [INFO] Orchestrator: --- Processing Passenger 45/214: PNR 84EX5M, Last Name: WINCHESTER ---
2026-08-10 21:38:15,872 [INFO] src.etihad_scraper: Accessing booking for PNR: 84EX5M, Last Name: WINCHESTER
2026-08-10 21:38:31,480 [ERROR] src.etihad_scraper: Error accessing booking 84EX5M: Locator.wait_for: Timeout 15000ms exceeded.
Call log:
  - waiting for locator("[placeholder*='Trip reference'], [placeholder*='reference or ticket number'], input[name='bookingReference']").first to be visible

2026-08-10 21:38:31,480 [INFO] Orchestrator: --- Processing Passenger 46/214: PNR 8B6X5I, Last Name: MARIC ---
2026-08-10 21:38:31,481 [INFO] src.etihad_scraper: Accessing booking for PNR: 8B6X5I, Last Name: MARIC
2026-08-10 21:38:46,922 [ERROR] src.etihad_scraper: Error accessing booking 8B6X5I: Locator.wait_for: Timeout 15000ms exceeded.
Call log:
  - waiting for locator("[placeholder*='Trip reference'], [placeholder*='reference or ticket number'], input[name='bookingReference']").first to be visible

2026-08-10 21:38:46,923 [INFO] Orchestrator: --- Processing Passenger 47/214: PNR 8B6X5I, Last Name: MARIC ---
2026-08-10 21:38:46,923 [INFO] src.etihad_scraper: Accessing booking for PNR: 8B6X5I, Last Name: MARIC
2026-08-10 21:39:02,386 [ERROR] src.etihad_scraper: Error accessing booking 8B6X5I: Locator.wait_for: Timeout 15000ms exceeded.
Call log:
  - waiting for locator("[placeholder*='Trip reference'], [placeholder*='reference or ticket number'], input[name='bookingReference']").first to be visible

2026-08-10 21:39:02,387 [INFO] Orchestrator: --- Processing Passenger 48/214: PNR DPARBA, Last Name: STATHAKIS ---
2026-08-10 21:39:02,387 [INFO] src.etihad_scraper: Accessing booking for PNR: DPARBA, Last Name: STATHAKIS
2026-08-10 21:39:17,939 [ERROR] src.etihad_scraper: Error accessing booking DPARBA: Locator.wait_for: Timeout 15000ms exceeded.
Call log:
  - waiting for locator("[placeholder*='Trip reference'], [placeholder*='reference or ticket number'], input[name='bookingReference']").first to be visible

2026-08-10 21:39:17,940 [INFO] Orchestrator: --- Processing Passenger 49/214: PNR 7U88WZ, Last Name: GITTANI ---
2026-08-10 21:39:17,940 [INFO] src.etihad_scraper: Accessing booking for PNR: 7U88WZ, Last Name: GITTANI
2026-08-10 21:39:34,929 [ERROR] src.etihad_scraper: Error accessing booking 7U88WZ: Locator.wait_for: Timeout 15000ms exceeded.
Call log:
  - waiting for locator("[placeholder*='Trip reference'], [placeholder*='reference or ticket number'], input[name='bookingReference']").first to be visible

2026-08-10 21:39:34,930 [INFO] Orchestrator: --- Processing Passenger 50/214: PNR 7U88WZ, Last Name: GITTANI ---
2026-08-10 21:39:34,930 [INFO] src.etihad_scraper: Accessing booking for PNR: 7U88WZ, Last Name: GITTANI
2026-08-10 21:39:50,422 [ERROR] src.etihad_scraper: Error accessing booking 7U88WZ: Locator.wait_for: Timeout 15000ms exceeded.
Call log:
  - waiting for locator("[placeholder*='Trip reference'], [placeholder*='reference or ticket number'], input[name='bookingReference']").first to be visible

2026-08-10 21:39:50,423 [INFO] Orchestrator: --- Processing Passenger 51/214: PNR 7U88WZ, Last Name: GITTANI ---
2026-08-10 21:39:50,423 [INFO] src.etihad_scraper: Accessing booking for PNR: 7U88WZ, Last Name: GITTANI
2026-08-10 21:40:05,888 [ERROR] src.etihad_scraper: Error accessing booking 7U88WZ: Locator.wait_for: Timeout 15000ms exceeded.
Call log:
  - waiting for locator("[placeholder*='Trip reference'], [placeholder*='reference or ticket number'], input[name='bookingReference']").first to be visible

2026-08-10 21:40:05,888 [INFO] Orchestrator: --- Processing Passenger 52/214: PNR 9CWPCL, Last Name: JAWARO ---
2026-08-10 21:40:05,889 [INFO] src.etihad_scraper: Accessing booking for PNR: 9CWPCL, Last Name: JAWARO
2026-08-10 21:40:21,322 [ERROR] src.etihad_scraper: Error accessing booking 9CWPCL: Locator.wait_for: Timeout 15000ms exceeded.
Call log:
  - waiting for locator("[placeholder*='Trip reference'], [placeholder*='reference or ticket number'], input[name='bookingReference']").first to be visible

2026-08-10 21:40:21,324 [INFO] Orchestrator: --- Processing Passenger 53/214: PNR 9CWPCL, Last Name: JAWARO ---
2026-08-10 21:40:21,325 [INFO] src.etihad_scraper: Accessing booking for PNR: 9CWPCL, Last Name: JAWARO
2026-08-10 21:40:36,770 [ERROR] src.etihad_scraper: Error accessing booking 9CWPCL: Locator.wait_for: Timeout 15000ms exceeded.
Call log:
  - waiting for locator("[placeholder*='Trip reference'], [placeholder*='reference or ticket number'], input[name='bookingReference']").first to be visible

2026-08-10 21:40:36,771 [INFO] Orchestrator: --- Processing Passenger 54/214: PNR 9CWPCL, Last Name: JAWARO ---
2026-08-10 21:40:36,771 [INFO] src.etihad_scraper: Accessing booking for PNR: 9CWPCL, Last Name: JAWARO
2026-08-10 21:40:52,141 [ERROR] src.etihad_scraper: Error accessing booking 9CWPCL: Locator.wait_for: Timeout 15000ms exceeded.
Call log:
  - waiting for locator("[placeholder*='Trip reference'], [placeholder*='reference or ticket number'], input[name='bookingReference']").first to be visible

2026-08-10 21:40:52,142 [INFO] Orchestrator: --- Processing Passenger 55/214: PNR 9CWPCL, Last Name: JAWARO ---
2026-08-10 21:40:52,142 [INFO] src.etihad_scraper: Accessing booking for PNR: 9CWPCL, Last Name: JAWARO
2026-08-10 21:41:09,123 [ERROR] src.etihad_scraper: Error accessing booking 9CWPCL: Locator.wait_for: Timeout 15000ms exceeded.
Call log:
  - waiting for locator("[placeholder*='Trip reference'], [placeholder*='reference or ticket number'], input[name='bookingReference']").first to be visible

2026-08-10 21:41:09,124 [INFO] Orchestrator: --- Processing Passenger 56/214: PNR 7U88WZ, Last Name: MAROUN ---
2026-08-10 21:41:09,125 [INFO] src.etihad_scraper: Accessing booking for PNR: 7U88WZ, Last Name: MAROUN
2026-08-10 21:41:24,555 [ERROR] src.etihad_scraper: Error accessing booking 7U88WZ: Locator.wait_for: Timeout 15000ms exceeded.
Call log:
  - waiting for locator("[placeholder*='Trip reference'], [placeholder*='reference or ticket number'], input[name='bookingReference']").first to be visible

2026-08-10 21:41:24,556 [INFO] Orchestrator: --- Processing Passenger 57/214: PNR 7U88WZ, Last Name: MAROUN ---
2026-08-10 21:41:24,557 [INFO] src.etihad_scraper: Accessing booking for PNR: 7U88WZ, Last Name: MAROUN
2026-08-10 21:41:40,100 [ERROR] src.etihad_scraper: Error accessing booking 7U88WZ: Locator.wait_for: Timeout 15000ms exceeded.
Call log:
  - waiting for locator("[placeholder*='Trip reference'], [placeholder*='reference or ticket number'], input[name='bookingReference']").first to be visible

2026-08-10 21:41:40,100 [INFO] Orchestrator: --- Processing Passenger 58/214: PNR 7U88WZ, Last Name: MAROUN ---
2026-08-10 21:41:40,101 [INFO] src.etihad_scraper: Accessing booking for PNR: 7U88WZ, Last Name: MAROUN
2026-08-10 21:41:55,705 [ERROR] src.etihad_scraper: Error accessing booking 7U88WZ: Locator.wait_for: Timeout 15000ms exceeded.
Call log:
  - waiting for locator("[placeholder*='Trip reference'], [placeholder*='reference or ticket number'], input[name='bookingReference']").first to be visible

2026-08-10 21:41:55,706 [INFO] Orchestrator: --- Processing Passenger 59/214: PNR 9CWPCL, Last Name: MOUAWAD ---
2026-08-10 21:41:55,706 [INFO] src.etihad_scraper: Accessing booking for PNR: 9CWPCL, Last Name: MOUAWAD
2026-08-10 21:42:11,100 [ERROR] src.etihad_scraper: Error accessing booking 9CWPCL: Locator.wait_for: Timeout 15000ms exceeded.
Call log:
  - waiting for locator("[placeholder*='Trip reference'], [placeholder*='reference or ticket number'], input[name='bookingReference']").first to be visible

2026-08-10 21:42:11,101 [INFO] Orchestrator: --- Processing Passenger 60/214: PNR 7UEAY4, Last Name: METRY ---
2026-08-10 21:42:11,101 [INFO] src.etihad_scraper: Accessing booking for PNR: 7UEAY4, Last Name: METRY
2026-08-10 21:42:27,639 [ERROR] src.etihad_scraper: Error accessing booking 7UEAY4: Locator.wait_for: Timeout 15000ms exceeded.
Call log:
  - waiting for locator("[placeholder*='Trip reference'], [placeholder*='reference or ticket number'], input[name='bookingReference']").first to be visible

2026-08-10 21:42:27,640 [INFO] Orchestrator: --- Processing Passenger 61/214: PNR 7UEAY4, Last Name: METRY ---
2026-08-10 21:42:27,640 [INFO] src.etihad_scraper: Accessing booking for PNR: 7UEAY4, Last Name: METRY
2026-08-10 21:42:35,739 [ERROR] src.etihad_scraper: Error accessing booking 7UEAY4: Locator.wait_for: Target page, context or browser has been closed
Call log:
  - waiting for locator("[placeholder*='Trip reference'], [placeholder*='reference or ticket number'], input[name='bookingReference']").first to be visible

2026-08-10 21:42:35,740 [INFO] Orchestrator: --- Processing Passenger 62/214: PNR DRZDGQ, Last Name: KENNEWELL ---
2026-08-10 21:42:35,740 [INFO] src.etihad_scraper: Accessing booking for PNR: DRZDGQ, Last Name: KENNEWELL
2026-08-10 21:42:35,742 [ERROR] src.etihad_scraper: Error accessing booking DRZDGQ: Page.goto: Target page, context or browser has been closed
2026-08-10 21:42:35,743 [INFO] Orchestrator: --- Processing Passenger 63/214: PNR DLNXDE, Last Name: AWAD ---
2026-08-10 21:42:35,743 [INFO] src.etihad_scraper: Accessing booking for PNR: DLNXDE, Last Name: AWAD
2026-08-10 21:42:35,745 [ERROR] src.etihad_scraper: Error accessing booking DLNXDE: Page.goto: Target page, context or browser has been closed
2026-08-10 21:42:35,746 [INFO] Orchestrator: --- Processing Passenger 64/214: PNR DLNXDE, Last Name: AWAD ---
2026-08-10 21:42:35,746 [INFO] src.etihad_scraper: Accessing booking for PNR: DLNXDE, Last Name: AWAD
2026-08-10 21:42:35,749 [ERROR] src.etihad_scraper: Error accessing booking DLNXDE: Page.goto: Target page, context or browser has been closed
2026-08-10 21:42:35,750 [INFO] Orchestrator: --- Processing Passenger 65/214: PNR EBUGC9, Last Name: CHALFE ---
2026-08-10 21:42:35,750 [INFO] src.etihad_scraper: Accessing booking for PNR: EBUGC9, Last Name: CHALFE
2026-08-10 21:42:35,754 [ERROR] src.etihad_scraper: Error accessing booking EBUGC9: Page.goto: Target page, context or browser has been closed
2026-08-10 21:42:35,755 [INFO] Orchestrator: --- Processing Passenger 66/214: PNR F2PJL4, Last Name: CHALFE ---
2026-08-10 21:42:35,755 [INFO] src.etihad_scraper: Accessing booking for PNR: F2PJL4, Last Name: CHALFE
2026-08-10 21:42:35,758 [ERROR] src.etihad_scraper: Error accessing booking F2PJL4: Page.goto: Target page, context or browser has been closed
2026-08-10 21:42:35,759 [INFO] Orchestrator: --- Processing Passenger 67/214: PNR 7JNKVB, Last Name: JONES ---
2026-08-10 21:42:35,759 [INFO] src.etihad_scraper: Accessing booking for PNR: 7JNKVB, Last Name: JONES
2026-08-10 21:42:35,762 [ERROR] src.etihad_scraper: Error accessing booking 7JNKVB: Page.goto: Target page, context or browser has been closed
2026-08-10 21:42:35,763 [INFO] Orchestrator: --- Processing Passenger 68/214: PNR 9INWCI, Last Name: MCCORMACK ---
2026-08-10 21:42:35,763 [INFO] src.etihad_scraper: Accessing booking for PNR: 9INWCI, Last Name: MCCORMACK
2026-08-10 21:42:35,765 [ERROR] src.etihad_scraper: Error accessing booking 9INWCI: Page.goto: Target page, context or browser has been closed
2026-08-10 21:42:35,766 [INFO] Orchestrator: --- Processing Passenger 69/214: PNR FNRTTL, Last Name: SARKIS ---
2026-08-10 21:42:35,766 [INFO] src.etihad_scraper: Accessing booking for PNR: FNRTTL, Last Name: SARKIS
2026-08-10 21:42:35,772 [ERROR] src.etihad_scraper: Error accessing booking FNRTTL: Page.goto: Target page, context or browser has been closed
2026-08-10 21:42:35,772 [INFO] Orchestrator: --- Processing Passenger 70/214: PNR 96QA4J, Last Name: AZZI ---
2026-08-10 21:42:35,773 [INFO] src.etihad_scraper: Accessing booking for PNR: 96QA4J, Last Name: AZZI
2026-08-10 21:42:35,775 [ERROR] src.etihad_scraper: Error accessing booking 96QA4J: Page.goto: Target page, context or browser has been closed
2026-08-10 21:42:35,776 [INFO] Orchestrator: --- Processing Passenger 71/214: PNR 926LVB, Last Name: AZZI ---
2026-08-10 21:42:35,776 [INFO] src.etihad_scraper: Accessing booking for PNR: 926LVB, Last Name: AZZI
2026-08-10 21:42:35,778 [ERROR] src.etihad_scraper: Error accessing booking 926LVB: Page.goto: Target page, context or browser has been closed
2026-08-10 21:42:35,779 [INFO] Orchestrator: --- Processing Passenger 72/214: PNR DEYKGY, Last Name: ELIAS ---
2026-08-10 21:42:35,779 [INFO] src.etihad_scraper: Accessing booking for PNR: DEYKGY, Last Name: ELIAS
2026-08-10 21:42:35,798 [ERROR] src.etihad_scraper: Error accessing booking DEYKGY: Page.goto: Target page, context or browser has been closed
2026-08-10 21:42:35,799 [INFO] Orchestrator: --- Processing Passenger 73/214: PNR 98ZJKI, Last Name: FATFAT ---
2026-08-10 21:42:35,799 [INFO] src.etihad_scraper: Accessing booking for PNR: 98ZJKI, Last Name: FATFAT
2026-08-10 21:42:36,051 [ERROR] src.etihad_scraper: Error accessing booking 98ZJKI: Page.goto: Target page, context or browser has been closed
2026-08-10 21:42:36,052 [INFO] Orchestrator: --- Processing Passenger 74/214: PNR 98ZJKI, Last Name: FATFAT ---
2026-08-10 21:42:36,052 [INFO] src.etihad_scraper: Accessing booking for PNR: 98ZJKI, Last Name: FATFAT
2026-08-10 21:42:36,055 [ERROR] src.etihad_scraper: Error accessing booking 98ZJKI: Page.goto: Target page, context or browser has been closed
2026-08-10 21:42:36,056 [INFO] Orchestrator: --- Processing Passenger 75/214: PNR ZSOKSG, Last Name: JONES ---
2026-08-10 21:42:36,057 [INFO] src.etihad_scraper: Accessing booking for PNR: ZSOKSG, Last Name: JONES
2026-08-10 21:42:36,059 [ERROR] src.etihad_scraper: Error accessing booking ZSOKSG: Page.goto: Target page, context or browser has been closed
2026-08-10 21:42:36,060 [INFO] Orchestrator: --- Processing Passenger 76/214: PNR FULE3N, Last Name: KENAAN ---
2026-08-10 21:42:36,060 [INFO] src.etihad_scraper: Accessing booking for PNR: FULE3N, Last Name: KENAAN
2026-08-10 21:42:36,062 [ERROR] src.etihad_scraper: Error accessing booking FULE3N: Page.goto: Target page, context or browser has been closed
2026-08-10 21:42:36,063 [INFO] Orchestrator: --- Processing Passenger 77/214: PNR DX4ZZX, Last Name: KENAAN ---
2026-08-10 21:42:36,063 [INFO] src.etihad_scraper: Accessing booking for PNR: DX4ZZX, Last Name: KENAAN
2026-08-10 21:42:36,066 [ERROR] src.etihad_scraper: Error accessing booking DX4ZZX: Page.goto: Target page, context or browser has been closed
2026-08-10 21:42:36,068 [INFO] Orchestrator: --- Processing Passenger 78/214: PNR XMS4AT, Last Name: MANASSA ---
2026-08-10 21:42:36,068 [INFO] src.etihad_scraper: Accessing booking for PNR: XMS4AT, Last Name: MANASSA
2026-08-10 21:42:36,073 [ERROR] src.etihad_scraper: Error accessing booking XMS4AT: Page.goto: Target page, context or browser has been closed
2026-08-10 21:42:36,075 [INFO] Orchestrator: --- Processing Passenger 79/214: PNR 9A8BB6, Last Name: NEWELL ---
2026-08-10 21:42:36,075 [INFO] src.etihad_scraper: Accessing booking for PNR: 9A8BB6, Last Name: NEWELL
2026-08-10 21:42:36,081 [ERROR] src.etihad_scraper: Error accessing booking 9A8BB6: Page.goto: Target page, context or browser has been closed
2026-08-10 21:42:36,082 [INFO] Orchestrator: --- Processing Passenger 80/214: PNR 84LW5I, Last Name: RAHME ---
2026-08-10 21:42:36,082 [INFO] src.etihad_scraper: Accessing booking for PNR: 84LW5I, Last Name: RAHME
2026-08-10 21:42:36,086 [ERROR] src.etihad_scraper: Error accessing booking 84LW5I: Page.goto: Target page, context or browser has been closed
2026-08-10 21:42:36,087 [INFO] Orchestrator: --- Processing Passenger 81/214: PNR DTU8CQ, Last Name: SARKIS ---
2026-08-10 21:42:36,087 [INFO] src.etihad_scraper: Accessing booking for PNR: DTU8CQ, Last Name: SARKIS
2026-08-10 21:42:36,089 [ERROR] src.etihad_scraper: Error accessing booking DTU8CQ: Page.goto: Target page, context or browser has been closed
2026-08-10 21:42:36,090 [INFO] Orchestrator: --- Processing Passenger 82/214: PNR XLYASA, Last Name: TAOUK ---
2026-08-10 21:42:36,090 [INFO] src.etihad_scraper: Accessing booking for PNR: XLYASA, Last Name: TAOUK
2026-08-10 21:42:36,092 [ERROR] src.etihad_scraper: Error accessing booking XLYASA: Page.goto: Target page, context or browser has been closed
2026-08-10 21:42:36,092 [INFO] Orchestrator: --- Processing Passenger 83/214: PNR DHVF7W, Last Name: TLAYJE ---
2026-08-10 21:42:36,093 [INFO] src.etihad_scraper: Accessing booking for PNR: DHVF7W, Last Name: TLAYJE
2026-08-10 21:42:36,095 [ERROR] src.etihad_scraper: Error accessing booking DHVF7W: Page.goto: Target page, context or browser has been closed
2026-08-10 21:42:36,096 [INFO] Orchestrator: --- Processing Passenger 84/214: PNR DB6MVW, Last Name: ABDUL RAZZAK ---
2026-08-10 21:42:36,096 [INFO] src.etihad_scraper: Accessing booking for PNR: DB6MVW, Last Name: ABDUL RAZZAK
2026-08-10 21:42:36,098 [ERROR] src.etihad_scraper: Error accessing booking DB6MVW: Page.goto: Target page, context or browser has been closed
2026-08-10 21:42:36,099 [INFO] Orchestrator: --- Processing Passenger 85/214: PNR D5BZBD, Last Name: AKHLAQI ---
2026-08-10 21:42:36,099 [INFO] src.etihad_scraper: Accessing booking for PNR: D5BZBD, Last Name: AKHLAQI
2026-08-10 21:42:36,103 [ERROR] src.etihad_scraper: Error accessing booking D5BZBD: Page.goto: Target page, context or browser has been closed
2026-08-10 21:42:36,104 [INFO] Orchestrator: --- Processing Passenger 86/214: PNR D5C2WD, Last Name: AKHLAQI ---
2026-08-10 21:42:36,175 [INFO] src.etihad_scraper: Accessing booking for PNR: D5C2WD, Last Name: AKHLAQI
2026-08-10 21:42:36,195 [ERROR] src.etihad_scraper: Error accessing booking D5C2WD: Page.goto: Target page, context or browser has been closed
2026-08-10 21:42:36,195 [INFO] Orchestrator: --- Processing Passenger 87/214: PNR D5BZBD, Last Name: AKHLAQI ---
2026-08-10 21:42:36,196 [INFO] src.etihad_scraper: Accessing booking for PNR: D5BZBD, Last Name: AKHLAQI
2026-08-10 21:42:36,207 [ERROR] src.etihad_scraper: Error accessing booking D5BZBD: Page.goto: Target page, context or browser has been closed
2026-08-10 21:42:36,208 [INFO] Orchestrator: --- Processing Passenger 88/214: PNR D5BZBD, Last Name: AKHLAQI ---
2026-08-10 21:42:36,208 [INFO] src.etihad_scraper: Accessing booking for PNR: D5BZBD, Last Name: AKHLAQI
2026-08-10 21:42:36,211 [ERROR] src.etihad_scraper: Error accessing booking D5BZBD: Page.goto: Target page, context or browser has been closed
2026-08-10 21:42:36,211 [INFO] Orchestrator: --- Processing Passenger 89/214: PNR D5BZBD, Last Name: AKHLAQI ---
2026-08-10 21:42:36,212 [INFO] src.etihad_scraper: Accessing booking for PNR: D5BZBD, Last Name: AKHLAQI
2026-08-10 21:42:36,215 [ERROR] src.etihad_scraper: Error accessing booking D5BZBD: Page.goto: Target page, context or browser has been closed
2026-08-10 21:42:36,215 [INFO] Orchestrator: --- Processing Passenger 90/214: PNR D5BZBD, Last Name: AKHLAQI ---
2026-08-10 21:42:36,216 [INFO] src.etihad_scraper: Accessing booking for PNR: D5BZBD, Last Name: AKHLAQI
2026-08-10 21:42:36,219 [ERROR] src.etihad_scraper: Error accessing booking D5BZBD: Page.goto: Target page, context or browser has been closed
2026-08-10 21:42:36,219 [INFO] Orchestrator: --- Processing Passenger 91/214: PNR 904BEA, Last Name: AL HAJJ ---
2026-08-10 21:42:36,220 [INFO] src.etihad_scraper: Accessing booking for PNR: 904BEA, Last Name: AL HAJJ
2026-08-10 21:42:36,223 [ERROR] src.etihad_scraper: Error accessing booking 904BEA: Page.goto: Target page, context or browser has been closed
2026-08-10 21:42:36,224 [INFO] Orchestrator: --- Processing Passenger 92/214: PNR E2RZZ5, Last Name: ALAFACI ---
2026-08-10 21:42:36,224 [INFO] src.etihad_scraper: Accessing booking for PNR: E2RZZ5, Last Name: ALAFACI
2026-08-10 21:42:36,227 [ERROR] src.etihad_scraper: Error accessing booking E2RZZ5: Page.goto: Target page, context or browser has been closed
2026-08-10 21:42:36,227 [INFO] Orchestrator: --- Processing Passenger 93/214: PNR ES7L9T, Last Name: ATTIE ---
2026-08-10 21:42:36,228 [INFO] src.etihad_scraper: Accessing booking for PNR: ES7L9T, Last Name: ATTIE
2026-08-10 21:42:36,230 [ERROR] src.etihad_scraper: Error accessing booking ES7L9T: Page.goto: Target page, context or browser has been closed
2026-08-10 21:42:36,231 [INFO] Orchestrator: --- Processing Passenger 94/214: PNR 91A94S, Last Name: AZIMI ---
2026-08-10 21:42:36,231 [INFO] src.etihad_scraper: Accessing booking for PNR: 91A94S, Last Name: AZIMI
2026-08-10 21:42:36,234 [ERROR] src.etihad_scraper: Error accessing booking 91A94S: Page.goto: Target page, context or browser has been closed
2026-08-10 21:42:36,235 [INFO] Orchestrator: --- Processing Passenger 95/214: PNR 91A94S, Last Name: AZIMI ---
2026-08-10 21:42:36,235 [INFO] src.etihad_scraper: Accessing booking for PNR: 91A94S, Last Name: AZIMI
2026-08-10 21:42:36,241 [ERROR] src.etihad_scraper: Error accessing booking 91A94S: Page.goto: Target page, context or browser has been closed
2026-08-10 21:42:36,242 [INFO] Orchestrator: --- Processing Passenger 96/214: PNR 9JV755, Last Name: AZZI ---
2026-08-10 21:42:36,242 [INFO] src.etihad_scraper: Accessing booking for PNR: 9JV755, Last Name: AZZI
2026-08-10 21:42:36,245 [ERROR] src.etihad_scraper: Error accessing booking 9JV755: Page.goto: Target page, context or browser has been closed
2026-08-10 21:42:36,246 [INFO] Orchestrator: --- Processing Passenger 97/214: PNR 9JV755, Last Name: AZZI ---
2026-08-10 21:42:36,246 [INFO] src.etihad_scraper: Accessing booking for PNR: 9JV755, Last Name: AZZI
2026-08-10 21:42:36,249 [ERROR] src.etihad_scraper: Error accessing booking 9JV755: Page.goto: Target page, context or browser has been closed
2026-08-10 21:42:36,249 [INFO] Orchestrator: --- Processing Passenger 98/214: PNR 9RYTRM, Last Name: BERTRAM ---
2026-08-10 21:42:36,250 [INFO] src.etihad_scraper: Accessing booking for PNR: 9RYTRM, Last Name: BERTRAM
2026-08-10 21:42:36,252 [ERROR] src.etihad_scraper: Error accessing booking 9RYTRM: Page.goto: Target page, context or browser has been closed
2026-08-10 21:42:36,253 [INFO] Orchestrator: --- Processing Passenger 99/214: PNR 9EV38D, Last Name: BROADBENT ---
2026-08-10 21:42:36,254 [INFO] src.etihad_scraper: Accessing booking for PNR: 9EV38D, Last Name: BROADBENT
2026-08-10 21:42:36,290 [ERROR] src.etihad_scraper: Error accessing booking 9EV38D: Page.goto: Target page, context or browser has been closed
2026-08-10 21:42:36,291 [INFO] Orchestrator: --- Processing Passenger 100/214: PNR FD846Y, Last Name: CHAMI ---
2026-08-10 21:42:36,291 [INFO] src.etihad_scraper: Accessing booking for PNR: FD846Y, Last Name: CHAMI
2026-08-10 21:42:36,293 [ERROR] src.etihad_scraper: Error accessing booking FD846Y: Page.goto: Target page, context or browser has been closed
2026-08-10 21:42:36,294 [INFO] Orchestrator: --- Processing Passenger 101/214: PNR FQAGMQ, Last Name: CHAMMA ---
2026-08-10 21:42:36,294 [INFO] src.etihad_scraper: Accessing booking for PNR: FQAGMQ, Last Name: CHAMMA
2026-08-10 21:42:36,297 [ERROR] src.etihad_scraper: Error accessing booking FQAGMQ: Page.goto: Target page, context or browser has been closed
2026-08-10 21:42:36,298 [INFO] Orchestrator: --- Processing Passenger 102/214: PNR 70FJPX, Last Name: CLOTHIER ---
2026-08-10 21:42:36,298 [INFO] src.etihad_scraper: Accessing booking for PNR: 70FJPX, Last Name: CLOTHIER
2026-08-10 21:42:36,301 [ERROR] src.etihad_scraper: Error accessing booking 70FJPX: Page.goto: Target page, context or browser has been closed
2026-08-10 21:42:36,301 [INFO] Orchestrator: --- Processing Passenger 103/214: PNR 70FJPX, Last Name: CLOTHIER ---
2026-08-10 21:42:36,301 [INFO] src.etihad_scraper: Accessing booking for PNR: 70FJPX, Last Name: CLOTHIER
2026-08-10 21:42:36,311 [ERROR] src.etihad_scraper: Error accessing booking 70FJPX: Page.goto: Target page, context or browser has been closed
2026-08-10 21:42:36,311 [INFO] Orchestrator: --- Processing Passenger 104/214: PNR DB6MVW, Last Name: DARWICH ---
2026-08-10 21:42:36,312 [INFO] src.etihad_scraper: Accessing booking for PNR: DB6MVW, Last Name: DARWICH
2026-08-10 21:42:36,314 [ERROR] src.etihad_scraper: Error accessing booking DB6MVW: Page.goto: Target page, context or browser has been closed
2026-08-10 21:42:36,315 [INFO] Orchestrator: --- Processing Passenger 105/214: PNR 70FJPX, Last Name: DICKISON ---
2026-08-10 21:42:36,315 [INFO] src.etihad_scraper: Accessing booking for PNR: 70FJPX, Last Name: DICKISON
2026-08-10 21:42:36,330 [ERROR] src.etihad_scraper: Error accessing booking 70FJPX: Page.goto: Target page, context or browser has been closed
2026-08-10 21:42:36,331 [INFO] Orchestrator: --- Processing Passenger 106/214: PNR FM4SYV, Last Name: EL MAJDALANI ---
2026-08-10 21:42:36,331 [INFO] src.etihad_scraper: Accessing booking for PNR: FM4SYV, Last Name: EL MAJDALANI
2026-08-10 21:42:36,359 [ERROR] src.etihad_scraper: Error accessing booking FM4SYV: Page.goto: Target page, context or browser has been closed
2026-08-10 21:42:36,360 [INFO] Orchestrator: --- Processing Passenger 107/214: PNR EQ3YHG, Last Name: ELSAYED ---
2026-08-10 21:42:36,361 [INFO] src.etihad_scraper: Accessing booking for PNR: EQ3YHG, Last Name: ELSAYED
2026-08-10 21:42:36,388 [ERROR] src.etihad_scraper: Error accessing booking EQ3YHG: Page.goto: Target page, context or browser has been closed
2026-08-10 21:42:36,389 [INFO] Orchestrator: --- Processing Passenger 108/214: PNR FKDFUD, Last Name: ENAMI ---
2026-08-10 21:42:36,389 [INFO] src.etihad_scraper: Accessing booking for PNR: FKDFUD, Last Name: ENAMI
2026-08-10 21:42:36,392 [ERROR] src.etihad_scraper: Error accessing booking FKDFUD: Page.goto: Target page, context or browser has been closed
2026-08-10 21:42:36,393 [INFO] Orchestrator: --- Processing Passenger 109/214: PNR 9BGWJJ, Last Name: FUJISAKI ---
2026-08-10 21:42:36,393 [INFO] src.etihad_scraper: Accessing booking for PNR: 9BGWJJ, Last Name: FUJISAKI
2026-08-10 21:42:36,398 [ERROR] src.etihad_scraper: Error accessing booking 9BGWJJ: Page.goto: Target page, context or browser has been closed
2026-08-10 21:42:36,398 [INFO] Orchestrator: --- Processing Passenger 110/214: PNR 9JP7GD, Last Name: GOROBETS ---
2026-08-10 21:42:36,399 [INFO] src.etihad_scraper: Accessing booking for PNR: 9JP7GD, Last Name: GOROBETS
2026-08-10 21:42:36,406 [ERROR] src.etihad_scraper: Error accessing booking 9JP7GD: Page.goto: Target page, context or browser has been closed
2026-08-10 21:42:36,407 [INFO] Orchestrator: --- Processing Passenger 111/214: PNR 73UIPU, Last Name: MAK ---
2026-08-10 21:42:36,407 [INFO] src.etihad_scraper: Accessing booking for PNR: 73UIPU, Last Name: MAK
2026-08-10 21:42:36,431 [ERROR] src.etihad_scraper: Error accessing booking 73UIPU: Page.goto: Target page, context or browser has been closed
2026-08-10 21:42:36,432 [INFO] Orchestrator: --- Processing Passenger 112/214: PNR 7QYJV6, Last Name: MIESNER ---
2026-08-10 21:42:36,432 [INFO] src.etihad_scraper: Accessing booking for PNR: 7QYJV6, Last Name: MIESNER
2026-08-10 21:42:36,444 [ERROR] src.etihad_scraper: Error accessing booking 7QYJV6: Page.goto: Target page, context or browser has been closed
2026-08-10 21:42:36,445 [INFO] Orchestrator: --- Processing Passenger 113/214: PNR 9UIIN4, Last Name: PASANTES BERMUDEZ ---
2026-08-10 21:42:36,445 [INFO] src.etihad_scraper: Accessing booking for PNR: 9UIIN4, Last Name: PASANTES BERMUDEZ
2026-08-10 21:42:36,454 [ERROR] src.etihad_scraper: Error accessing booking 9UIIN4: Page.goto: Target page, context or browser has been closed
2026-08-10 21:42:36,455 [INFO] Orchestrator: --- Processing Passenger 114/214: PNR 9JP7GD, Last Name: PERTCOVSKII ---
2026-08-10 21:42:36,456 [INFO] src.etihad_scraper: Accessing booking for PNR: 9JP7GD, Last Name: PERTCOVSKII
2026-08-10 21:42:36,466 [ERROR] src.etihad_scraper: Error accessing booking 9JP7GD: Page.goto: Target page, context or browser has been closed
2026-08-10 21:42:36,468 [INFO] Orchestrator: --- Processing Passenger 115/214: PNR 9JP7GD, Last Name: PERTSOVSKAIA ---
2026-08-10 21:42:36,468 [INFO] src.etihad_scraper: Accessing booking for PNR: 9JP7GD, Last Name: PERTSOVSKAIA
2026-08-10 21:42:36,475 [ERROR] src.etihad_scraper: Error accessing booking 9JP7GD: Page.goto: Target page, context or browser has been closed
2026-08-10 21:42:36,476 [INFO] Orchestrator: --- Processing Passenger 116/214: PNR 9JP7GD, Last Name: PERTSOVSKAIA ---
2026-08-10 21:42:36,477 [INFO] src.etihad_scraper: Accessing booking for PNR: 9JP7GD, Last Name: PERTSOVSKAIA
2026-08-10 21:42:36,482 [ERROR] src.etihad_scraper: Error accessing booking 9JP7GD: Page.goto: Target page, context or browser has been closed
2026-08-10 21:42:36,484 [INFO] Orchestrator: --- Processing Passenger 117/214: PNR 7QYJV6, Last Name: RAMM ---
2026-08-10 21:42:36,485 [INFO] src.etihad_scraper: Accessing booking for PNR: 7QYJV6, Last Name: RAMM
2026-08-10 21:42:36,495 [ERROR] src.etihad_scraper: Error accessing booking 7QYJV6: Page.goto: Target page, context or browser has been closed
2026-08-10 21:42:36,496 [INFO] Orchestrator: --- Processing Passenger 118/214: PNR 99CSJ8, Last Name: SATO ---
2026-08-10 21:42:36,496 [INFO] src.etihad_scraper: Accessing booking for PNR: 99CSJ8, Last Name: SATO
2026-08-10 21:42:36,499 [ERROR] src.etihad_scraper: Error accessing booking 99CSJ8: Page.goto: Target page, context or browser has been closed
2026-08-10 21:42:36,500 [INFO] Orchestrator: --- Processing Passenger 119/214: PNR 99CSJ8, Last Name: SATO ---
2026-08-10 21:42:36,501 [INFO] src.etihad_scraper: Accessing booking for PNR: 99CSJ8, Last Name: SATO
2026-08-10 21:42:36,504 [ERROR] src.etihad_scraper: Error accessing booking 99CSJ8: Page.goto: Target page, context or browser has been closed
2026-08-10 21:42:36,505 [INFO] Orchestrator: --- Processing Passenger 120/214: PNR 99CSJ8, Last Name: SATO ---
2026-08-10 21:42:36,505 [INFO] src.etihad_scraper: Accessing booking for PNR: 99CSJ8, Last Name: SATO
2026-08-10 21:42:36,507 [ERROR] src.etihad_scraper: Error accessing booking 99CSJ8: Page.goto: Target page, context or browser has been closed
2026-08-10 21:42:36,508 [INFO] Orchestrator: --- Processing Passenger 121/214: PNR FDE9NN, Last Name: SHINADA ---
2026-08-10 21:42:36,508 [INFO] src.etihad_scraper: Accessing booking for PNR: FDE9NN, Last Name: SHINADA
2026-08-10 21:42:36,520 [ERROR] src.etihad_scraper: Error accessing booking FDE9NN: Page.goto: Target page, context or browser has been closed
2026-08-10 21:42:36,521 [INFO] Orchestrator: --- Processing Passenger 122/214: PNR XROMN7, Last Name: SILVA ---
2026-08-10 21:42:36,521 [INFO] src.etihad_scraper: Accessing booking for PNR: XROMN7, Last Name: SILVA
2026-08-10 21:42:36,525 [ERROR] src.etihad_scraper: Error accessing booking XROMN7: Page.goto: Target page, context or browser has been closed
2026-08-10 21:42:36,526 [INFO] Orchestrator: --- Processing Passenger 123/214: PNR XROMN7, Last Name: SILVA ---
2026-08-10 21:42:36,527 [INFO] src.etihad_scraper: Accessing booking for PNR: XROMN7, Last Name: SILVA
2026-08-10 21:42:36,529 [ERROR] src.etihad_scraper: Error accessing booking XROMN7: Page.goto: Target page, context or browser has been closed
2026-08-10 21:42:36,530 [INFO] Orchestrator: --- Processing Passenger 124/214: PNR 9UIIN4, Last Name: WESTON ---
2026-08-10 21:42:36,530 [INFO] src.etihad_scraper: Accessing booking for PNR: 9UIIN4, Last Name: WESTON
2026-08-10 21:42:36,532 [ERROR] src.etihad_scraper: Error accessing booking 9UIIN4: Page.goto: Target page, context or browser has been closed
2026-08-10 21:42:36,533 [INFO] Orchestrator: --- Processing Passenger 125/214: PNR 8UNVVX, Last Name: ABDELGHAFAR ---
2026-08-10 21:42:36,542 [INFO] src.etihad_scraper: Accessing booking for PNR: 8UNVVX, Last Name: ABDELGHAFAR
2026-08-10 21:42:36,549 [ERROR] src.etihad_scraper: Error accessing booking 8UNVVX: Page.goto: Target page, context or browser has been closed
2026-08-10 21:42:36,552 [INFO] Orchestrator: --- Processing Passenger 126/214: PNR 934LBW, Last Name: BEGKOU ---
2026-08-10 21:42:36,552 [INFO] src.etihad_scraper: Accessing booking for PNR: 934LBW, Last Name: BEGKOU
2026-08-10 21:42:36,584 [ERROR] src.etihad_scraper: Error accessing booking 934LBW: Page.goto: Target page, context or browser has been closed
2026-08-10 21:42:36,585 [INFO] Orchestrator: --- Processing Passenger 127/214: PNR 9VO6HS, Last Name: FUKUZAWA ---
2026-08-10 21:42:36,585 [INFO] src.etihad_scraper: Accessing booking for PNR: 9VO6HS, Last Name: FUKUZAWA
2026-08-10 21:42:36,590 [ERROR] src.etihad_scraper: Error accessing booking 9VO6HS: Page.goto: Target page, context or browser has been closed
2026-08-10 21:42:36,591 [INFO] Orchestrator: --- Processing Passenger 128/214: PNR 7S79C9, Last Name: HIRAI ---
2026-08-10 21:42:36,591 [INFO] src.etihad_scraper: Accessing booking for PNR: 7S79C9, Last Name: HIRAI
2026-08-10 21:42:36,594 [ERROR] src.etihad_scraper: Error accessing booking 7S79C9: Page.goto: Target page, context or browser has been closed
2026-08-10 21:42:36,595 [INFO] Orchestrator: --- Processing Passenger 129/214: PNR E6OZKY, Last Name: KANAMORI ---
2026-08-10 21:42:36,596 [INFO] src.etihad_scraper: Accessing booking for PNR: E6OZKY, Last Name: KANAMORI
2026-08-10 21:42:36,599 [ERROR] src.etihad_scraper: Error accessing booking E6OZKY: Page.goto: Target page, context or browser has been closed
2026-08-10 21:42:36,599 [INFO] Orchestrator: --- Processing Passenger 130/214: PNR 7E4MST, Last Name: GERY ---
2026-08-10 21:42:36,600 [INFO] src.etihad_scraper: Accessing booking for PNR: 7E4MST, Last Name: GERY
2026-08-10 21:42:36,604 [ERROR] src.etihad_scraper: Error accessing booking 7E4MST: Page.goto: Target page, context or browser has been closed
2026-08-10 21:42:36,604 [INFO] Orchestrator: --- Processing Passenger 131/214: PNR 7E4MST, Last Name: GERY ---
2026-08-10 21:42:36,604 [INFO] src.etihad_scraper: Accessing booking for PNR: 7E4MST, Last Name: GERY
2026-08-10 21:42:36,607 [ERROR] src.etihad_scraper: Error accessing booking 7E4MST: Page.goto: Target page, context or browser has been closed
2026-08-10 21:42:36,608 [INFO] Orchestrator: --- Processing Passenger 132/214: PNR 7E4MST, Last Name: GERY ---
2026-08-10 21:42:36,608 [INFO] src.etihad_scraper: Accessing booking for PNR: 7E4MST, Last Name: GERY
2026-08-10 21:42:36,610 [ERROR] src.etihad_scraper: Error accessing booking 7E4MST: Page.goto: Target page, context or browser has been closed
2026-08-10 21:42:36,611 [INFO] Orchestrator: --- Processing Passenger 133/214: PNR C6FOAS, Last Name: HANAKI ---
2026-08-10 21:42:36,611 [INFO] src.etihad_scraper: Accessing booking for PNR: C6FOAS, Last Name: HANAKI
2026-08-10 21:42:36,614 [ERROR] src.etihad_scraper: Error accessing booking C6FOAS: Page.goto: Target page, context or browser has been closed
2026-08-10 21:42:36,615 [INFO] Orchestrator: --- Processing Passenger 134/214: PNR X96DAS, Last Name: HASHIMOTO ---
2026-08-10 21:42:36,615 [INFO] src.etihad_scraper: Accessing booking for PNR: X96DAS, Last Name: HASHIMOTO
2026-08-10 21:42:36,651 [ERROR] src.etihad_scraper: Error accessing booking X96DAS: Page.goto: Target page, context or browser has been closed
2026-08-10 21:42:36,652 [INFO] Orchestrator: --- Processing Passenger 135/214: PNR 8AWBRR, Last Name: HIADLOVSKY ---
2026-08-10 21:42:36,652 [INFO] src.etihad_scraper: Accessing booking for PNR: 8AWBRR, Last Name: HIADLOVSKY
2026-08-10 21:42:36,656 [ERROR] src.etihad_scraper: Error accessing booking 8AWBRR: Page.goto: Target page, context or browser has been closed
2026-08-10 21:42:36,657 [INFO] Orchestrator: --- Processing Passenger 136/214: PNR 7F9W3I, Last Name: KUDAHL ---
2026-08-10 21:42:36,657 [INFO] src.etihad_scraper: Accessing booking for PNR: 7F9W3I, Last Name: KUDAHL
2026-08-10 21:42:36,660 [ERROR] src.etihad_scraper: Error accessing booking 7F9W3I: Page.goto: Target page, context or browser has been closed
2026-08-10 21:42:36,661 [INFO] Orchestrator: --- Processing Passenger 137/214: PNR 9ZINGH, Last Name: KURNAS ---
2026-08-10 21:42:36,664 [INFO] src.etihad_scraper: Accessing booking for PNR: 9ZINGH, Last Name: KURNAS
2026-08-10 21:42:36,672 [ERROR] src.etihad_scraper: Error accessing booking 9ZINGH: Page.goto: Target page, context or browser has been closed
2026-08-10 21:42:36,673 [INFO] Orchestrator: --- Processing Passenger 138/214: PNR 9ZIMQS, Last Name: KURNAS ---
2026-08-10 21:42:36,673 [INFO] src.etihad_scraper: Accessing booking for PNR: 9ZIMQS, Last Name: KURNAS
2026-08-10 21:42:36,675 [ERROR] src.etihad_scraper: Error accessing booking 9ZIMQS: Page.goto: Target page, context or browser has been closed
2026-08-10 21:42:36,676 [INFO] Orchestrator: --- Processing Passenger 139/214: PNR 8I8QL2, Last Name: LUQUE PANADERO ---
2026-08-10 21:42:36,676 [INFO] src.etihad_scraper: Accessing booking for PNR: 8I8QL2, Last Name: LUQUE PANADERO
2026-08-10 21:42:36,680 [ERROR] src.etihad_scraper: Error accessing booking 8I8QL2: Page.goto: Target page, context or browser has been closed
2026-08-10 21:42:36,681 [INFO] Orchestrator: --- Processing Passenger 140/214: PNR 7QKNGQ, Last Name: SATO ---
2026-08-10 21:42:36,681 [INFO] src.etihad_scraper: Accessing booking for PNR: 7QKNGQ, Last Name: SATO
2026-08-10 21:42:36,687 [ERROR] src.etihad_scraper: Error accessing booking 7QKNGQ: Page.goto: Target page, context or browser has been closed
2026-08-10 21:42:36,688 [INFO] Orchestrator: --- Processing Passenger 141/214: PNR ZOL6SP, Last Name: SIROTINA ---
2026-08-10 21:42:36,688 [INFO] src.etihad_scraper: Accessing booking for PNR: ZOL6SP, Last Name: SIROTINA
2026-08-10 21:42:36,704 [ERROR] src.etihad_scraper: Error accessing booking ZOL6SP: Page.goto: Target page, context or browser has been closed
2026-08-10 21:42:36,705 [INFO] Orchestrator: --- Processing Passenger 142/214: PNR ZOJD9Z, Last Name: SMIRNOV ---
2026-08-10 21:42:36,705 [INFO] src.etihad_scraper: Accessing booking for PNR: ZOJD9Z, Last Name: SMIRNOV
2026-08-10 21:42:36,709 [ERROR] src.etihad_scraper: Error accessing booking ZOJD9Z: Page.goto: Target page, context or browser has been closed
2026-08-10 21:42:36,710 [INFO] Orchestrator: --- Processing Passenger 143/214: PNR ZNHCUT, Last Name: SMIRNOVA ---
2026-08-10 21:42:36,710 [INFO] src.etihad_scraper: Accessing booking for PNR: ZNHCUT, Last Name: SMIRNOVA
2026-08-10 21:42:36,713 [ERROR] src.etihad_scraper: Error accessing booking ZNHCUT: Page.goto: Target page, context or browser has been closed
2026-08-10 21:42:36,713 [INFO] Orchestrator: --- Processing Passenger 144/214: PNR C6FOAS, Last Name: TOHNISHI ---
2026-08-10 21:42:36,714 [INFO] src.etihad_scraper: Accessing booking for PNR: C6FOAS, Last Name: TOHNISHI
2026-08-10 21:42:36,808 [ERROR] src.etihad_scraper: Error accessing booking C6FOAS: Page.goto: Target page, context or browser has been closed
2026-08-10 21:42:36,809 [INFO] Orchestrator: --- Processing Passenger 145/214: PNR 78FCSM, Last Name: VAZ ---
2026-08-10 21:42:36,809 [INFO] src.etihad_scraper: Accessing booking for PNR: 78FCSM, Last Name: VAZ
2026-08-10 21:42:36,820 [ERROR] src.etihad_scraper: Error accessing booking 78FCSM: Page.goto: Target page, context or browser has been closed
2026-08-10 21:42:36,821 [INFO] Orchestrator: --- Processing Passenger 146/214: PNR 78FCSM, Last Name: VAZ ---
2026-08-10 21:42:36,822 [INFO] src.etihad_scraper: Accessing booking for PNR: 78FCSM, Last Name: VAZ
2026-08-10 21:42:36,824 [ERROR] src.etihad_scraper: Error accessing booking 78FCSM: Page.goto: Target page, context or browser has been closed
2026-08-10 21:42:36,825 [INFO] Orchestrator: --- Processing Passenger 147/214: PNR 78FCSM, Last Name: VAZ ---
2026-08-10 21:42:36,825 [INFO] src.etihad_scraper: Accessing booking for PNR: 78FCSM, Last Name: VAZ
2026-08-10 21:42:36,887 [ERROR] src.etihad_scraper: Error accessing booking 78FCSM: Page.goto: Target page, context or browser has been closed
2026-08-10 21:42:36,888 [INFO] Orchestrator: --- Processing Passenger 148/214: PNR 78FCSM, Last Name: VAZ ---
2026-08-10 21:42:36,889 [INFO] src.etihad_scraper: Accessing booking for PNR: 78FCSM, Last Name: VAZ
2026-08-10 21:42:36,921 [ERROR] src.etihad_scraper: Error accessing booking 78FCSM: Page.goto: Target page, context or browser has been closed
2026-08-10 21:42:36,935 [INFO] Orchestrator: --- Processing Passenger 149/214: PNR 78FCSM, Last Name: VAZ ---
2026-08-10 21:42:36,936 [INFO] src.etihad_scraper: Accessing booking for PNR: 78FCSM, Last Name: VAZ
2026-08-10 21:42:36,945 [ERROR] src.etihad_scraper: Error accessing booking 78FCSM: Page.goto: Target page, context or browser has been closed
2026-08-10 21:42:36,945 [INFO] Orchestrator: --- Processing Passenger 150/214: PNR 7LHLZJ, Last Name: CHAN ---
2026-08-10 21:42:36,946 [INFO] src.etihad_scraper: Accessing booking for PNR: 7LHLZJ, Last Name: CHAN
2026-08-10 21:42:36,949 [ERROR] src.etihad_scraper: Error accessing booking 7LHLZJ: Page.goto: Target page, context or browser has been closed
2026-08-10 21:42:36,949 [INFO] Orchestrator: --- Processing Passenger 151/214: PNR XROMN7, Last Name: DOS SANTOS ---
2026-08-10 21:42:36,950 [INFO] src.etihad_scraper: Accessing booking for PNR: XROMN7, Last Name: DOS SANTOS
2026-08-10 21:42:36,955 [ERROR] src.etihad_scraper: Error accessing booking XROMN7: Page.goto: Target page, context or browser has been closed
2026-08-10 21:42:36,956 [INFO] Orchestrator: --- Processing Passenger 152/214: PNR 83GOMN, Last Name: KOERNER ---
2026-08-10 21:42:36,956 [INFO] src.etihad_scraper: Accessing booking for PNR: 83GOMN, Last Name: KOERNER
2026-08-10 21:42:36,959 [ERROR] src.etihad_scraper: Error accessing booking 83GOMN: Page.goto: Target page, context or browser has been closed
2026-08-10 21:42:36,960 [INFO] Orchestrator: --- Processing Passenger 153/214: PNR Y3VF8J, Last Name: KRISTIANSEN ---
2026-08-10 21:42:36,961 [INFO] src.etihad_scraper: Accessing booking for PNR: Y3VF8J, Last Name: KRISTIANSEN
2026-08-10 21:42:36,963 [ERROR] src.etihad_scraper: Error accessing booking Y3VF8J: Page.goto: Target page, context or browser has been closed
2026-08-10 21:42:36,964 [INFO] Orchestrator: --- Processing Passenger 154/214: PNR Y3VF8J, Last Name: KRISTIANSEN ---
2026-08-10 21:42:36,964 [INFO] src.etihad_scraper: Accessing booking for PNR: Y3VF8J, Last Name: KRISTIANSEN
2026-08-10 21:42:36,968 [ERROR] src.etihad_scraper: Error accessing booking Y3VF8J: Page.goto: Target page, context or browser has been closed
2026-08-10 21:42:36,969 [INFO] Orchestrator: --- Processing Passenger 155/214: PNR EY74YP, Last Name: MAEMURA ---
2026-08-10 21:42:36,969 [INFO] src.etihad_scraper: Accessing booking for PNR: EY74YP, Last Name: MAEMURA
2026-08-10 21:42:36,975 [ERROR] src.etihad_scraper: Error accessing booking EY74YP: Page.goto: Target page, context or browser has been closed
2026-08-10 21:42:36,976 [INFO] Orchestrator: --- Processing Passenger 156/214: PNR BLFGM5, Last Name: ROBERTS ---
2026-08-10 21:42:36,976 [INFO] src.etihad_scraper: Accessing booking for PNR: BLFGM5, Last Name: ROBERTS
2026-08-10 21:42:36,979 [ERROR] src.etihad_scraper: Error accessing booking BLFGM5: Page.goto: Target page, context or browser has been closed
2026-08-10 21:42:36,980 [INFO] Orchestrator: --- Processing Passenger 157/214: PNR EY6RA4, Last Name: SAKAMOTO ---
2026-08-10 21:42:36,980 [INFO] src.etihad_scraper: Accessing booking for PNR: EY6RA4, Last Name: SAKAMOTO
2026-08-10 21:42:36,982 [ERROR] src.etihad_scraper: Error accessing booking EY6RA4: Page.goto: Target page, context or browser has been closed
2026-08-10 21:42:36,983 [INFO] Orchestrator: --- Processing Passenger 158/214: PNR E6K9GG, Last Name: TAKAGI ---
2026-08-10 21:42:36,984 [INFO] src.etihad_scraper: Accessing booking for PNR: E6K9GG, Last Name: TAKAGI
2026-08-10 21:42:36,999 [ERROR] src.etihad_scraper: Error accessing booking E6K9GG: Page.goto: Target page, context or browser has been closed
2026-08-10 21:42:36,999 [INFO] Orchestrator: --- Processing Passenger 159/214: PNR Y3VF8J, Last Name: THORSEN MEYER ---
2026-08-10 21:42:37,000 [INFO] src.etihad_scraper: Accessing booking for PNR: Y3VF8J, Last Name: THORSEN MEYER
2026-08-10 21:42:37,004 [ERROR] src.etihad_scraper: Error accessing booking Y3VF8J: Page.goto: Target page, context or browser has been closed
2026-08-10 21:42:37,005 [INFO] Orchestrator: --- Processing Passenger 160/214: PNR 9VPT7U, Last Name: TORRES MARTIN ---
2026-08-10 21:42:37,005 [INFO] src.etihad_scraper: Accessing booking for PNR: 9VPT7U, Last Name: TORRES MARTIN
2026-08-10 21:42:37,025 [ERROR] src.etihad_scraper: Error accessing booking 9VPT7U: Page.goto: Target page, context or browser has been closed
2026-08-10 21:42:37,027 [INFO] Orchestrator: --- Processing Passenger 161/214: PNR XNDYE6, Last Name: TSUYUKI ---
2026-08-10 21:42:37,027 [INFO] src.etihad_scraper: Accessing booking for PNR: XNDYE6, Last Name: TSUYUKI
2026-08-10 21:42:37,039 [ERROR] src.etihad_scraper: Error accessing booking XNDYE6: Page.goto: Target page, context or browser has been closed
2026-08-10 21:42:37,040 [INFO] Orchestrator: --- Processing Passenger 162/214: PNR DYZPDV, Last Name: WATANABE ---
2026-08-10 21:42:37,040 [INFO] src.etihad_scraper: Accessing booking for PNR: DYZPDV, Last Name: WATANABE
2026-08-10 21:42:37,046 [ERROR] src.etihad_scraper: Error accessing booking DYZPDV: Page.goto: Target page, context or browser has been closed
2026-08-10 21:42:37,047 [INFO] Orchestrator: --- Processing Passenger 163/214: PNR DYZPDV, Last Name: WATANABE ---
2026-08-10 21:42:37,047 [INFO] src.etihad_scraper: Accessing booking for PNR: DYZPDV, Last Name: WATANABE
2026-08-10 21:42:37,050 [ERROR] src.etihad_scraper: Error accessing booking DYZPDV: Page.goto: Target page, context or browser has been closed
2026-08-10 21:42:37,052 [INFO] Orchestrator: --- Processing Passenger 164/214: PNR DYZPDV, Last Name: WATANABE ---
2026-08-10 21:42:37,052 [INFO] src.etihad_scraper: Accessing booking for PNR: DYZPDV, Last Name: WATANABE
2026-08-10 21:42:37,055 [ERROR] src.etihad_scraper: Error accessing booking DYZPDV: Page.goto: Target page, context or browser has been closed
2026-08-10 21:42:37,056 [INFO] Orchestrator: --- Processing Passenger 165/214: PNR EY755Y, Last Name: YAMAMOTO ---
2026-08-10 21:42:37,056 [INFO] src.etihad_scraper: Accessing booking for PNR: EY755Y, Last Name: YAMAMOTO
2026-08-10 21:42:37,059 [ERROR] src.etihad_scraper: Error accessing booking EY755Y: Page.goto: Target page, context or browser has been closed
2026-08-10 21:42:37,060 [INFO] Orchestrator: --- Processing Passenger 166/214: PNR 8BFP86, Last Name: ALAHMARI ---
2026-08-10 21:42:37,060 [INFO] src.etihad_scraper: Accessing booking for PNR: 8BFP86, Last Name: ALAHMARI
2026-08-10 21:42:37,062 [ERROR] src.etihad_scraper: Error accessing booking 8BFP86: Page.goto: Target page, context or browser has been closed
2026-08-10 21:42:37,063 [INFO] Orchestrator: --- Processing Passenger 167/214: PNR 9ZKLOG, Last Name: ALVAREZ PINEIRO ---
2026-08-10 21:42:37,063 [INFO] src.etihad_scraper: Accessing booking for PNR: 9ZKLOG, Last Name: ALVAREZ PINEIRO
2026-08-10 21:42:37,066 [ERROR] src.etihad_scraper: Error accessing booking 9ZKLOG: Page.goto: Target page, context or browser has been closed
2026-08-10 21:42:37,067 [INFO] Orchestrator: --- Processing Passenger 168/214: PNR 7G88EP, Last Name: ARCAK ---
2026-08-10 21:42:37,067 [INFO] src.etihad_scraper: Accessing booking for PNR: 7G88EP, Last Name: ARCAK
2026-08-10 21:42:37,071 [ERROR] src.etihad_scraper: Error accessing booking 7G88EP: Page.goto: Target page, context or browser has been closed
2026-08-10 21:42:37,072 [INFO] Orchestrator: --- Processing Passenger 169/214: PNR 7EK6AS, Last Name: CAKAJ ---
2026-08-10 21:42:37,072 [INFO] src.etihad_scraper: Accessing booking for PNR: 7EK6AS, Last Name: CAKAJ
2026-08-10 21:42:37,076 [ERROR] src.etihad_scraper: Error accessing booking 7EK6AS: Page.goto: Target page, context or browser has been closed
2026-08-10 21:42:37,078 [INFO] Orchestrator: --- Processing Passenger 170/214: PNR 7STYEU, Last Name: JENSEN ---
2026-08-10 21:42:37,078 [INFO] src.etihad_scraper: Accessing booking for PNR: 7STYEU, Last Name: JENSEN
2026-08-10 21:42:37,084 [ERROR] src.etihad_scraper: Error accessing booking 7STYEU: Page.goto: Target page, context or browser has been closed
2026-08-10 21:42:37,085 [INFO] Orchestrator: --- Processing Passenger 171/214: PNR YG4NDI, Last Name: KOELLER ---
2026-08-10 21:42:37,085 [INFO] src.etihad_scraper: Accessing booking for PNR: YG4NDI, Last Name: KOELLER
2026-08-10 21:42:37,093 [ERROR] src.etihad_scraper: Error accessing booking YG4NDI: Page.goto: Target page, context or browser has been closed
2026-08-10 21:42:37,093 [INFO] Orchestrator: --- Processing Passenger 172/214: PNR 7SV97U, Last Name: LAPRATH ---
2026-08-10 21:42:37,094 [INFO] src.etihad_scraper: Accessing booking for PNR: 7SV97U, Last Name: LAPRATH
2026-08-10 21:42:37,096 [ERROR] src.etihad_scraper: Error accessing booking 7SV97U: Page.goto: Target page, context or browser has been closed
2026-08-10 21:42:37,097 [INFO] Orchestrator: --- Processing Passenger 173/214: PNR 7OXPFX, Last Name: MISA ---
2026-08-10 21:42:37,097 [INFO] src.etihad_scraper: Accessing booking for PNR: 7OXPFX, Last Name: MISA
2026-08-10 21:42:37,099 [ERROR] src.etihad_scraper: Error accessing booking 7OXPFX: Page.goto: Target page, context or browser has been closed
2026-08-10 21:42:37,100 [INFO] Orchestrator: --- Processing Passenger 174/214: PNR AG5NZG, Last Name: LIU ---
2026-08-10 21:42:37,100 [INFO] src.etihad_scraper: Accessing booking for PNR: AG5NZG, Last Name: LIU
2026-08-10 21:42:37,102 [ERROR] src.etihad_scraper: Error accessing booking AG5NZG: Page.goto: Target page, context or browser has been closed
2026-08-10 21:42:37,103 [INFO] Orchestrator: --- Processing Passenger 175/214: PNR AG5NZG, Last Name: SHEN ---
2026-08-10 21:42:37,103 [INFO] src.etihad_scraper: Accessing booking for PNR: AG5NZG, Last Name: SHEN
2026-08-10 21:42:37,106 [ERROR] src.etihad_scraper: Error accessing booking AG5NZG: Page.goto: Target page, context or browser has been closed
2026-08-10 21:42:37,106 [INFO] Orchestrator: --- Processing Passenger 176/214: PNR AG5NZG, Last Name: SHEN ---
2026-08-10 21:42:37,106 [INFO] src.etihad_scraper: Accessing booking for PNR: AG5NZG, Last Name: SHEN
2026-08-10 21:42:37,109 [ERROR] src.etihad_scraper: Error accessing booking AG5NZG: Page.goto: Target page, context or browser has been closed
2026-08-10 21:42:37,110 [INFO] Orchestrator: --- Processing Passenger 177/214: PNR 78E622, Last Name: KAWAGUCHI ---
2026-08-10 21:42:37,110 [INFO] src.etihad_scraper: Accessing booking for PNR: 78E622, Last Name: KAWAGUCHI
2026-08-10 21:42:37,148 [ERROR] src.etihad_scraper: Error accessing booking 78E622: Page.goto: Target page, context or browser has been closed
2026-08-10 21:42:37,149 [INFO] Orchestrator: --- Processing Passenger 178/214: PNR ZXEPY8, Last Name: KAGA ---
2026-08-10 21:42:37,149 [INFO] src.etihad_scraper: Accessing booking for PNR: ZXEPY8, Last Name: KAGA
2026-08-10 21:42:37,155 [ERROR] src.etihad_scraper: Error accessing booking ZXEPY8: Page.goto: Target page, context or browser has been closed
2026-08-10 21:42:37,156 [INFO] Orchestrator: --- Processing Passenger 179/214: PNR D5BDA5, Last Name: KAJITA ---
2026-08-10 21:42:37,156 [INFO] src.etihad_scraper: Accessing booking for PNR: D5BDA5, Last Name: KAJITA
2026-08-10 21:42:37,158 [ERROR] src.etihad_scraper: Error accessing booking D5BDA5: Page.goto: Target page, context or browser has been closed
2026-08-10 21:42:37,159 [INFO] Orchestrator: --- Processing Passenger 180/214: PNR 7R4UFS, Last Name: SCHOFIELD ---
2026-08-10 21:42:37,159 [INFO] src.etihad_scraper: Accessing booking for PNR: 7R4UFS, Last Name: SCHOFIELD
2026-08-10 21:42:37,162 [ERROR] src.etihad_scraper: Error accessing booking 7R4UFS: Page.goto: Target page, context or browser has been closed
2026-08-10 21:42:37,163 [INFO] Orchestrator: --- Processing Passenger 181/214: PNR D2SFCY, Last Name: TURUSPEKOV ---
2026-08-10 21:42:37,163 [INFO] src.etihad_scraper: Accessing booking for PNR: D2SFCY, Last Name: TURUSPEKOV
2026-08-10 21:42:37,166 [ERROR] src.etihad_scraper: Error accessing booking D2SFCY: Page.goto: Target page, context or browser has been closed
2026-08-10 21:42:37,169 [INFO] Orchestrator: --- Processing Passenger 182/214: PNR 94HKHJ, Last Name: ATIAS ---
2026-08-10 21:42:37,170 [INFO] src.etihad_scraper: Accessing booking for PNR: 94HKHJ, Last Name: ATIAS
2026-08-10 21:42:37,194 [ERROR] src.etihad_scraper: Error accessing booking 94HKHJ: Page.goto: Target page, context or browser has been closed
2026-08-10 21:42:37,195 [INFO] Orchestrator: --- Processing Passenger 183/214: PNR 94HKHJ, Last Name: ATIAS ---
2026-08-10 21:42:37,195 [INFO] src.etihad_scraper: Accessing booking for PNR: 94HKHJ, Last Name: ATIAS
2026-08-10 21:42:37,205 [ERROR] src.etihad_scraper: Error accessing booking 94HKHJ: Page.goto: Target page, context or browser has been closed
2026-08-10 21:42:37,206 [INFO] Orchestrator: --- Processing Passenger 184/214: PNR 8PQZLB, Last Name: CEBELINSKA ---
2026-08-10 21:42:37,206 [INFO] src.etihad_scraper: Accessing booking for PNR: 8PQZLB, Last Name: CEBELINSKA
2026-08-10 21:42:37,236 [ERROR] src.etihad_scraper: Error accessing booking 8PQZLB: Page.goto: Target page, context or browser has been closed
2026-08-10 21:42:37,237 [INFO] Orchestrator: --- Processing Passenger 185/214: PNR 8PQZLB, Last Name: CEBELINSKA ---
2026-08-10 21:42:37,237 [INFO] src.etihad_scraper: Accessing booking for PNR: 8PQZLB, Last Name: CEBELINSKA
2026-08-10 21:42:37,240 [ERROR] src.etihad_scraper: Error accessing booking 8PQZLB: Page.goto: Target page, context or browser has been closed
2026-08-10 21:42:37,241 [INFO] Orchestrator: --- Processing Passenger 186/214: PNR 8PQZLB, Last Name: CEBELINSKI ---
2026-08-10 21:42:37,241 [INFO] src.etihad_scraper: Accessing booking for PNR: 8PQZLB, Last Name: CEBELINSKI
2026-08-10 21:42:37,243 [ERROR] src.etihad_scraper: Error accessing booking 8PQZLB: Page.goto: Target page, context or browser has been closed
2026-08-10 21:42:37,244 [INFO] Orchestrator: --- Processing Passenger 187/214: PNR 8PQZLB, Last Name: CEBELINSKI ---
2026-08-10 21:42:37,244 [INFO] src.etihad_scraper: Accessing booking for PNR: 8PQZLB, Last Name: CEBELINSKI
2026-08-10 21:42:37,246 [ERROR] src.etihad_scraper: Error accessing booking 8PQZLB: Page.goto: Target page, context or browser has been closed
2026-08-10 21:42:37,247 [INFO] Orchestrator: --- Processing Passenger 188/214: PNR 9P35J5, Last Name: DAUNERT ---
2026-08-10 21:42:37,247 [INFO] src.etihad_scraper: Accessing booking for PNR: 9P35J5, Last Name: DAUNERT
2026-08-10 21:42:37,249 [ERROR] src.etihad_scraper: Error accessing booking 9P35J5: Page.goto: Target page, context or browser has been closed
2026-08-10 21:42:37,250 [INFO] Orchestrator: --- Processing Passenger 189/214: PNR 8I8QL2, Last Name: EVARD ---
2026-08-10 21:42:37,250 [INFO] src.etihad_scraper: Accessing booking for PNR: 8I8QL2, Last Name: EVARD
2026-08-10 21:42:37,271 [ERROR] src.etihad_scraper: Error accessing booking 8I8QL2: Page.goto: Target page, context or browser has been closed
2026-08-10 21:42:37,272 [INFO] Orchestrator: --- Processing Passenger 190/214: PNR 8I8QL2, Last Name: EVARD LUQUE ---
2026-08-10 21:42:37,272 [INFO] src.etihad_scraper: Accessing booking for PNR: 8I8QL2, Last Name: EVARD LUQUE
2026-08-10 21:42:37,275 [ERROR] src.etihad_scraper: Error accessing booking 8I8QL2: Page.goto: Target page, context or browser has been closed
2026-08-10 21:42:37,276 [INFO] Orchestrator: --- Processing Passenger 191/214: PNR 9P35J5, Last Name: FUSTER ---
2026-08-10 21:42:37,276 [INFO] src.etihad_scraper: Accessing booking for PNR: 9P35J5, Last Name: FUSTER
2026-08-10 21:42:37,280 [ERROR] src.etihad_scraper: Error accessing booking 9P35J5: Page.goto: Target page, context or browser has been closed
2026-08-10 21:42:37,281 [INFO] Orchestrator: --- Processing Passenger 192/214: PNR 7E4MST, Last Name: GERY ---
2026-08-10 21:42:37,281 [INFO] src.etihad_scraper: Accessing booking for PNR: 7E4MST, Last Name: GERY
2026-08-10 21:42:37,285 [ERROR] src.etihad_scraper: Error accessing booking 7E4MST: Page.goto: Target page, context or browser has been closed
2026-08-10 21:42:37,286 [INFO] Orchestrator: --- Processing Passenger 193/214: PNR FJEUFY, Last Name: NAGATA ---
2026-08-10 21:42:37,286 [INFO] src.etihad_scraper: Accessing booking for PNR: FJEUFY, Last Name: NAGATA
2026-08-10 21:42:37,315 [ERROR] src.etihad_scraper: Error accessing booking FJEUFY: Page.goto: Target page, context or browser has been closed
2026-08-10 21:42:37,316 [INFO] Orchestrator: --- Processing Passenger 194/214: PNR 7P44PL, Last Name: NAIKI ---
2026-08-10 21:42:37,316 [INFO] src.etihad_scraper: Accessing booking for PNR: 7P44PL, Last Name: NAIKI
2026-08-10 21:42:37,320 [ERROR] src.etihad_scraper: Error accessing booking 7P44PL: Page.goto: Target page, context or browser has been closed
2026-08-10 21:42:37,321 [INFO] Orchestrator: --- Processing Passenger 195/214: PNR 9GLOL5, Last Name: PRICE ---
2026-08-10 21:42:37,321 [INFO] src.etihad_scraper: Accessing booking for PNR: 9GLOL5, Last Name: PRICE
2026-08-10 21:42:37,330 [ERROR] src.etihad_scraper: Error accessing booking 9GLOL5: Page.goto: Target page, context or browser has been closed
2026-08-10 21:42:37,331 [INFO] Orchestrator: --- Processing Passenger 196/214: PNR 9GLOL5, Last Name: PRICE ROWLANDS ---
2026-08-10 21:42:37,331 [INFO] src.etihad_scraper: Accessing booking for PNR: 9GLOL5, Last Name: PRICE ROWLANDS
2026-08-10 21:42:37,355 [ERROR] src.etihad_scraper: Error accessing booking 9GLOL5: Page.goto: Target page, context or browser has been closed
2026-08-10 21:42:37,356 [INFO] Orchestrator: --- Processing Passenger 197/214: PNR 9GLOL5, Last Name: PRICE ROWLANDS ---
2026-08-10 21:42:37,356 [INFO] src.etihad_scraper: Accessing booking for PNR: 9GLOL5, Last Name: PRICE ROWLANDS
2026-08-10 21:42:37,361 [ERROR] src.etihad_scraper: Error accessing booking 9GLOL5: Page.goto: Target page, context or browser has been closed
2026-08-10 21:42:37,361 [INFO] Orchestrator: --- Processing Passenger 198/214: PNR 9GLOL5, Last Name: PRICE ROWLANDS ---
2026-08-10 21:42:37,362 [INFO] src.etihad_scraper: Accessing booking for PNR: 9GLOL5, Last Name: PRICE ROWLANDS
2026-08-10 21:42:37,366 [ERROR] src.etihad_scraper: Error accessing booking 9GLOL5: Page.goto: Target page, context or browser has been closed
2026-08-10 21:42:37,367 [INFO] Orchestrator: --- Processing Passenger 199/214: PNR 9GLOL5, Last Name: ROWLANDS ---
2026-08-10 21:42:37,368 [INFO] src.etihad_scraper: Accessing booking for PNR: 9GLOL5, Last Name: ROWLANDS
2026-08-10 21:42:37,370 [ERROR] src.etihad_scraper: Error accessing booking 9GLOL5: Page.goto: Target page, context or browser has been closed
2026-08-10 21:42:37,371 [INFO] Orchestrator: --- Processing Passenger 200/214: PNR YG4NDI, Last Name: SHREEKUMAR ---
2026-08-10 21:42:37,371 [INFO] src.etihad_scraper: Accessing booking for PNR: YG4NDI, Last Name: SHREEKUMAR
2026-08-10 21:42:37,377 [ERROR] src.etihad_scraper: Error accessing booking YG4NDI: Page.goto: Target page, context or browser has been closed
2026-08-10 21:42:37,378 [INFO] Orchestrator: --- Processing Passenger 201/214: PNR 9KI5U2, Last Name: STALDER ---
2026-08-10 21:42:37,378 [INFO] src.etihad_scraper: Accessing booking for PNR: 9KI5U2, Last Name: STALDER
2026-08-10 21:42:37,381 [ERROR] src.etihad_scraper: Error accessing booking 9KI5U2: Page.goto: Target page, context or browser has been closed
2026-08-10 21:42:37,382 [INFO] Orchestrator: --- Processing Passenger 202/214: PNR 9KI5U2, Last Name: STALDER ---
2026-08-10 21:42:37,383 [INFO] src.etihad_scraper: Accessing booking for PNR: 9KI5U2, Last Name: STALDER
2026-08-10 21:42:37,387 [ERROR] src.etihad_scraper: Error accessing booking 9KI5U2: Page.goto: Target page, context or browser has been closed
2026-08-10 21:42:37,387 [INFO] Orchestrator: --- Processing Passenger 203/214: PNR 9KI5U2, Last Name: STALDER KRENN ---
2026-08-10 21:42:37,388 [INFO] src.etihad_scraper: Accessing booking for PNR: 9KI5U2, Last Name: STALDER KRENN
2026-08-10 21:42:37,392 [ERROR] src.etihad_scraper: Error accessing booking 9KI5U2: Page.goto: Target page, context or browser has been closed
2026-08-10 21:42:37,393 [INFO] Orchestrator: --- Processing Passenger 204/214: PNR YG4NDI, Last Name: THORUP ---
2026-08-10 21:42:37,393 [INFO] src.etihad_scraper: Accessing booking for PNR: YG4NDI, Last Name: THORUP
2026-08-10 21:42:37,396 [ERROR] src.etihad_scraper: Error accessing booking YG4NDI: Page.goto: Target page, context or browser has been closed
2026-08-10 21:42:37,397 [INFO] Orchestrator: --- Processing Passenger 205/214: PNR 7SU64W, Last Name: WINTHER ---
2026-08-10 21:42:37,397 [INFO] src.etihad_scraper: Accessing booking for PNR: 7SU64W, Last Name: WINTHER
2026-08-10 21:42:37,401 [ERROR] src.etihad_scraper: Error accessing booking 7SU64W: Page.goto: Target page, context or browser has been closed
2026-08-10 21:42:37,402 [INFO] Orchestrator: --- Processing Passenger 206/214: PNR 70XPEX, Last Name: YUYA ---
2026-08-10 21:42:37,403 [INFO] src.etihad_scraper: Accessing booking for PNR: 70XPEX, Last Name: YUYA
2026-08-10 21:42:37,414 [ERROR] src.etihad_scraper: Error accessing booking 70XPEX: Page.goto: Target page, context or browser has been closed
2026-08-10 21:42:37,415 [INFO] Orchestrator: --- Processing Passenger 207/214: PNR 8VB6NA, Last Name: ALDOROTY ---
2026-08-10 21:42:37,415 [INFO] src.etihad_scraper: Accessing booking for PNR: 8VB6NA, Last Name: ALDOROTY
2026-08-10 21:42:37,419 [ERROR] src.etihad_scraper: Error accessing booking 8VB6NA: Page.goto: Target page, context or browser has been closed
2026-08-10 21:42:37,420 [INFO] Orchestrator: --- Processing Passenger 208/214: PNR 8V5F84, Last Name: BAR ON ---
2026-08-10 21:42:37,420 [INFO] src.etihad_scraper: Accessing booking for PNR: 8V5F84, Last Name: BAR ON
2026-08-10 21:42:37,439 [ERROR] src.etihad_scraper: Error accessing booking 8V5F84: Page.goto: Target page, context or browser has been closed
2026-08-10 21:42:37,440 [INFO] Orchestrator: --- Processing Passenger 209/214: PNR 7WASZ8, Last Name: BETANT RASMUSSEN ---
2026-08-10 21:42:37,441 [INFO] src.etihad_scraper: Accessing booking for PNR: 7WASZ8, Last Name: BETANT RASMUSSEN
2026-08-10 21:42:37,447 [ERROR] src.etihad_scraper: Error accessing booking 7WASZ8: Page.goto: Target page, context or browser has been closed
2026-08-10 21:42:37,448 [INFO] Orchestrator: --- Processing Passenger 210/214: PNR 75REEV, Last Name: BORRELL AVILA ---
2026-08-10 21:42:37,448 [INFO] src.etihad_scraper: Accessing booking for PNR: 75REEV, Last Name: BORRELL AVILA
2026-08-10 21:42:37,452 [ERROR] src.etihad_scraper: Error accessing booking 75REEV: Page.goto: Target page, context or browser has been closed
2026-08-10 21:42:37,453 [INFO] Orchestrator: --- Processing Passenger 211/214: PNR 75REEV, Last Name: BORRELL PERALTA ---
2026-08-10 21:42:37,463 [INFO] src.etihad_scraper: Accessing booking for PNR: 75REEV, Last Name: BORRELL PERALTA
2026-08-10 21:42:37,466 [ERROR] src.etihad_scraper: Error accessing booking 75REEV: Page.goto: Target page, context or browser has been closed
2026-08-10 21:42:37,466 [INFO] Orchestrator: --- Processing Passenger 212/214: PNR 75REEV, Last Name: BORRELL PERALTA ---
2026-08-10 21:42:37,467 [INFO] src.etihad_scraper: Accessing booking for PNR: 75REEV, Last Name: BORRELL PERALTA
2026-08-10 21:42:37,471 [ERROR] src.etihad_scraper: Error accessing booking 75REEV: Page.goto: Target page, context or browser has been closed
2026-08-10 21:42:37,472 [INFO] Orchestrator: --- Processing Passenger 213/214: PNR YIZQ2S, Last Name: DECRUCQ ---
2026-08-10 21:42:37,472 [INFO] src.etihad_scraper: Accessing booking for PNR: YIZQ2S, Last Name: DECRUCQ
2026-08-10 21:42:37,478 [ERROR] src.etihad_scraper: Error accessing booking YIZQ2S: Page.goto: Target page, context or browser has been closed
2026-08-10 21:42:37,479 [INFO] Orchestrator: --- Processing Passenger 214/214: PNR YIZQ2S, Last Name: DECRUCQ ---
2026-08-10 21:42:37,479 [INFO] src.etihad_scraper: Accessing booking for PNR: YIZQ2S, Last Name: DECRUCQ
2026-08-10 21:42:37,496 [ERROR] src.etihad_scraper: Error accessing booking YIZQ2S: Page.goto: Target page, context or browser has been closed
2026-08-10 21:46:01,361 [INFO] src.etihad_scraper: Starting Playwright browser for Etihad Scraper...
2026-08-10 21:46:04,667 [INFO] src.etihad_scraper: Accessing booking for PNR: DSSP38, Last Name: JUDES
2026-08-10 21:46:40,800 [INFO] src.etihad_scraper: Successfully accessed booking for PNR: DSSP38
2026-08-10 21:46:40,800 [INFO] TestEmailUpdate: Access success. Attempting to click edit contact details...
2026-08-10 21:46:43,188 [INFO] TestEmailUpdate: Saved details page screenshot.
2026-08-10 21:46:43,276 [WARNING] TestEmailUpdate: Edit contact details button not found directly.
2026-08-10 21:46:45,554 [INFO] src.etihad_scraper: Etihad Scraper stopped.
2026-08-10 21:47:22,994 [INFO] src.etihad_scraper: Starting Playwright browser for Etihad Scraper...
2026-08-10 21:47:26,686 [INFO] src.etihad_scraper: Accessing booking for PNR: DSSP38, Last Name: JUDES
2026-08-10 21:48:14,733 [INFO] src.etihad_scraper: Successfully accessed booking for PNR: DSSP38
2026-08-10 21:48:14,734 [INFO] TestEmailUpdate: Access success. Attempting to click edit contact details...
2026-08-10 21:48:36,174 [INFO] TestEmailUpdate: Saved details page screenshot.
2026-08-10 21:48:36,174 [INFO] TestEmailUpdate: Clicking passenger details card to expand...
2026-08-10 21:48:36,187 [ERROR] TestEmailUpdate: Error: Locator.click: Unexpected token "=" while parsing css selector "[class*='passenger-card'], .passenger-details, RJ, text=Ruthms Judes, [class*='Passenger']". Did you mean to CSS.escape it?
Call log:
  - waiting for [class*='passenger-card'], .passenger-details, RJ, text=Ruthms Judes, [class*='Passenger'] >> nth=0
Traceback (most recent call last):
  File "D:\etihad airways\test_etihad_email.py", line 25, in run_test
    passenger_row.click()
    ~~~~~~~~~~~~~~~~~~~^^
  File "C:\Users\IC\AppData\Local\Python\pythoncore-3.14-64\Lib\site-packages\playwright\sync_api\_generated.py", line 17876, in click
    self._sync(
    ~~~~~~~~~~^
        self._impl_obj.click(
        ^^^^^^^^^^^^^^^^^^^^^
    ...<11 lines>...
        )
        ^
    )
    ^
  File "C:\Users\IC\AppData\Local\Python\pythoncore-3.14-64\Lib\site-packages\playwright\_impl\_sync_base.py", line 115, in _sync
    return task.result()
           ~~~~~~~~~~~^^
  File "C:\Users\IC\AppData\Local\Python\pythoncore-3.14-64\Lib\site-packages\playwright\_impl\_locator.py", line 165, in click
    return await self._frame._click(self._selector, strict=True, **params)
           ^^^^^^^^^^^^^^^^^^^^^^^^^^^^^^^^^^^^^^^^^^^^^^^^^^^^^^^^^^^^^^^
  File "C:\Users\IC\AppData\Local\Python\pythoncore-3.14-64\Lib\site-packages\playwright\_impl\_frame.py", line 593, in _click
    await self._channel.send("click", self._timeout, locals_to_params(locals()))
  File "C:\Users\IC\AppData\Local\Python\pythoncore-3.14-64\Lib\site-packages\playwright\_impl\_connection.py", line 76, in send
    return await self._connection.wrap_api_call(
           ^^^^^^^^^^^^^^^^^^^^^^^^^^^^^^^^^^^^^
    ...<3 lines>...
    )
    ^
  File "C:\Users\IC\AppData\Local\Python\pythoncore-3.14-64\Lib\site-packages\playwright\_impl\_connection.py", line 632, in wrap_api_call
    raise rewrite_error(error, f"{parsed_st['apiName']}: {error}") from None
playwright._impl._errors.Error: Locator.click: Unexpected token "=" while parsing css selector "[class*='passenger-card'], .passenger-details, RJ, text=Ruthms Judes, [class*='Passenger']". Did you mean to CSS.escape it?
Call log:
  - waiting for [class*='passenger-card'], .passenger-details, RJ, text=Ruthms Judes, [class*='Passenger'] >> nth=0

2026-08-10 21:49:03,602 [INFO] src.etihad_scraper: Etihad Scraper stopped.
2026-08-10 21:49:43,103 [INFO] src.etihad_scraper: Starting Playwright browser for Etihad Scraper...
2026-08-10 21:49:53,078 [INFO] src.etihad_scraper: Accessing booking for PNR: DSSP38, Last Name: JUDES
2026-08-10 21:51:25,044 [WARNING] src.etihad_scraper: Failed to access booking for PNR: DSSP38 (Timeout waiting for details to load)
2026-08-10 21:51:36,517 [INFO] src.etihad_scraper: Etihad Scraper stopped.
2026-08-10 21:52:42,742 [INFO] src.etihad_scraper: Starting Playwright browser for Etihad Scraper...
2026-08-10 21:52:48,414 [INFO] src.etihad_scraper: Accessing booking for PNR: DSSP38, Last Name: JUDES
2026-08-10 21:53:33,438 [ERROR] src.etihad_scraper: Error accessing booking DSSP38: Page.goto: Timeout 45000ms exceeded.
Call log:
  - navigating to "https://www.etihad.com/en-in/manage", waiting until "domcontentloaded"

2026-08-10 21:54:00,867 [INFO] src.etihad_scraper: Etihad Scraper stopped.
2026-08-10 21:55:32,786 [INFO] src.etihad_scraper: Starting Playwright browser for Etihad Scraper...
2026-08-10 21:57:01,839 [INFO] src.etihad_scraper: Accessing booking for PNR: DSSP38, Last Name: JUDES
2026-08-10 21:58:38,199 [WARNING] src.etihad_scraper: Failed to access booking for PNR: DSSP38 (Timeout waiting for details to load)
2026-08-10 21:59:07,685 [INFO] src.etihad_scraper: Etihad Scraper stopped.
2026-08-10 21:59:56,498 [INFO] src.etihad_scraper: Starting Playwright browser for Etihad Scraper...
2026-08-10 22:00:01,255 [INFO] src.etihad_scraper: Accessing booking for PNR: DSSP38, Last Name: JUDES
2026-08-10 22:01:01,503 [INFO] src.etihad_scraper: Successfully accessed booking for PNR: DSSP38
2026-08-10 22:01:01,504 [INFO] TestEmailUpdate: Access success. Attempting to click edit contact details...
2026-08-10 22:01:06,783 [INFO] TestEmailUpdate: Saved details page screenshot.
2026-08-10 22:01:06,784 [INFO] TestEmailUpdate: Clicking passenger details card to expand...
2026-08-10 22:01:51,825 [ERROR] TestEmailUpdate: Error: Locator.click: Timeout 45000ms exceeded.
Call log:
  - waiting for locator("text=JUDES").first
    - locator resolved to <p class="ey-font__medium--small ey-text-subtle ey-text-ellipsis"> Ruthms Judes</p>
  - attempting click action
    2 × waiting for element to be visible, enabled and stable
      - element is visible, enabled and stable
      - scrolling into view if needed
      - done scrolling
      - <label tabindex="0" id="label-0-PT1" for="tab-group-0-PT1">…</label> intercepts pointer events
    - retrying click action
    - waiting 20ms
    2 × waiting for element to be visible, enabled and stable
      - element is visible, enabled and stable
      - scrolling into view if needed
      - done scrolling
      - <label tabindex="0" id="label-0-PT1" for="tab-group-0-PT1">…</label> intercepts pointer events
    - retrying click action
      - waiting 100ms
    65 × waiting for element to be visible, enabled and stable
       - element is visible, enabled and stable
       - scrolling into view if needed
       - done scrolling
       - <label tabindex="0" id="label-0-PT1" for="tab-group-0-PT1">…</label> intercepts pointer events
     - retrying click action
       - waiting 500ms
Traceback (most recent call last):
  File "D:\etihad airways\test_etihad_email.py", line 25, in run_test
    passenger_row.click()
    ~~~~~~~~~~~~~~~~~~~^^
  File "C:\Users\IC\AppData\Local\Python\pythoncore-3.14-64\Lib\site-packages\playwright\sync_api\_generated.py", line 17876, in click
    self._sync(
    ~~~~~~~~~~^
        self._impl_obj.click(
        ^^^^^^^^^^^^^^^^^^^^^
    ...<11 lines>...
        )
        ^
    )
    ^
  File "C:\Users\IC\AppData\Local\Python\pythoncore-3.14-64\Lib\site-packages\playwright\_impl\_sync_base.py", line 115, in _sync
    return task.result()
           ~~~~~~~~~~~^^
  File "C:\Users\IC\AppData\Local\Python\pythoncore-3.14-64\Lib\site-packages\playwright\_impl\_locator.py", line 165, in click
    return await self._frame._click(self._selector, strict=True, **params)
           ^^^^^^^^^^^^^^^^^^^^^^^^^^^^^^^^^^^^^^^^^^^^^^^^^^^^^^^^^^^^^^^
  File "C:\Users\IC\AppData\Local\Python\pythoncore-3.14-64\Lib\site-packages\playwright\_impl\_frame.py", line 593, in _click
    await self._channel.send("click", self._timeout, locals_to_params(locals()))
  File "C:\Users\IC\AppData\Local\Python\pythoncore-3.14-64\Lib\site-packages\playwright\_impl\_connection.py", line 76, in send
    return await self._connection.wrap_api_call(
           ^^^^^^^^^^^^^^^^^^^^^^^^^^^^^^^^^^^^^
    ...<3 lines>...
    )
    ^
  File "C:\Users\IC\AppData\Local\Python\pythoncore-3.14-64\Lib\site-packages\playwright\_impl\_connection.py", line 632, in wrap_api_call
    raise rewrite_error(error, f"{parsed_st['apiName']}: {error}") from None
playwright._impl._errors.TimeoutError: Locator.click: Timeout 45000ms exceeded.
Call log:
  - waiting for locator("text=JUDES").first
    - locator resolved to <p class="ey-font__medium--small ey-text-subtle ey-text-ellipsis"> Ruthms Judes</p>
  - attempting click action
    2 × waiting for element to be visible, enabled and stable
      - element is visible, enabled and stable
      - scrolling into view if needed
      - done scrolling
      - <label tabindex="0" id="label-0-PT1" for="tab-group-0-PT1">…</label> intercepts pointer events
    - retrying click action
    - waiting 20ms
    2 × waiting for element to be visible, enabled and stable
      - element is visible, enabled and stable
      - scrolling into view if needed
      - done scrolling
      - <label tabindex="0" id="label-0-PT1" for="tab-group-0-PT1">…</label> intercepts pointer events
    - retrying click action
      - waiting 100ms
    65 × waiting for element to be visible, enabled and stable
       - element is visible, enabled and stable
       - scrolling into view if needed
       - done scrolling
       - <label tabindex="0" id="label-0-PT1" for="tab-group-0-PT1">…</label> intercepts pointer events
     - retrying click action
       - waiting 500ms

2026-08-10 22:01:55,943 [INFO] src.etihad_scraper: Etihad Scraper stopped.
2026-08-10 22:02:41,132 [INFO] src.etihad_scraper: Starting Playwright browser for Etihad Scraper...
2026-08-10 22:02:45,012 [INFO] src.etihad_scraper: Accessing booking for PNR: DSSP38, Last Name: JUDES
2026-08-10 22:03:20,489 [INFO] src.etihad_scraper: Successfully accessed booking for PNR: DSSP38
2026-08-10 22:03:20,489 [INFO] TestEmailUpdate: Access success. Attempting to click edit contact details...
2026-08-10 22:03:22,958 [INFO] TestEmailUpdate: Saved details page screenshot.
2026-08-10 22:03:22,958 [INFO] TestEmailUpdate: Clicking passenger details card to expand...
2026-08-10 22:03:30,588 [INFO] TestEmailUpdate: Saved expanded details screenshot to etihad_details_expanded.png
2026-08-10 22:03:30,641 [WARNING] TestEmailUpdate: Edit details button not found in expanded card.
2026-08-10 22:03:41,716 [INFO] src.etihad_scraper: Etihad Scraper stopped.
2026-08-10 22:05:28,919 [INFO] TestSaudia: Starting Saudia signup test...
2026-08-10 22:05:29,312 [WARNING] src.temp_mail: Attempt 1 to generate email failed: HTTPSConnectionPool(host='www.1secmail.com', port=443): Max retries exceeded with url: /api/v1/?action=genRandomMailbox&count=1 (Caused by NameResolutionError("HTTPSConnection(host='www.1secmail.com', port=443): Failed to resolve 'www.1secmail.com' ([Errno 11002] getaddrinfo failed)"))
2026-08-10 22:05:31,317 [WARNING] src.temp_mail: Attempt 2 to generate email failed: HTTPSConnectionPool(host='www.1secmail.com', port=443): Max retries exceeded with url: /api/v1/?action=genRandomMailbox&count=1 (Caused by NameResolutionError("HTTPSConnection(host='www.1secmail.com', port=443): Failed to resolve 'www.1secmail.com' ([Errno 11002] getaddrinfo failed)"))
2026-08-10 22:05:34,126 [INFO] src.temp_mail: Generated fallback temp email offline: s34r7ovvpu@1secmail.com
2026-08-10 22:05:34,126 [INFO] TestSaudia: Details: {'passenger_name': 'Test Passenger', 'passport': 'G0921769', 'dob': '04/03/1980', 'mobile': '8170631672'}
2026-08-10 22:05:34,127 [INFO] TestSaudia: Email: s34r7ovvpu+0@1secmail.com, Password: Dreams@1003
2026-08-10 22:05:34,127 [INFO] src.saudia_signup: Starting Playwright browser for Saudia registration...
2026-08-10 22:05:38,822 [INFO] TestSaudia: Registering on Saudia...
2026-08-10 22:05:38,823 [INFO] src.saudia_signup: Initiating Saudia membership creation for Test Passenger
2026-08-10 22:06:26,708 [ERROR] src.saudia_signup: Error during Saudia registration: Locator.fill: Timeout 45000ms exceeded.
Call log:
  - waiting for locator("input[name='firstName'], input#firstName")
    - waiting for "https://www.saudia.com/" navigation to finish...
    - navigated to "https://www.saudia.com/"

2026-08-10 22:06:26,708 [INFO] TestSaudia: Signup submitted. Status: None
2026-08-10 22:06:27,418 [INFO] TestSaudia: Saved signup step screenshot to saudia_signup_step.png
2026-08-10 22:06:31,381 [INFO] src.saudia_signup: Saudia Sign-up Manager stopped.
2026-08-10 22:17:58,350 [INFO] TestSaudia: Starting Saudia signup test...
2026-08-10 22:18:01,853 [INFO] src.temp_mail: Generated fallback temp email offline: 8rkrl1thim@1secmail.com
2026-08-10 22:18:01,857 [INFO] TestSaudia: Details: {'passenger_name': 'Test Passenger', 'passport': 'B7566909', 'dob': '05/10/2000', 'mobile': '7918365091'}
2026-08-10 22:18:01,858 [INFO] TestSaudia: Email: 8rkrl1thim+0@1secmail.com, Password: Dreams@1003
2026-08-10 22:18:01,858 [INFO] src.saudia_signup: Starting Playwright browser for Saudia registration...
2026-08-10 22:18:06,566 [INFO] TestSaudia: Registering on Saudia...
2026-08-10 22:18:06,567 [INFO] src.saudia_signup: Initiating Saudia membership creation for Test Passenger
2026-08-10 22:18:57,012 [ERROR] src.saudia_signup: Error during Saudia registration: Locator.fill: Timeout 45000ms exceeded.
Call log:
  - waiting for locator("input[name='firstName'], input#firstName")
    - waiting for "https://www.saudia.com/" navigation to finish...
    - navigated to "https://www.saudia.com/"

2026-08-10 22:18:57,013 [INFO] TestSaudia: Signup submitted. Status: None
2026-08-10 22:18:57,785 [INFO] TestSaudia: Saved signup step screenshot to saudia_signup_step.png
2026-08-10 22:19:36,947 [INFO] src.saudia_signup: Saudia Sign-up Manager stopped.
2026-08-10 22:23:06,017 [INFO] TestSaudia: Starting Saudia signup test...
2026-08-10 22:23:16,046 [WARNING] src.temp_mail: Attempt 1 to generate email failed: HTTPSConnectionPool(host='www.1secmail.com', port=443): Max retries exceeded with url: /api/v1/?action=genRandomMailbox&count=1 (Caused by ConnectTimeoutError(<HTTPSConnection(host='www.1secmail.com', port=443) at 0x1df3daac980>, 'Connection to www.1secmail.com timed out. (connect timeout=10)'))
2026-08-10 22:23:28,062 [WARNING] src.temp_mail: Attempt 2 to generate email failed: HTTPSConnectionPool(host='www.1secmail.com', port=443): Max retries exceeded with url: /api/v1/?action=genRandomMailbox&count=1 (Caused by ConnectTimeoutError(<HTTPSConnection(host='www.1secmail.com', port=443) at 0x1df3da17750>, 'Connection to www.1secmail.com timed out. (connect timeout=10)'))
2026-08-10 22:23:41,511 [WARNING] src.temp_mail: Attempt 3 to generate email failed: HTTPSConnectionPool(host='www.1secmail.com', port=443): Max retries exceeded with url: /api/v1/?action=genRandomMailbox&count=1 (Caused by ConnectTimeoutError(<HTTPSConnection(host='www.1secmail.com', port=443) at 0x1df3dac4050>, 'Connection to www.1secmail.com timed out. (connect timeout=10)'))
2026-08-10 22:23:43,514 [INFO] src.temp_mail: Generated fallback temp email offline: 0a9kic41bp@1secmail.com
2026-08-10 22:23:43,520 [INFO] TestSaudia: Details: {'passenger_name': 'Test Passenger', 'passport': 'C6372403', 'dob': '27/12/1998', 'mobile': '8622275732'}
2026-08-10 22:23:43,520 [INFO] TestSaudia: Email: 0a9kic41bp+0@1secmail.com, Password: Dreams@1003
2026-08-10 22:23:43,520 [INFO] src.saudia_signup: Starting Playwright browser for Saudia registration...
2026-08-10 22:23:47,743 [INFO] TestSaudia: Registering on Saudia...
2026-08-10 22:23:47,766 [INFO] src.saudia_signup: Initiating Saudia membership creation for Test Passenger
2026-08-10 22:24:00,897 [ERROR] src.saudia_signup: Error during Saudia registration: Page.goto: net::ERR_NAME_NOT_RESOLVED at https://www.saudia.com/
Call log:
  - navigating to "https://www.saudia.com/", waiting until "load"

2026-08-10 22:24:00,955 [INFO] TestSaudia: Signup submitted. Status: None
2026-08-10 22:24:01,142 [ERROR] TestSaudia: Error: Page.screenshot: Protocol error (Page.captureScreenshot): Unable to capture screenshot
Call log:
  - taking page screenshot
  - waiting for fonts to load...
  - fonts loaded
Traceback (most recent call last):
  File "D:\etihad airways\test_saudia.py", line 41, in run_test
    saudia.page.screenshot(path="saudia_signup_step.png")
    ~~~~~~~~~~~~~~~~~~~~~~^^^^^^^^^^^^^^^^^^^^^^^^^^^^^^^
  File "C:\Users\IC\AppData\Local\Python\pythoncore-3.14-64\Lib\site-packages\playwright\sync_api\_generated.py", line 10872, in screenshot
    self._sync(
    ~~~~~~~~~~^
        self._impl_obj.screenshot(
        ^^^^^^^^^^^^^^^^^^^^^^^^^^
    ...<13 lines>...
        )
        ^
    )
    ^
  File "C:\Users\IC\AppData\Local\Python\pythoncore-3.14-64\Lib\site-packages\playwright\_impl\_sync_base.py", line 115, in _sync
    return task.result()
           ~~~~~~~~~~~^^
  File "C:\Users\IC\AppData\Local\Python\pythoncore-3.14-64\Lib\site-packages\playwright\_impl\_page.py", line 828, in screenshot
    encoded_binary = await self._channel.send(
                     ^^^^^^^^^^^^^^^^^^^^^^^^^
        "screenshot", self._timeout_settings.timeout, params
        ^^^^^^^^^^^^^^^^^^^^^^^^^^^^^^^^^^^^^^^^^^^^^^^^^^^^
    )
    ^
  File "C:\Users\IC\AppData\Local\Python\pythoncore-3.14-64\Lib\site-packages\playwright\_impl\_connection.py", line 76, in send
    return await self._connection.wrap_api_call(
           ^^^^^^^^^^^^^^^^^^^^^^^^^^^^^^^^^^^^^
    ...<3 lines>...
    )
    ^
  File "C:\Users\IC\AppData\Local\Python\pythoncore-3.14-64\Lib\site-packages\playwright\_impl\_connection.py", line 632, in wrap_api_call
    raise rewrite_error(error, f"{parsed_st['apiName']}: {error}") from None
playwright._impl._errors.Error: Page.screenshot: Protocol error (Page.captureScreenshot): Unable to capture screenshot
Call log:
  - taking page screenshot
  - waiting for fonts to load...
  - fonts loaded

2026-08-10 22:24:21,714 [INFO] src.saudia_signup: Saudia Sign-up Manager stopped.
2026-08-10 22:25:23,100 [INFO] TestSaudia: Starting Saudia signup test...
2026-08-10 22:25:25,104 [INFO] src.temp_mail: Generated fallback temp email offline: nd9xqesdjl@1secmail.com
2026-08-10 22:25:25,107 [INFO] TestSaudia: Details: {'passenger_name': 'Test Passenger', 'passport': 'P8783387', 'dob': '16/03/1976', 'mobile': '7024581983'}
2026-08-10 22:25:25,107 [INFO] TestSaudia: Email: nd9xqesdjl+0@1secmail.com, Password: Dreams@1003
2026-08-10 22:25:25,107 [INFO] src.saudia_signup: Starting Playwright browser for Saudia registration...
2026-08-10 22:25:28,406 [INFO] TestSaudia: Registering on Saudia...
2026-08-10 22:25:28,471 [INFO] src.saudia_signup: Initiating Saudia membership creation for Test Passenger
2026-08-10 22:26:16,098 [ERROR] src.saudia_signup: Error during Saudia registration: Locator.fill: Timeout 45000ms exceeded.
Call log:
  - waiting for locator("input[name='firstName'], input#firstName")
    - waiting for "https://www.saudia.com/" navigation to finish...
    - navigated to "https://www.saudia.com/"

2026-08-10 22:26:16,099 [INFO] TestSaudia: Signup submitted. Status: None
2026-08-10 22:26:16,531 [INFO] TestSaudia: Saved signup step screenshot to saudia_signup_step.png
2026-08-10 22:26:20,298 [INFO] src.saudia_signup: Saudia Sign-up Manager stopped.
2026-08-10 22:31:29,959 [INFO] TestSaudia: Starting Saudia signup test...
2026-08-10 22:31:33,666 [INFO] src.temp_mail: Generated fallback temp email offline: mi9tml9a28@1secmail.com
2026-08-10 22:31:33,669 [INFO] TestSaudia: Details: {'passenger_name': 'Test Passenger', 'passport': 'L2461835', 'dob': '14/06/1985', 'mobile': '9140043642'}
2026-08-10 22:31:33,670 [INFO] TestSaudia: Email: mi9tml9a28+0@1secmail.com, Password: Dreams@1003
2026-08-10 22:31:33,670 [INFO] src.saudia_signup: Starting Playwright browser for Saudia registration...
2026-08-10 22:31:37,883 [INFO] TestSaudia: Registering on Saudia...
2026-08-10 22:31:38,244 [INFO] src.saudia_signup: Initiating Saudia membership creation for Test Passenger
2026-08-10 22:32:26,134 [ERROR] src.saudia_signup: Error during Saudia registration: Locator.fill: Timeout 45000ms exceeded.
Call log:
  - waiting for locator("input[name='firstName'], input#firstName")
    - waiting for navigation to finish...
    - navigated to "https://alfursan.saudia.com/en"

2026-08-10 22:32:26,138 [INFO] TestSaudia: Signup submitted. Status: None
2026-08-10 22:32:26,480 [INFO] TestSaudia: Saved signup step screenshot to saudia_signup_step.png
2026-08-10 22:32:29,178 [INFO] src.saudia_signup: Saudia Sign-up Manager stopped.
2026-08-10 22:37:14,186 [INFO] TestSaudia: Starting Saudia signup test...
2026-08-10 22:37:16,894 [INFO] src.temp_mail: Generated fallback temp email offline: dhg4frv9nf@1secmail.com
2026-08-10 22:37:16,903 [INFO] TestSaudia: Details: {'passenger_name': 'Test Passenger', 'passport': 'H7966415', 'dob': '26/04/1998', 'mobile': '9093849600'}
2026-08-10 22:37:16,904 [INFO] TestSaudia: Email: dhg4frv9nf+0@1secmail.com, Password: Dreams@1003
2026-08-10 22:37:16,905 [INFO] src.saudia_signup: Starting Playwright browser for Saudia registration...
2026-08-10 22:37:26,628 [INFO] TestSaudia: Registering on Saudia...
2026-08-10 22:37:26,740 [INFO] src.saudia_signup: Initiating Saudia membership creation for Test Passenger
2026-08-10 22:38:16,527 [ERROR] src.saudia_signup: Error during Saudia registration: Locator.fill: Timeout 45000ms exceeded.
Call log:
  - waiting for locator("input[name='firstName'], input#firstName")
    - waiting for "https://alfursan.saudia.com/en" navigation to finish...
    - navigated to "https://alfursan.saudia.com/en"

2026-08-10 22:38:16,586 [INFO] TestSaudia: Signup submitted. Status: None
2026-08-10 22:38:17,311 [ERROR] TestSaudia: Error: Page.screenshot: Protocol error (Page.captureScreenshot): Unable to capture screenshot
Call log:
  - taking page screenshot
  - waiting for fonts to load...
  - fonts loaded
Traceback (most recent call last):
  File "D:\etihad airways\test_saudia.py", line 41, in run_test
    saudia.page.screenshot(path="saudia_signup_step.png")
    ~~~~~~~~~~~~~~~~~~~~~~^^^^^^^^^^^^^^^^^^^^^^^^^^^^^^^
  File "C:\Users\IC\AppData\Local\Python\pythoncore-3.14-64\Lib\site-packages\playwright\sync_api\_generated.py", line 10872, in screenshot
    self._sync(
    ~~~~~~~~~~^
        self._impl_obj.screenshot(
        ^^^^^^^^^^^^^^^^^^^^^^^^^^
    ...<13 lines>...
        )
        ^
    )
    ^
  File "C:\Users\IC\AppData\Local\Python\pythoncore-3.14-64\Lib\site-packages\playwright\_impl\_sync_base.py", line 115, in _sync
    return task.result()
           ~~~~~~~~~~~^^
  File "C:\Users\IC\AppData\Local\Python\pythoncore-3.14-64\Lib\site-packages\playwright\_impl\_page.py", line 828, in screenshot
    encoded_binary = await self._channel.send(
                     ^^^^^^^^^^^^^^^^^^^^^^^^^
        "screenshot", self._timeout_settings.timeout, params
        ^^^^^^^^^^^^^^^^^^^^^^^^^^^^^^^^^^^^^^^^^^^^^^^^^^^^
    )
    ^
  File "C:\Users\IC\AppData\Local\Python\pythoncore-3.14-64\Lib\site-packages\playwright\_impl\_connection.py", line 76, in send
    return await self._connection.wrap_api_call(
           ^^^^^^^^^^^^^^^^^^^^^^^^^^^^^^^^^^^^^
    ...<3 lines>...
    )
    ^
  File "C:\Users\IC\AppData\Local\Python\pythoncore-3.14-64\Lib\site-packages\playwright\_impl\_connection.py", line 632, in wrap_api_call
    raise rewrite_error(error, f"{parsed_st['apiName']}: {error}") from None
playwright._impl._errors.Error: Page.screenshot: Protocol error (Page.captureScreenshot): Unable to capture screenshot
Call log:
  - taking page screenshot
  - waiting for fonts to load...
  - fonts loaded

2026-08-10 22:38:47,877 [ERROR] asyncio: Task was destroyed but it is pending!
task: <Task pending name='Task-14' coro=<Browser.close() done, defined at C:\Users\IC\AppData\Local\Python\pythoncore-3.14-64\Lib\site-packages\playwright\_impl\_browser.py:235> wait_for=<Future pending cb=[Task.task_wakeup()]> cb=[SyncBase._sync.<locals>.<lambda>() at C:\Users\IC\AppData\Local\Python\pythoncore-3.14-64\Lib\site-packages\playwright\_impl\_sync_base.py:111, ProtocolCallback.__init__.<locals>.cb() at C:\Users\IC\AppData\Local\Python\pythoncore-3.14-64\Lib\site-packages\playwright\_impl\_connection.py:264]>
2026-08-10 22:39:09,035 [INFO] TestEtihad: Starting Etihad access test...
2026-08-10 22:39:09,065 [INFO] src.etihad_scraper: Starting Playwright browser for Etihad Scraper...
2026-08-10 22:39:20,805 [INFO] src.etihad_scraper: Accessing booking for PNR: DSSP38, Last Name: JUDES
2026-08-10 22:40:32,949 [WARNING] src.etihad_scraper: Failed to access booking for PNR: DSSP38 (Timeout waiting for details to load)
2026-08-10 22:40:33,826 [ERROR] TestEtihad: Test Failed: Could not access Etihad booking page. Please check screenshot or page source.
2026-08-10 22:40:37,478 [INFO] TestEtihad: Saved debug screenshot to etihad_test_fail.png
2026-08-10 22:40:44,479 [INFO] src.etihad_scraper: Etihad Scraper stopped.
2026-08-10 22:54:22,939 [INFO] werkzeug: [31m[1mWARNING: This is a development server. Do not use it in a production deployment. Use a production WSGI server instead.[0m
 * Running on http://127.0.0.1:5000
2026-08-10 22:54:22,939 [INFO] werkzeug: [33mPress CTRL+C to quit[0m
2026-08-10 22:54:22,944 [INFO] werkzeug:  * Restarting with stat
2026-08-10 22:54:39,026 [WARNING] werkzeug:  * Debugger is active!
2026-08-10 22:54:39,041 [INFO] werkzeug:  * Debugger PIN: 794-833-364
2026-08-10 22:56:34,851 [INFO] werkzeug: 127.0.0.1 - - [10/Aug/2026 22:56:34] "GET / HTTP/1.1" 200 -
2026-08-10 22:56:36,839 [INFO] werkzeug: 127.0.0.1 - - [10/Aug/2026 22:56:36] "[33mGET /meta.json HTTP/1.1[0m" 404 -
2026-08-10 22:56:37,096 [INFO] werkzeug: 127.0.0.1 - - [10/Aug/2026 22:56:37] "[33mGET /meta.json HTTP/1.1[0m" 404 -
2026-08-10 22:56:54,810 [INFO] werkzeug: 127.0.0.1 - - [10/Aug/2026 22:56:54] "GET /api/status HTTP/1.1" 200 -
2026-08-10 22:56:54,840 [INFO] werkzeug: 127.0.0.1 - - [10/Aug/2026 22:56:54] "GET /api/logs HTTP/1.1" 200 -
2026-08-10 22:56:55,218 [INFO] werkzeug: 127.0.0.1 - - [10/Aug/2026 22:56:55] "GET /api/status HTTP/1.1" 200 -
2026-08-10 22:57:01,886 [INFO] werkzeug: 127.0.0.1 - - [10/Aug/2026 22:57:01] "GET /api/logs HTTP/1.1" 200 -
2026-08-10 22:57:32,372 [INFO] werkzeug: 127.0.0.1 - - [10/Aug/2026 22:57:32] "[33mGET /service-worker.js HTTP/1.1[0m" 404 -
2026-08-10 22:57:55,438 [INFO] werkzeug: 127.0.0.1 - - [10/Aug/2026 22:57:55] "[33mGET /meta.json HTTP/1.1[0m" 404 -
2026-08-10 22:57:55,734 [INFO] werkzeug: 127.0.0.1 - - [10/Aug/2026 22:57:55] "[33mGET /favicon.ico HTTP/1.1[0m" 404 -
2026-08-10 22:57:55,921 [INFO] werkzeug: 127.0.0.1 - - [10/Aug/2026 22:57:55] "GET /api/status HTTP/1.1" 200 -
2026-08-10 22:57:56,159 [INFO] werkzeug: 127.0.0.1 - - [10/Aug/2026 22:57:56] "GET /api/logs HTTP/1.1" 200 -
2026-08-10 22:57:56,476 [INFO] werkzeug: 127.0.0.1 - - [10/Aug/2026 22:57:56] "GET /api/status HTTP/1.1" 200 -
2026-08-10 22:57:56,660 [INFO] werkzeug: 127.0.0.1 - - [10/Aug/2026 22:57:56] "GET /api/logs HTTP/1.1" 200 -
2026-08-10 22:57:56,865 [INFO] werkzeug: 127.0.0.1 - - [10/Aug/2026 22:57:56] "GET /api/status HTTP/1.1" 200 -
2026-08-10 22:57:57,326 [INFO] werkzeug: 127.0.0.1 - - [10/Aug/2026 22:57:57] "GET /api/logs HTTP/1.1" 200 -
2026-08-10 22:57:58,859 [INFO] werkzeug: 127.0.0.1 - - [10/Aug/2026 22:57:58] "GET /api/status HTTP/1.1" 200 -
2026-08-10 22:57:58,970 [INFO] werkzeug: 127.0.0.1 - - [10/Aug/2026 22:57:58] "GET /api/logs HTTP/1.1" 200 -
2026-08-10 22:57:58,977 [INFO] werkzeug: 127.0.0.1 - - [10/Aug/2026 22:57:58] "[33mGET /service-worker.js HTTP/1.1[0m" 404 -
2026-08-10 22:58:00,441 [INFO] werkzeug: 127.0.0.1 - - [10/Aug/2026 22:58:00] "GET /api/status HTTP/1.1" 200 -
2026-08-10 22:58:00,857 [INFO] werkzeug: 127.0.0.1 - - [10/Aug/2026 22:58:00] "GET /api/logs HTTP/1.1" 200 -
2026-08-10 22:58:03,150 [INFO] werkzeug: 127.0.0.1 - - [10/Aug/2026 22:58:03] "GET /api/status HTTP/1.1" 200 -
2026-08-10 22:58:03,428 [INFO] werkzeug: 127.0.0.1 - - [10/Aug/2026 22:58:03] "GET /api/logs HTTP/1.1" 200 -
2026-08-10 22:58:04,449 [INFO] werkzeug: 127.0.0.1 - - [10/Aug/2026 22:58:04] "GET /api/status HTTP/1.1" 200 -
2026-08-10 22:58:05,169 [INFO] werkzeug: 127.0.0.1 - - [10/Aug/2026 22:58:05] "GET /api/logs HTTP/1.1" 200 -
2026-08-10 22:58:06,825 [INFO] werkzeug: 127.0.0.1 - - [10/Aug/2026 22:58:06] "GET /api/status HTTP/1.1" 200 -
2026-08-10 22:58:06,914 [INFO] werkzeug: 127.0.0.1 - - [10/Aug/2026 22:58:06] "GET /api/logs HTTP/1.1" 200 -
2026-08-10 22:58:08,461 [INFO] werkzeug: 127.0.0.1 - - [10/Aug/2026 22:58:08] "GET /api/status HTTP/1.1" 200 -
2026-08-10 22:58:08,960 [INFO] werkzeug: 127.0.0.1 - - [10/Aug/2026 22:58:08] "GET /api/logs HTTP/1.1" 200 -
2026-08-10 22:58:11,145 [INFO] werkzeug: 127.0.0.1 - - [10/Aug/2026 22:58:11] "GET /api/status HTTP/1.1" 200 -
2026-08-10 22:58:11,676 [INFO] werkzeug: 127.0.0.1 - - [10/Aug/2026 22:58:11] "GET /api/logs HTTP/1.1" 200 -
2026-08-10 22:58:19,750 [INFO] werkzeug: 127.0.0.1 - - [10/Aug/2026 22:58:19] "GET /api/status HTTP/1.1" 200 -
2026-08-10 22:58:20,335 [INFO] werkzeug: 127.0.0.1 - - [10/Aug/2026 22:58:20] "GET /api/logs HTTP/1.1" 200 -
2026-08-10 22:58:20,438 [INFO] werkzeug: 127.0.0.1 - - [10/Aug/2026 22:58:20] "GET /api/status HTTP/1.1" 200 -
2026-08-10 22:58:20,961 [INFO] werkzeug: 127.0.0.1 - - [10/Aug/2026 22:58:20] "GET /api/status HTTP/1.1" 200 -
2026-08-10 22:58:20,966 [INFO] werkzeug: 127.0.0.1 - - [10/Aug/2026 22:58:20] "GET /api/logs HTTP/1.1" 200 -
2026-08-10 22:58:21,876 [INFO] werkzeug: 127.0.0.1 - - [10/Aug/2026 22:58:21] "GET /api/logs HTTP/1.1" 200 -
2026-08-10 22:58:25,747 [INFO] werkzeug: 127.0.0.1 - - [10/Aug/2026 22:58:25] "GET /api/status HTTP/1.1" 200 -
2026-08-10 22:58:26,226 [INFO] werkzeug: 127.0.0.1 - - [10/Aug/2026 22:58:26] "GET /api/logs HTTP/1.1" 200 -
2026-08-10 22:58:26,311 [INFO] werkzeug: 127.0.0.1 - - [10/Aug/2026 22:58:26] "GET /api/status HTTP/1.1" 200 -
2026-08-10 22:58:27,720 [INFO] werkzeug: 127.0.0.1 - - [10/Aug/2026 22:58:27] "GET /api/logs HTTP/1.1" 200 -
2026-08-10 22:58:27,929 [INFO] werkzeug: 127.0.0.1 - - [10/Aug/2026 22:58:27] "GET /api/status HTTP/1.1" 200 -
2026-08-10 22:58:28,851 [INFO] werkzeug: 127.0.0.1 - - [10/Aug/2026 22:58:28] "GET /api/logs HTTP/1.1" 200 -
2026-08-10 22:58:29,050 [INFO] werkzeug: 127.0.0.1 - - [10/Aug/2026 22:58:29] "GET /api/status HTTP/1.1" 200 -
2026-08-10 22:58:29,766 [INFO] werkzeug: 127.0.0.1 - - [10/Aug/2026 22:58:29] "GET /api/logs HTTP/1.1" 200 -
2026-08-10 22:58:40,452 [INFO] werkzeug: 127.0.0.1 - - [10/Aug/2026 22:58:40] "GET /api/status HTTP/1.1" 200 -
2026-08-10 22:58:40,588 [INFO] werkzeug: 127.0.0.1 - - [10/Aug/2026 22:58:40] "GET /api/status HTTP/1.1" 200 -
2026-08-10 22:58:40,596 [INFO] werkzeug: 127.0.0.1 - - [10/Aug/2026 22:58:40] "GET /api/logs HTTP/1.1" 200 -
2026-08-10 22:58:41,018 [INFO] werkzeug: 127.0.0.1 - - [10/Aug/2026 22:58:41] "GET /api/logs HTTP/1.1" 200 -
2026-08-10 22:58:47,009 [INFO] werkzeug: 127.0.0.1 - - [10/Aug/2026 22:58:47] "GET /api/status HTTP/1.1" 200 -
2026-08-10 22:58:47,510 [INFO] werkzeug: 127.0.0.1 - - [10/Aug/2026 22:58:47] "GET /api/logs HTTP/1.1" 200 -
2026-08-10 22:58:49,849 [INFO] werkzeug: 127.0.0.1 - - [10/Aug/2026 22:58:49] "GET /api/status HTTP/1.1" 200 -
2026-08-10 22:58:50,450 [INFO] werkzeug: 127.0.0.1 - - [10/Aug/2026 22:58:50] "GET /api/logs HTTP/1.1" 200 -
2026-08-10 22:58:51,285 [INFO] werkzeug: 127.0.0.1 - - [10/Aug/2026 22:58:51] "GET /api/status HTTP/1.1" 200 -
2026-08-10 22:58:52,063 [INFO] werkzeug: 127.0.0.1 - - [10/Aug/2026 22:58:52] "GET /api/logs HTTP/1.1" 200 -
2026-08-10 22:58:59,527 [INFO] werkzeug: 127.0.0.1 - - [10/Aug/2026 22:58:59] "GET /api/status HTTP/1.1" 200 -
2026-08-10 22:59:00,047 [INFO] werkzeug: 127.0.0.1 - - [10/Aug/2026 22:59:00] "GET /api/logs HTTP/1.1" 200 -
2026-08-10 22:59:00,110 [INFO] werkzeug: 127.0.0.1 - - [10/Aug/2026 22:59:00] "GET /api/status HTTP/1.1" 200 -
2026-08-10 22:59:01,008 [INFO] werkzeug: 127.0.0.1 - - [10/Aug/2026 22:59:01] "GET /api/logs HTTP/1.1" 200 -
2026-08-10 22:59:01,109 [INFO] werkzeug: 127.0.0.1 - - [10/Aug/2026 22:59:01] "GET /api/status HTTP/1.1" 200 -
2026-08-10 22:59:02,347 [INFO] werkzeug: 127.0.0.1 - - [10/Aug/2026 22:59:02] "GET /api/logs HTTP/1.1" 200 -
2026-08-10 22:59:02,993 [INFO] werkzeug: 127.0.0.1 - - [10/Aug/2026 22:59:02] "GET /api/status HTTP/1.1" 200 -
2026-08-10 22:59:03,068 [INFO] werkzeug: 127.0.0.1 - - [10/Aug/2026 22:59:03] "GET /api/logs HTTP/1.1" 200 -
2026-08-10 22:59:05,348 [INFO] werkzeug: 127.0.0.1 - - [10/Aug/2026 22:59:05] "GET /api/logs HTTP/1.1" 200 -
2026-08-10 22:59:05,414 [INFO] werkzeug: 127.0.0.1 - - [10/Aug/2026 22:59:05] "GET /api/status HTTP/1.1" 200 -
2026-08-10 22:59:19,072 [INFO] werkzeug: 127.0.0.1 - - [10/Aug/2026 22:59:19] "GET /api/status HTTP/1.1" 200 -
2026-08-10 22:59:20,162 [INFO] werkzeug: 127.0.0.1 - - [10/Aug/2026 22:59:20] "GET /api/logs HTTP/1.1" 200 -
2026-08-10 22:59:20,411 [INFO] werkzeug: 127.0.0.1 - - [10/Aug/2026 22:59:20] "GET /api/status HTTP/1.1" 200 -
2026-08-10 22:59:21,077 [INFO] werkzeug: 127.0.0.1 - - [10/Aug/2026 22:59:21] "GET /api/status HTTP/1.1" 200 -
2026-08-10 22:59:22,275 [INFO] werkzeug: 127.0.0.1 - - [10/Aug/2026 22:59:22] "GET /api/logs HTTP/1.1" 200 -
2026-08-10 22:59:22,764 [INFO] werkzeug: 127.0.0.1 - - [10/Aug/2026 22:59:22] "GET /api/status HTTP/1.1" 200 -
2026-08-10 22:59:23,243 [INFO] werkzeug: 127.0.0.1 - - [10/Aug/2026 22:59:23] "GET /api/logs HTTP/1.1" 200 -
2026-08-10 22:59:24,168 [INFO] werkzeug: 127.0.0.1 - - [10/Aug/2026 22:59:24] "GET /api/logs HTTP/1.1" 200 -
2026-08-10 22:59:32,666 [INFO] werkzeug: 127.0.0.1 - - [10/Aug/2026 22:59:32] "GET /api/status HTTP/1.1" 200 -
2026-08-10 22:59:32,787 [INFO] werkzeug: 127.0.0.1 - - [10/Aug/2026 22:59:32] "GET /api/logs HTTP/1.1" 200 -
2026-08-10 22:59:32,837 [INFO] werkzeug: 127.0.0.1 - - [10/Aug/2026 22:59:32] "GET /api/status HTTP/1.1" 200 -
2026-08-10 22:59:33,220 [INFO] werkzeug: 127.0.0.1 - - [10/Aug/2026 22:59:33] "GET /api/logs HTTP/1.1" 200 -
2026-08-10 22:59:33,226 [INFO] werkzeug: 127.0.0.1 - - [10/Aug/2026 22:59:33] "GET /api/status HTTP/1.1" 200 -
2026-08-10 22:59:33,767 [INFO] werkzeug: 127.0.0.1 - - [10/Aug/2026 22:59:33] "GET /api/logs HTTP/1.1" 200 -
2026-08-10 22:59:39,617 [INFO] werkzeug: 127.0.0.1 - - [10/Aug/2026 22:59:39] "GET /api/status HTTP/1.1" 200 -
2026-08-10 22:59:39,698 [INFO] werkzeug: 127.0.0.1 - - [10/Aug/2026 22:59:39] "GET /api/logs HTTP/1.1" 200 -
2026-08-10 22:59:41,240 [INFO] werkzeug: 127.0.0.1 - - [10/Aug/2026 22:59:41] "GET /api/status HTTP/1.1" 200 -
2026-08-10 22:59:41,695 [INFO] werkzeug: 127.0.0.1 - - [10/Aug/2026 22:59:41] "GET /api/logs HTTP/1.1" 200 -
2026-08-10 22:59:43,633 [INFO] werkzeug: 127.0.0.1 - - [10/Aug/2026 22:59:43] "GET /api/status HTTP/1.1" 200 -
2026-08-10 22:59:43,800 [INFO] werkzeug: 127.0.0.1 - - [10/Aug/2026 22:59:43] "GET /api/logs HTTP/1.1" 200 -
2026-08-10 22:59:47,886 [INFO] werkzeug: 127.0.0.1 - - [10/Aug/2026 22:59:47] "GET /api/status HTTP/1.1" 200 -
2026-08-10 22:59:48,337 [INFO] werkzeug: 127.0.0.1 - - [10/Aug/2026 22:59:48] "GET /api/logs HTTP/1.1" 200 -
2026-08-10 22:59:48,868 [INFO] werkzeug: 127.0.0.1 - - [10/Aug/2026 22:59:48] "GET /api/logs HTTP/1.1" 200 -
2026-08-10 22:59:48,877 [INFO] werkzeug: 127.0.0.1 - - [10/Aug/2026 22:59:48] "GET /api/status HTTP/1.1" 200 -
2026-08-10 22:59:50,771 [INFO] werkzeug: 127.0.0.1 - - [10/Aug/2026 22:59:50] "GET /api/status HTTP/1.1" 200 -
2026-08-10 22:59:50,845 [INFO] werkzeug: 127.0.0.1 - - [10/Aug/2026 22:59:50] "GET /api/logs HTTP/1.1" 200 -
2026-08-10 22:59:52,435 [INFO] werkzeug: 127.0.0.1 - - [10/Aug/2026 22:59:52] "GET /api/status HTTP/1.1" 200 -
2026-08-10 22:59:53,110 [INFO] werkzeug: 127.0.0.1 - - [10/Aug/2026 22:59:53] "GET /api/logs HTTP/1.1" 200 -
2026-08-10 22:59:54,849 [INFO] werkzeug: 127.0.0.1 - - [10/Aug/2026 22:59:54] "GET /api/status HTTP/1.1" 200 -
2026-08-10 22:59:54,969 [INFO] werkzeug: 127.0.0.1 - - [10/Aug/2026 22:59:54] "GET /api/logs HTTP/1.1" 200 -
2026-08-10 22:59:56,461 [INFO] werkzeug: 127.0.0.1 - - [10/Aug/2026 22:59:56] "GET /api/status HTTP/1.1" 200 -
2026-08-10 22:59:57,115 [INFO] werkzeug: 127.0.0.1 - - [10/Aug/2026 22:59:57] "GET /api/logs HTTP/1.1" 200 -
2026-08-10 22:59:58,737 [INFO] werkzeug: 127.0.0.1 - - [10/Aug/2026 22:59:58] "GET /api/status HTTP/1.1" 200 -
2026-08-10 22:59:58,900 [INFO] werkzeug: 127.0.0.1 - - [10/Aug/2026 22:59:58] "GET /api/logs HTTP/1.1" 200 -
2026-08-10 23:00:00,435 [INFO] werkzeug: 127.0.0.1 - - [10/Aug/2026 23:00:00] "GET /api/status HTTP/1.1" 200 -
2026-08-10 23:00:00,927 [INFO] werkzeug: 127.0.0.1 - - [10/Aug/2026 23:00:00] "GET /api/logs HTTP/1.1" 200 -
2026-08-10 23:00:02,920 [INFO] werkzeug: 127.0.0.1 - - [10/Aug/2026 23:00:02] "GET /api/status HTTP/1.1" 200 -
2026-08-10 23:00:03,281 [INFO] werkzeug: 127.0.0.1 - - [10/Aug/2026 23:00:03] "GET /api/logs HTTP/1.1" 200 -
2026-08-10 23:00:04,465 [INFO] Orchestrator: Starting Airline Passenger Automation process...
2026-08-10 23:00:04,465 [INFO] Orchestrator: Loading input file: Etihad passenger details 9th Aug.xlsx
2026-08-10 23:00:04,465 [INFO] Dashboard: Automation thread started via dashboard.
2026-08-10 23:00:04,467 [INFO] werkzeug: 127.0.0.1 - - [10/Aug/2026 23:00:04] "POST /api/start HTTP/1.1" 200 -
2026-08-10 23:00:05,251 [INFO] werkzeug: 127.0.0.1 - - [10/Aug/2026 23:00:05] "GET /api/status HTTP/1.1" 200 -
2026-08-10 23:00:05,350 [INFO] werkzeug: 127.0.0.1 - - [10/Aug/2026 23:00:05] "GET /api/logs HTTP/1.1" 200 -
2026-08-10 23:00:06,116 [INFO] werkzeug: 127.0.0.1 - - [10/Aug/2026 23:00:06] "GET /api/status HTTP/1.1" 200 -
2026-08-10 23:00:07,048 [INFO] werkzeug: 127.0.0.1 - - [10/Aug/2026 23:00:07] "GET /api/status HTTP/1.1" 200 -
2026-08-10 23:00:07,481 [INFO] werkzeug: 127.0.0.1 - - [10/Aug/2026 23:00:07] "GET /api/logs HTTP/1.1" 200 -
2026-08-10 23:00:08,220 [INFO] Orchestrator: Loaded columns: ['nan', 'Last Name', 'PNR']
2026-08-10 23:00:08,221 [INFO] Orchestrator: Mapping columns: PNR -> 'PNR', Last Name -> 'Last Name'
2026-08-10 23:00:08,231 [INFO] Orchestrator: --- Processing Passenger 1/214: PNR 9W4PEY, Last Name: HUMEAU MOUSSET ---
2026-08-10 23:00:08,232 [INFO] src.etihad_scraper: Starting Playwright browser for Etihad Scraper...
2026-08-10 23:00:08,514 [INFO] werkzeug: 127.0.0.1 - - [10/Aug/2026 23:00:08] "GET /api/status HTTP/1.1" 200 -
2026-08-10 23:00:09,108 [INFO] werkzeug: 127.0.0.1 - - [10/Aug/2026 23:00:09] "GET /api/logs HTTP/1.1" 200 -
2026-08-10 23:00:11,168 [INFO] werkzeug: 127.0.0.1 - - [10/Aug/2026 23:00:11] "GET /api/status HTTP/1.1" 200 -
2026-08-10 23:00:11,368 [INFO] werkzeug: 127.0.0.1 - - [10/Aug/2026 23:00:11] "GET /api/logs HTTP/1.1" 200 -
2026-08-10 23:00:12,437 [INFO] werkzeug: 127.0.0.1 - - [10/Aug/2026 23:00:12] "GET /api/status HTTP/1.1" 200 -
2026-08-10 23:00:13,064 [INFO] werkzeug: 127.0.0.1 - - [10/Aug/2026 23:00:13] "GET /api/logs HTTP/1.1" 200 -
2026-08-10 23:00:15,050 [INFO] werkzeug: 127.0.0.1 - - [10/Aug/2026 23:00:15] "GET /api/status HTTP/1.1" 200 -
2026-08-10 23:00:15,442 [INFO] werkzeug: 127.0.0.1 - - [10/Aug/2026 23:00:15] "GET /api/logs HTTP/1.1" 200 -
2026-08-10 23:00:16,434 [INFO] werkzeug: 127.0.0.1 - - [10/Aug/2026 23:00:16] "GET /api/status HTTP/1.1" 200 -
2026-08-10 23:00:17,086 [INFO] werkzeug: 127.0.0.1 - - [10/Aug/2026 23:00:17] "GET /api/logs HTTP/1.1" 200 -
2026-08-10 23:00:19,631 [INFO] werkzeug: 127.0.0.1 - - [10/Aug/2026 23:00:19] "GET /api/status HTTP/1.1" 200 -
2026-08-10 23:00:19,949 [INFO] werkzeug: 127.0.0.1 - - [10/Aug/2026 23:00:19] "GET /api/logs HTTP/1.1" 200 -
2026-08-10 23:00:20,246 [INFO] src.etihad_scraper: Accessing booking for PNR: 9W4PEY, Last Name: HUMEAU MOUSSET
2026-08-10 23:00:20,603 [INFO] werkzeug: 127.0.0.1 - - [10/Aug/2026 23:00:20] "GET /api/logs HTTP/1.1" 200 -
2026-08-10 23:00:21,861 [INFO] werkzeug: 127.0.0.1 - - [10/Aug/2026 23:00:21] "GET /api/status HTTP/1.1" 200 -
2026-08-10 23:00:25,099 [INFO] werkzeug: 127.0.0.1 - - [10/Aug/2026 23:00:25] "GET /api/status HTTP/1.1" 200 -
2026-08-10 23:00:27,977 [INFO] werkzeug: 127.0.0.1 - - [10/Aug/2026 23:00:27] "GET /api/logs HTTP/1.1" 200 -
2026-08-10 23:00:28,449 [INFO] werkzeug: 127.0.0.1 - - [10/Aug/2026 23:00:28] "GET /api/status HTTP/1.1" 200 -
2026-08-10 23:00:31,614 [INFO] werkzeug: 127.0.0.1 - - [10/Aug/2026 23:00:31] "GET /api/logs HTTP/1.1" 200 -
2026-08-10 23:00:32,450 [INFO] werkzeug: 127.0.0.1 - - [10/Aug/2026 23:00:32] "GET /api/status HTTP/1.1" 200 -
2026-08-10 23:00:43,327 [INFO] werkzeug: 127.0.0.1 - - [10/Aug/2026 23:00:43] "GET /api/logs HTTP/1.1" 200 -
2026-08-10 23:00:44,699 [INFO] werkzeug: 127.0.0.1 - - [10/Aug/2026 23:00:44] "GET /api/status HTTP/1.1" 200 -
2026-08-10 23:00:48,201 [INFO] werkzeug: 127.0.0.1 - - [10/Aug/2026 23:00:48] "GET /api/logs HTTP/1.1" 200 -
2026-08-10 23:00:50,163 [INFO] werkzeug: 127.0.0.1 - - [10/Aug/2026 23:00:50] "GET /api/status HTTP/1.1" 200 -
2026-08-10 23:00:52,545 [INFO] werkzeug: 127.0.0.1 - - [10/Aug/2026 23:00:52] "GET /api/logs HTTP/1.1" 200 -
2026-08-10 23:00:53,785 [INFO] werkzeug: 127.0.0.1 - - [10/Aug/2026 23:00:53] "GET /api/status HTTP/1.1" 200 -
2026-08-10 23:00:56,179 [INFO] werkzeug: 127.0.0.1 - - [10/Aug/2026 23:00:56] "GET /api/logs HTTP/1.1" 200 -
2026-08-10 23:00:56,657 [INFO] werkzeug: 127.0.0.1 - - [10/Aug/2026 23:00:56] "GET /api/status HTTP/1.1" 200 -
2026-08-10 23:00:56,666 [INFO] werkzeug: 127.0.0.1 - - [10/Aug/2026 23:00:56] "GET /api/logs HTTP/1.1" 200 -
2026-08-10 23:00:57,089 [INFO] werkzeug: 127.0.0.1 - - [10/Aug/2026 23:00:57] "GET /api/status HTTP/1.1" 200 -
2026-08-10 23:00:58,649 [INFO] werkzeug: 127.0.0.1 - - [10/Aug/2026 23:00:58] "GET /api/logs HTTP/1.1" 200 -
2026-08-10 23:00:58,881 [INFO] werkzeug: 127.0.0.1 - - [10/Aug/2026 23:00:58] "GET /api/logs HTTP/1.1" 200 -
2026-08-10 23:00:59,832 [INFO] werkzeug: 127.0.0.1 - - [10/Aug/2026 23:00:59] "GET /api/status HTTP/1.1" 200 -
2026-08-10 23:01:00,446 [INFO] werkzeug: 127.0.0.1 - - [10/Aug/2026 23:01:00] "GET /api/logs HTTP/1.1" 200 -
2026-08-10 23:01:01,731 [INFO] werkzeug: 127.0.0.1 - - [10/Aug/2026 23:01:01] "GET /api/status HTTP/1.1" 200 -
2026-08-10 23:01:04,382 [INFO] werkzeug: 127.0.0.1 - - [10/Aug/2026 23:01:04] "GET /api/status HTTP/1.1" 200 -
2026-08-10 23:01:06,329 [INFO] werkzeug: 127.0.0.1 - - [10/Aug/2026 23:01:06] "GET /api/logs HTTP/1.1" 200 -
2026-08-10 23:01:06,358 [INFO] werkzeug: 127.0.0.1 - - [10/Aug/2026 23:01:06] "GET /api/status HTTP/1.1" 200 -
2026-08-10 23:01:09,017 [INFO] werkzeug: 127.0.0.1 - - [10/Aug/2026 23:01:09] "GET /api/logs HTTP/1.1" 200 -
2026-08-10 23:01:09,263 [INFO] werkzeug: 127.0.0.1 - - [10/Aug/2026 23:01:09] "GET /api/status HTTP/1.1" 200 -
2026-08-10 23:01:15,816 [INFO] werkzeug: 127.0.0.1 - - [10/Aug/2026 23:01:15] "GET /api/logs HTTP/1.1" 200 -
2026-08-10 23:01:20,427 [INFO] werkzeug: 127.0.0.1 - - [10/Aug/2026 23:01:20] "GET /api/status HTTP/1.1" 200 -
2026-08-10 23:01:20,445 [INFO] werkzeug: 127.0.0.1 - - [10/Aug/2026 23:01:20] "GET /api/logs HTTP/1.1" 200 -
2026-08-10 23:01:25,174 [INFO] werkzeug: 127.0.0.1 - - [10/Aug/2026 23:01:25] "GET /api/status HTTP/1.1" 200 -
2026-08-10 23:01:30,308 [INFO] werkzeug: 127.0.0.1 - - [10/Aug/2026 23:01:30] "GET /api/logs HTTP/1.1" 200 -
2026-08-10 23:01:31,506 [INFO] werkzeug: 127.0.0.1 - - [10/Aug/2026 23:01:31] "GET /api/status HTTP/1.1" 200 -
2026-08-10 23:01:33,857 [INFO] werkzeug: 127.0.0.1 - - [10/Aug/2026 23:01:33] "GET /api/logs HTTP/1.1" 200 -
2026-08-10 23:01:34,314 [INFO] werkzeug: 127.0.0.1 - - [10/Aug/2026 23:01:34] "GET /api/status HTTP/1.1" 200 -
2026-08-10 23:01:41,739 [INFO] werkzeug: 127.0.0.1 - - [10/Aug/2026 23:01:41] "GET /api/logs HTTP/1.1" 200 -
2026-08-10 23:01:42,760 [WARNING] src.etihad_scraper: Failed to access booking for PNR: 9W4PEY (Timeout waiting for details to load)
2026-08-10 23:01:42,908 [INFO] werkzeug: 127.0.0.1 - - [10/Aug/2026 23:01:42] "GET /api/status HTTP/1.1" 200 -
2026-08-10 23:01:43,560 [INFO] werkzeug: 127.0.0.1 - - [10/Aug/2026 23:01:43] "GET /api/logs HTTP/1.1" 200 -
2026-08-10 23:01:43,675 [INFO] werkzeug: 127.0.0.1 - - [10/Aug/2026 23:01:43] "GET /api/status HTTP/1.1" 200 -
2026-08-10 23:01:44,291 [INFO] werkzeug: 127.0.0.1 - - [10/Aug/2026 23:01:44] "GET /api/status HTTP/1.1" 200 -
2026-08-10 23:01:44,300 [INFO] werkzeug: 127.0.0.1 - - [10/Aug/2026 23:01:44] "GET /api/logs HTTP/1.1" 200 -
2026-08-10 23:01:44,743 [INFO] werkzeug: 127.0.0.1 - - [10/Aug/2026 23:01:44] "GET /api/status HTTP/1.1" 200 -
2026-08-10 23:01:44,824 [INFO] werkzeug: 127.0.0.1 - - [10/Aug/2026 23:01:44] "GET /api/logs HTTP/1.1" 200 -
2026-08-10 23:01:45,127 [INFO] werkzeug: 127.0.0.1 - - [10/Aug/2026 23:01:45] "GET /api/logs HTTP/1.1" 200 -
2026-08-10 23:01:45,130 [INFO] werkzeug: 127.0.0.1 - - [10/Aug/2026 23:01:45] "GET /api/status HTTP/1.1" 200 -
2026-08-10 23:01:45,325 [INFO] werkzeug: 127.0.0.1 - - [10/Aug/2026 23:01:45] "GET /api/logs HTTP/1.1" 200 -
2026-08-10 23:01:45,360 [INFO] werkzeug: 127.0.0.1 - - [10/Aug/2026 23:01:45] "GET /api/status HTTP/1.1" 200 -
2026-08-10 23:01:45,424 [INFO] werkzeug: 127.0.0.1 - - [10/Aug/2026 23:01:45] "GET /api/status HTTP/1.1" 200 -
2026-08-10 23:01:45,586 [INFO] werkzeug: 127.0.0.1 - - [10/Aug/2026 23:01:45] "GET /api/logs HTTP/1.1" 200 -
2026-08-10 23:01:45,710 [INFO] werkzeug: 127.0.0.1 - - [10/Aug/2026 23:01:45] "GET /api/logs HTTP/1.1" 200 -
2026-08-10 23:01:45,760 [INFO] werkzeug: 127.0.0.1 - - [10/Aug/2026 23:01:45] "GET /api/status HTTP/1.1" 200 -
2026-08-10 23:01:45,957 [INFO] werkzeug: 127.0.0.1 - - [10/Aug/2026 23:01:45] "GET /api/status HTTP/1.1" 200 -
2026-08-10 23:01:45,989 [INFO] werkzeug: 127.0.0.1 - - [10/Aug/2026 23:01:45] "GET /api/logs HTTP/1.1" 200 -
2026-08-10 23:01:46,164 [INFO] werkzeug: 127.0.0.1 - - [10/Aug/2026 23:01:46] "GET /api/status HTTP/1.1" 200 -
2026-08-10 23:01:46,231 [INFO] werkzeug: 127.0.0.1 - - [10/Aug/2026 23:01:46] "GET /api/logs HTTP/1.1" 200 -
2026-08-10 23:01:46,283 [INFO] werkzeug: 127.0.0.1 - - [10/Aug/2026 23:01:46] "GET /api/logs HTTP/1.1" 200 -
2026-08-10 23:01:46,351 [INFO] werkzeug: 127.0.0.1 - - [10/Aug/2026 23:01:46] "GET /api/status HTTP/1.1" 200 -
2026-08-10 23:01:46,456 [INFO] werkzeug: 127.0.0.1 - - [10/Aug/2026 23:01:46] "GET /api/status HTTP/1.1" 200 -
2026-08-10 23:01:46,459 [INFO] werkzeug: 127.0.0.1 - - [10/Aug/2026 23:01:46] "GET /api/logs HTTP/1.1" 200 -
2026-08-10 23:01:46,704 [INFO] werkzeug: 127.0.0.1 - - [10/Aug/2026 23:01:46] "GET /api/logs HTTP/1.1" 200 -
2026-08-10 23:01:46,705 [INFO] werkzeug: 127.0.0.1 - - [10/Aug/2026 23:01:46] "GET /api/status HTTP/1.1" 200 -
2026-08-10 23:01:46,947 [INFO] werkzeug: 127.0.0.1 - - [10/Aug/2026 23:01:46] "GET /api/status HTTP/1.1" 200 -
2026-08-10 23:01:46,979 [INFO] werkzeug: 127.0.0.1 - - [10/Aug/2026 23:01:46] "GET /api/logs HTTP/1.1" 200 -
2026-08-10 23:01:47,266 [INFO] werkzeug: 127.0.0.1 - - [10/Aug/2026 23:01:47] "GET /api/logs HTTP/1.1" 200 -
2026-08-10 23:01:47,526 [INFO] werkzeug: 127.0.0.1 - - [10/Aug/2026 23:01:47] "GET /api/status HTTP/1.1" 200 -
2026-08-10 23:01:47,998 [INFO] werkzeug: 127.0.0.1 - - [10/Aug/2026 23:01:47] "GET /api/logs HTTP/1.1" 200 -
2026-08-10 23:01:48,022 [INFO] werkzeug: 127.0.0.1 - - [10/Aug/2026 23:01:48] "GET /api/status HTTP/1.1" 200 -
2026-08-10 23:01:48,556 [INFO] werkzeug: 127.0.0.1 - - [10/Aug/2026 23:01:48] "GET /api/status HTTP/1.1" 200 -
2026-08-10 23:01:48,562 [INFO] werkzeug: 127.0.0.1 - - [10/Aug/2026 23:01:48] "GET /api/logs HTTP/1.1" 200 -
2026-08-10 23:01:49,229 [INFO] werkzeug: 127.0.0.1 - - [10/Aug/2026 23:01:49] "GET /api/status HTTP/1.1" 200 -
2026-08-10 23:01:49,432 [INFO] werkzeug: 127.0.0.1 - - [10/Aug/2026 23:01:49] "GET /api/logs HTTP/1.1" 200 -
2026-08-10 23:01:50,789 [INFO] werkzeug: 127.0.0.1 - - [10/Aug/2026 23:01:50] "GET /api/status HTTP/1.1" 200 -
2026-08-10 23:01:51,374 [INFO] werkzeug: 127.0.0.1 - - [10/Aug/2026 23:01:51] "GET /api/logs HTTP/1.1" 200 -
2026-08-10 23:01:52,025 [INFO] werkzeug: 127.0.0.1 - - [10/Aug/2026 23:01:52] "GET /api/status HTTP/1.1" 200 -
2026-08-10 23:01:52,200 [INFO] werkzeug: 127.0.0.1 - - [10/Aug/2026 23:01:52] "GET /api/logs HTTP/1.1" 200 -
2026-08-10 23:01:52,681 [INFO] werkzeug: 127.0.0.1 - - [10/Aug/2026 23:01:52] "GET /api/status HTTP/1.1" 200 -
2026-08-10 23:01:52,825 [INFO] werkzeug: 127.0.0.1 - - [10/Aug/2026 23:01:52] "GET /api/logs HTTP/1.1" 200 -
2026-08-10 23:01:53,778 [INFO] werkzeug: 127.0.0.1 - - [10/Aug/2026 23:01:53] "GET /api/logs HTTP/1.1" 200 -
2026-08-10 23:02:02,357 [INFO] werkzeug: 127.0.0.1 - - [10/Aug/2026 23:02:02] "GET /api/status HTTP/1.1" 200 -
2026-08-10 23:02:02,748 [INFO] werkzeug: 127.0.0.1 - - [10/Aug/2026 23:02:02] "GET /api/logs HTTP/1.1" 200 -
2026-08-10 23:02:02,911 [INFO] werkzeug: 127.0.0.1 - - [10/Aug/2026 23:02:02] "GET /api/status HTTP/1.1" 200 -
2026-08-10 23:02:03,699 [INFO] werkzeug: 127.0.0.1 - - [10/Aug/2026 23:02:03] "GET /api/logs HTTP/1.1" 200 -
2026-08-10 23:02:03,739 [INFO] werkzeug: 127.0.0.1 - - [10/Aug/2026 23:02:03] "GET /api/status HTTP/1.1" 200 -
2026-08-10 23:02:04,896 [INFO] werkzeug: 127.0.0.1 - - [10/Aug/2026 23:02:04] "GET /api/logs HTTP/1.1" 200 -
2026-08-10 23:02:05,019 [INFO] werkzeug: 127.0.0.1 - - [10/Aug/2026 23:02:05] "GET /api/status HTTP/1.1" 200 -
2026-08-10 23:02:05,749 [INFO] werkzeug: 127.0.0.1 - - [10/Aug/2026 23:02:05] "GET /api/logs HTTP/1.1" 200 -
2026-08-10 23:02:09,567 [INFO] werkzeug: 127.0.0.1 - - [10/Aug/2026 23:02:09] "GET /api/status HTTP/1.1" 200 -
2026-08-10 23:02:09,855 [INFO] werkzeug: 127.0.0.1 - - [10/Aug/2026 23:02:09] "GET /api/logs HTTP/1.1" 200 -
2026-08-10 23:02:09,988 [INFO] src.etihad_scraper: Etihad Scraper stopped.
2026-08-10 23:02:09,990 [INFO] Orchestrator: --- Processing Passenger 2/214: PNR DSSP38, Last Name: JUDES ---
2026-08-10 23:02:09,990 [INFO] src.etihad_scraper: Starting Playwright browser for Etihad Scraper...
2026-08-10 23:02:11,589 [INFO] werkzeug: 127.0.0.1 - - [10/Aug/2026 23:02:11] "GET /api/status HTTP/1.1" 200 -
2026-08-10 23:02:12,495 [INFO] werkzeug: 127.0.0.1 - - [10/Aug/2026 23:02:12] "GET /api/logs HTTP/1.1" 200 -
2026-08-10 23:02:16,281 [INFO] werkzeug:  * Detected change in 'D:\\etihad airways\\app.py', reloading
2026-08-10 23:02:18,405 [INFO] werkzeug:  * Restarting with stat
2026-08-10 23:02:34,602 [WARNING] werkzeug:  * Debugger is active!
2026-08-10 23:02:34,615 [INFO] werkzeug:  * Debugger PIN: 794-833-364
2026-08-10 23:02:35,958 [INFO] werkzeug: 127.0.0.1 - - [10/Aug/2026 23:02:35] "GET /api/status HTTP/1.1" 200 -
2026-08-10 23:02:36,148 [INFO] werkzeug: 127.0.0.1 - - [10/Aug/2026 23:02:36] "GET /api/logs HTTP/1.1" 200 -
2026-08-10 23:02:36,274 [INFO] werkzeug: 127.0.0.1 - - [10/Aug/2026 23:02:36] "GET /api/status HTTP/1.1" 200 -
2026-08-10 23:02:36,990 [INFO] werkzeug: 127.0.0.1 - - [10/Aug/2026 23:02:36] "GET /api/status HTTP/1.1" 200 -
2026-08-10 23:02:37,000 [INFO] werkzeug: 127.0.0.1 - - [10/Aug/2026 23:02:37] "GET /api/logs HTTP/1.1" 200 -
2026-08-10 23:02:37,352 [INFO] werkzeug: 127.0.0.1 - - [10/Aug/2026 23:02:37] "GET /api/status HTTP/1.1" 200 -
2026-08-10 23:02:37,423 [INFO] werkzeug: 127.0.0.1 - - [10/Aug/2026 23:02:37] "GET /api/logs HTTP/1.1" 200 -
2026-08-10 23:02:37,668 [INFO] werkzeug: 127.0.0.1 - - [10/Aug/2026 23:02:37] "GET /api/status HTTP/1.1" 200 -
2026-08-10 23:02:38,066 [INFO] werkzeug: 127.0.0.1 - - [10/Aug/2026 23:02:38] "GET /api/logs HTTP/1.1" 200 -
2026-08-10 23:02:38,248 [INFO] werkzeug: 127.0.0.1 - - [10/Aug/2026 23:02:38] "GET /api/status HTTP/1.1" 200 -
2026-08-10 23:02:38,982 [INFO] werkzeug: 127.0.0.1 - - [10/Aug/2026 23:02:38] "GET /api/logs HTTP/1.1" 200 -
2026-08-10 23:02:39,025 [INFO] werkzeug: 127.0.0.1 - - [10/Aug/2026 23:02:39] "GET /api/status HTTP/1.1" 200 -
2026-08-10 23:02:39,629 [INFO] werkzeug: 127.0.0.1 - - [10/Aug/2026 23:02:39] "GET /api/status HTTP/1.1" 200 -
2026-08-10 23:02:39,632 [INFO] werkzeug: 127.0.0.1 - - [10/Aug/2026 23:02:39] "GET /api/logs HTTP/1.1" 200 -
2026-08-10 23:02:40,109 [INFO] werkzeug: 127.0.0.1 - - [10/Aug/2026 23:02:40] "GET /api/status HTTP/1.1" 200 -
2026-08-10 23:02:40,315 [INFO] werkzeug: 127.0.0.1 - - [10/Aug/2026 23:02:40] "GET /api/logs HTTP/1.1" 200 -
2026-08-10 23:02:40,946 [INFO] werkzeug: 127.0.0.1 - - [10/Aug/2026 23:02:40] "GET /api/logs HTTP/1.1" 200 -
2026-08-10 23:02:41,693 [INFO] werkzeug: 127.0.0.1 - - [10/Aug/2026 23:02:41] "GET /api/logs HTTP/1.1" 200 -
2026-08-10 23:02:42,809 [INFO] werkzeug: 127.0.0.1 - - [10/Aug/2026 23:02:42] "GET /api/logs HTTP/1.1" 200 -
2026-08-10 23:02:42,824 [INFO] werkzeug: 127.0.0.1 - - [10/Aug/2026 23:02:42] "GET /api/status HTTP/1.1" 200 -
2026-08-10 23:02:46,881 [INFO] werkzeug: 127.0.0.1 - - [10/Aug/2026 23:02:46] "GET /api/status HTTP/1.1" 200 -
2026-08-10 23:02:47,447 [INFO] werkzeug: 127.0.0.1 - - [10/Aug/2026 23:02:47] "GET /api/logs HTTP/1.1" 200 -
2026-08-10 23:02:49,666 [INFO] werkzeug: 127.0.0.1 - - [10/Aug/2026 23:02:49] "GET /api/status HTTP/1.1" 200 -
2026-08-10 23:02:49,720 [INFO] werkzeug: 127.0.0.1 - - [10/Aug/2026 23:02:49] "GET /api/logs HTTP/1.1" 200 -
2026-08-10 23:02:54,730 [INFO] werkzeug: 127.0.0.1 - - [10/Aug/2026 23:02:54] "[33mGET /service-worker.js HTTP/1.1[0m" 404 -
2026-08-10 23:03:30,233 [INFO] werkzeug: 127.0.0.1 - - [10/Aug/2026 23:03:30] "GET /api/status HTTP/1.1" 200 -
2026-08-10 23:03:30,367 [INFO] werkzeug: 127.0.0.1 - - [10/Aug/2026 23:03:30] "GET /api/logs HTTP/1.1" 200 -
2026-08-10 23:03:39,076 [INFO] werkzeug: 127.0.0.1 - - [10/Aug/2026 23:03:39] "GET /api/status HTTP/1.1" 200 -
2026-08-10 23:03:39,665 [INFO] werkzeug: 127.0.0.1 - - [10/Aug/2026 23:03:39] "GET /api/logs HTTP/1.1" 200 -
2026-08-10 23:03:40,805 [INFO] werkzeug: 127.0.0.1 - - [10/Aug/2026 23:03:40] "GET /api/status HTTP/1.1" 200 -
2026-08-10 23:03:40,962 [INFO] werkzeug: 127.0.0.1 - - [10/Aug/2026 23:03:40] "GET /api/logs HTTP/1.1" 200 -
2026-08-10 23:03:42,428 [INFO] werkzeug: 127.0.0.1 - - [10/Aug/2026 23:03:42] "GET /api/status HTTP/1.1" 200 -
2026-08-10 23:03:42,858 [INFO] werkzeug: 127.0.0.1 - - [10/Aug/2026 23:03:42] "GET /api/logs HTTP/1.1" 200 -
2026-08-10 23:03:44,918 [INFO] werkzeug: 127.0.0.1 - - [10/Aug/2026 23:03:44] "GET /api/status HTTP/1.1" 200 -
2026-08-10 23:03:45,010 [INFO] werkzeug: 127.0.0.1 - - [10/Aug/2026 23:03:45] "GET /api/logs HTTP/1.1" 200 -
2026-08-10 23:03:46,441 [INFO] werkzeug: 127.0.0.1 - - [10/Aug/2026 23:03:46] "GET /api/status HTTP/1.1" 200 -
2026-08-10 23:03:46,991 [INFO] werkzeug: 127.0.0.1 - - [10/Aug/2026 23:03:46] "GET /api/logs HTTP/1.1" 200 -
2026-08-10 23:03:48,725 [INFO] werkzeug: 127.0.0.1 - - [10/Aug/2026 23:03:48] "GET /api/status HTTP/1.1" 200 -
2026-08-10 23:03:48,850 [INFO] werkzeug: 127.0.0.1 - - [10/Aug/2026 23:03:48] "GET /api/logs HTTP/1.1" 200 -
2026-08-10 23:03:50,421 [INFO] werkzeug: 127.0.0.1 - - [10/Aug/2026 23:03:50] "GET /api/status HTTP/1.1" 200 -
2026-08-10 23:03:51,244 [INFO] werkzeug: 127.0.0.1 - - [10/Aug/2026 23:03:51] "GET /api/logs HTTP/1.1" 200 -
2026-08-10 23:03:52,627 [INFO] werkzeug: 127.0.0.1 - - [10/Aug/2026 23:03:52] "GET / HTTP/1.1" 200 -
2026-08-10 23:03:52,679 [INFO] werkzeug: 127.0.0.1 - - [10/Aug/2026 23:03:52] "GET /api/status HTTP/1.1" 200 -
2026-08-10 23:03:54,541 [INFO] werkzeug: 127.0.0.1 - - [10/Aug/2026 23:03:54] "GET /api/logs HTTP/1.1" 200 -
2026-08-10 23:03:57,639 [INFO] werkzeug: 127.0.0.1 - - [10/Aug/2026 23:03:57] "GET /api/status HTTP/1.1" 200 -
2026-08-10 23:03:57,877 [INFO] werkzeug: 127.0.0.1 - - [10/Aug/2026 23:03:57] "GET /api/logs HTTP/1.1" 200 -
2026-08-10 23:03:57,960 [INFO] werkzeug: 127.0.0.1 - - [10/Aug/2026 23:03:57] "[33mGET /meta.json HTTP/1.1[0m" 404 -
2026-08-10 23:03:58,218 [INFO] werkzeug: 127.0.0.1 - - [10/Aug/2026 23:03:58] "GET /api/logs HTTP/1.1" 200 -
2026-08-10 23:03:58,916 [INFO] werkzeug: 127.0.0.1 - - [10/Aug/2026 23:03:58] "GET /api/status HTTP/1.1" 200 -
2026-08-10 23:04:01,215 [INFO] werkzeug: 127.0.0.1 - - [10/Aug/2026 23:04:01] "GET /api/status HTTP/1.1" 200 -
2026-08-10 23:04:01,481 [INFO] werkzeug: 127.0.0.1 - - [10/Aug/2026 23:04:01] "GET /api/logs HTTP/1.1" 200 -
2026-08-10 23:04:01,603 [INFO] werkzeug: 127.0.0.1 - - [10/Aug/2026 23:04:01] "[33mGET /service-worker.js HTTP/1.1[0m" 404 -
2026-08-10 23:04:04,024 [INFO] werkzeug: 127.0.0.1 - - [10/Aug/2026 23:04:04] "GET /api/status HTTP/1.1" 200 -
2026-08-10 23:04:04,096 [INFO] werkzeug: 127.0.0.1 - - [10/Aug/2026 23:04:04] "GET /api/records HTTP/1.1" 200 -
2026-08-10 23:04:04,211 [INFO] werkzeug: 127.0.0.1 - - [10/Aug/2026 23:04:04] "GET /api/logs HTTP/1.1" 200 -
2026-08-10 23:04:04,986 [INFO] werkzeug: 127.0.0.1 - - [10/Aug/2026 23:04:04] "GET /api/records HTTP/1.1" 200 -
2026-08-10 23:04:06,351 [INFO] werkzeug: 127.0.0.1 - - [10/Aug/2026 23:04:06] "GET /api/records HTTP/1.1" 200 -
2026-08-10 23:04:06,367 [INFO] werkzeug: 127.0.0.1 - - [10/Aug/2026 23:04:06] "GET /api/status HTTP/1.1" 200 -
2026-08-10 23:04:06,608 [INFO] werkzeug: 127.0.0.1 - - [10/Aug/2026 23:04:06] "GET /api/logs HTTP/1.1" 200 -
2026-08-10 23:04:09,014 [INFO] werkzeug: 127.0.0.1 - - [10/Aug/2026 23:04:09] "GET /api/status HTTP/1.1" 200 -
2026-08-10 23:04:09,210 [INFO] werkzeug: 127.0.0.1 - - [10/Aug/2026 23:04:09] "GET /api/logs HTTP/1.1" 200 -
2026-08-10 23:04:11,021 [INFO] werkzeug: 127.0.0.1 - - [10/Aug/2026 23:04:11] "GET /api/status HTTP/1.1" 200 -
2026-08-10 23:04:12,073 [INFO] werkzeug: 127.0.0.1 - - [10/Aug/2026 23:04:12] "GET /api/logs HTTP/1.1" 200 -
2026-08-10 23:04:12,352 [INFO] werkzeug: 127.0.0.1 - - [10/Aug/2026 23:04:12] "GET /api/records HTTP/1.1" 200 -
2026-08-10 23:04:13,703 [INFO] werkzeug: 127.0.0.1 - - [10/Aug/2026 23:04:13] "GET /api/status HTTP/1.1" 200 -
2026-08-10 23:04:13,877 [INFO] werkzeug: 127.0.0.1 - - [10/Aug/2026 23:04:13] "GET /api/logs HTTP/1.1" 200 -
2026-08-10 23:04:15,594 [INFO] werkzeug: 127.0.0.1 - - [10/Aug/2026 23:04:15] "GET /api/status HTTP/1.1" 200 -
2026-08-10 23:04:16,366 [INFO] werkzeug: 127.0.0.1 - - [10/Aug/2026 23:04:16] "GET /api/records HTTP/1.1" 200 -
2026-08-10 23:04:16,449 [INFO] werkzeug: 127.0.0.1 - - [10/Aug/2026 23:04:16] "GET /api/logs HTTP/1.1" 200 -
2026-08-10 23:04:18,652 [INFO] werkzeug: 127.0.0.1 - - [10/Aug/2026 23:04:18] "GET /api/status HTTP/1.1" 200 -
2026-08-10 23:04:18,666 [INFO] werkzeug: 127.0.0.1 - - [10/Aug/2026 23:04:18] "GET /api/logs HTTP/1.1" 200 -
2026-08-10 23:04:20,641 [INFO] werkzeug: 127.0.0.1 - - [10/Aug/2026 23:04:20] "GET /api/status HTTP/1.1" 200 -
2026-08-10 23:04:21,168 [INFO] werkzeug: 127.0.0.1 - - [10/Aug/2026 23:04:21] "GET /api/logs HTTP/1.1" 200 -
2026-08-10 23:04:21,567 [INFO] werkzeug: 127.0.0.1 - - [10/Aug/2026 23:04:21] "GET /api/records HTTP/1.1" 200 -
2026-08-10 23:04:23,767 [INFO] werkzeug: 127.0.0.1 - - [10/Aug/2026 23:04:23] "GET /api/status HTTP/1.1" 200 -
2026-08-10 23:04:23,907 [INFO] werkzeug: 127.0.0.1 - - [10/Aug/2026 23:04:23] "GET /api/logs HTTP/1.1" 200 -
2026-08-10 23:04:25,618 [INFO] werkzeug: 127.0.0.1 - - [10/Aug/2026 23:04:25] "GET /api/status HTTP/1.1" 200 -
2026-08-10 23:04:26,266 [INFO] werkzeug: 127.0.0.1 - - [10/Aug/2026 23:04:26] "GET /api/records HTTP/1.1" 200 -
2026-08-10 23:04:26,459 [INFO] werkzeug: 127.0.0.1 - - [10/Aug/2026 23:04:26] "GET /api/logs HTTP/1.1" 200 -
2026-08-10 23:04:28,461 [INFO] werkzeug: 127.0.0.1 - - [10/Aug/2026 23:04:28] "GET /api/status HTTP/1.1" 200 -
2026-08-10 23:04:28,549 [INFO] werkzeug: 127.0.0.1 - - [10/Aug/2026 23:04:28] "GET /api/logs HTTP/1.1" 200 -
2026-08-10 23:04:30,617 [INFO] werkzeug: 127.0.0.1 - - [10/Aug/2026 23:04:30] "GET /api/status HTTP/1.1" 200 -
2026-08-10 23:04:31,029 [INFO] werkzeug: 127.0.0.1 - - [10/Aug/2026 23:04:31] "GET /api/logs HTTP/1.1" 200 -
2026-08-10 23:04:31,145 [INFO] werkzeug: 127.0.0.1 - - [10/Aug/2026 23:04:31] "GET /api/records HTTP/1.1" 200 -
2026-08-10 23:04:33,534 [INFO] werkzeug: 127.0.0.1 - - [10/Aug/2026 23:04:33] "GET /api/status HTTP/1.1" 200 -
2026-08-10 23:04:33,625 [INFO] werkzeug: 127.0.0.1 - - [10/Aug/2026 23:04:33] "GET /api/logs HTTP/1.1" 200 -
2026-08-10 23:04:36,402 [INFO] werkzeug: 127.0.0.1 - - [10/Aug/2026 23:04:36] "GET /api/status HTTP/1.1" 200 -
2026-08-10 23:04:36,793 [INFO] werkzeug: 127.0.0.1 - - [10/Aug/2026 23:04:36] "GET /api/logs HTTP/1.1" 200 -
2026-08-10 23:04:36,974 [INFO] werkzeug: 127.0.0.1 - - [10/Aug/2026 23:04:36] "GET /api/records HTTP/1.1" 200 -
2026-08-10 23:04:38,918 [INFO] werkzeug: 127.0.0.1 - - [10/Aug/2026 23:04:38] "GET /api/status HTTP/1.1" 200 -
2026-08-10 23:04:39,018 [INFO] werkzeug: 127.0.0.1 - - [10/Aug/2026 23:04:39] "GET /api/logs HTTP/1.1" 200 -
2026-08-10 23:04:45,430 [INFO] werkzeug: 127.0.0.1 - - [10/Aug/2026 23:04:45] "GET /api/status HTTP/1.1" 200 -
2026-08-10 23:04:46,109 [INFO] werkzeug: 127.0.0.1 - - [10/Aug/2026 23:04:46] "GET /api/logs HTTP/1.1" 200 -
2026-08-10 23:04:46,203 [INFO] werkzeug: 127.0.0.1 - - [10/Aug/2026 23:04:46] "GET /api/records HTTP/1.1" 200 -
2026-08-10 23:04:46,206 [INFO] werkzeug: 127.0.0.1 - - [10/Aug/2026 23:04:46] "GET /api/status HTTP/1.1" 200 -
2026-08-10 23:04:46,404 [INFO] werkzeug: 127.0.0.1 - - [10/Aug/2026 23:04:46] "GET /api/logs HTTP/1.1" 200 -
2026-08-10 23:04:47,333 [INFO] werkzeug: 127.0.0.1 - - [10/Aug/2026 23:04:47] "GET /api/status HTTP/1.1" 200 -
2026-08-10 23:04:47,690 [INFO] werkzeug: 127.0.0.1 - - [10/Aug/2026 23:04:47] "GET /api/logs HTTP/1.1" 200 -
2026-08-10 23:04:48,093 [INFO] werkzeug: 127.0.0.1 - - [10/Aug/2026 23:04:48] "GET /api/records HTTP/1.1" 200 -
2026-08-10 23:04:48,749 [INFO] werkzeug: 127.0.0.1 - - [10/Aug/2026 23:04:48] "GET /api/status HTTP/1.1" 200 -
2026-08-10 23:04:49,123 [INFO] werkzeug: 127.0.0.1 - - [10/Aug/2026 23:04:49] "GET /api/logs HTTP/1.1" 200 -
2026-08-10 23:04:51,779 [INFO] werkzeug: 127.0.0.1 - - [10/Aug/2026 23:04:51] "GET /api/status HTTP/1.1" 200 -
2026-08-10 23:04:52,355 [INFO] werkzeug: 127.0.0.1 - - [10/Aug/2026 23:04:52] "GET /api/records HTTP/1.1" 200 -
2026-08-10 23:04:52,382 [INFO] werkzeug: 127.0.0.1 - - [10/Aug/2026 23:04:52] "GET /api/logs HTTP/1.1" 200 -
2026-08-10 23:04:54,420 [INFO] werkzeug: 127.0.0.1 - - [10/Aug/2026 23:04:54] "GET /api/status HTTP/1.1" 200 -
2026-08-10 23:04:54,920 [INFO] werkzeug: 127.0.0.1 - - [10/Aug/2026 23:04:54] "GET /api/logs HTTP/1.1" 200 -
2026-08-10 23:04:56,543 [INFO] werkzeug: 127.0.0.1 - - [10/Aug/2026 23:04:56] "GET /api/status HTTP/1.1" 200 -
2026-08-10 23:04:57,160 [INFO] werkzeug: 127.0.0.1 - - [10/Aug/2026 23:04:57] "GET /api/logs HTTP/1.1" 200 -
2026-08-10 23:04:57,305 [INFO] werkzeug: 127.0.0.1 - - [10/Aug/2026 23:04:57] "GET /api/records HTTP/1.1" 200 -
2026-08-10 23:04:59,585 [INFO] werkzeug: 127.0.0.1 - - [10/Aug/2026 23:04:59] "GET /api/status HTTP/1.1" 200 -
2026-08-10 23:04:59,963 [INFO] werkzeug: 127.0.0.1 - - [10/Aug/2026 23:04:59] "GET /api/logs HTTP/1.1" 200 -
2026-08-10 23:05:02,586 [INFO] werkzeug: 127.0.0.1 - - [10/Aug/2026 23:05:02] "GET /api/status HTTP/1.1" 200 -
2026-08-10 23:05:03,409 [INFO] werkzeug: 127.0.0.1 - - [10/Aug/2026 23:05:03] "GET /api/logs HTTP/1.1" 200 -
2026-08-10 23:05:03,417 [INFO] werkzeug: 127.0.0.1 - - [10/Aug/2026 23:05:03] "GET /api/records HTTP/1.1" 200 -
2026-08-10 23:05:04,536 [INFO] werkzeug: 127.0.0.1 - - [10/Aug/2026 23:05:04] "GET /api/status HTTP/1.1" 200 -
2026-08-10 23:05:06,100 [INFO] werkzeug: 127.0.0.1 - - [10/Aug/2026 23:05:06] "GET /api/logs HTTP/1.1" 200 -
2026-08-10 23:05:08,917 [INFO] werkzeug: 127.0.0.1 - - [10/Aug/2026 23:05:08] "GET /api/status HTTP/1.1" 200 -
2026-08-10 23:05:09,329 [INFO] werkzeug: 127.0.0.1 - - [10/Aug/2026 23:05:09] "GET /api/logs HTTP/1.1" 200 -
2026-08-10 23:05:09,561 [INFO] werkzeug: 127.0.0.1 - - [10/Aug/2026 23:05:09] "GET /api/records HTTP/1.1" 200 -
2026-08-10 23:05:09,566 [INFO] werkzeug: 127.0.0.1 - - [10/Aug/2026 23:05:09] "GET /api/status HTTP/1.1" 200 -
2026-08-10 23:05:09,662 [INFO] werkzeug: 127.0.0.1 - - [10/Aug/2026 23:05:09] "GET /api/logs HTTP/1.1" 200 -
2026-08-10 23:05:12,700 [INFO] werkzeug: 127.0.0.1 - - [10/Aug/2026 23:05:12] "GET /api/status HTTP/1.1" 200 -
2026-08-10 23:05:13,964 [INFO] werkzeug: 127.0.0.1 - - [10/Aug/2026 23:05:13] "GET /api/logs HTTP/1.1" 200 -
2026-08-10 23:05:14,244 [INFO] werkzeug: 127.0.0.1 - - [10/Aug/2026 23:05:14] "GET /api/records HTTP/1.1" 200 -
2026-08-10 23:05:20,865 [INFO] werkzeug: 127.0.0.1 - - [10/Aug/2026 23:05:20] "GET /api/status HTTP/1.1" 200 -
2026-08-10 23:05:21,428 [INFO] werkzeug: 127.0.0.1 - - [10/Aug/2026 23:05:21] "GET /api/status HTTP/1.1" 200 -
2026-08-10 23:05:21,475 [INFO] werkzeug: 127.0.0.1 - - [10/Aug/2026 23:05:21] "GET /api/logs HTTP/1.1" 200 -
2026-08-10 23:05:21,588 [INFO] werkzeug: 127.0.0.1 - - [10/Aug/2026 23:05:21] "GET /api/records HTTP/1.1" 200 -
2026-08-10 23:05:21,835 [INFO] werkzeug: 127.0.0.1 - - [10/Aug/2026 23:05:21] "GET /api/logs HTTP/1.1" 200 -
2026-08-10 23:05:24,844 [INFO] werkzeug: 127.0.0.1 - - [10/Aug/2026 23:05:24] "GET /api/status HTTP/1.1" 200 -
2026-08-10 23:05:26,895 [INFO] werkzeug: 127.0.0.1 - - [10/Aug/2026 23:05:26] "GET /api/logs HTTP/1.1" 200 -
2026-08-10 23:05:26,956 [INFO] werkzeug: 127.0.0.1 - - [10/Aug/2026 23:05:26] "GET /api/status HTTP/1.1" 200 -
2026-08-10 23:05:27,031 [INFO] werkzeug: 127.0.0.1 - - [10/Aug/2026 23:05:27] "GET /api/records HTTP/1.1" 200 -
2026-08-10 23:05:32,606 [INFO] werkzeug: 127.0.0.1 - - [10/Aug/2026 23:05:32] "GET /api/status HTTP/1.1" 200 -
2026-08-10 23:05:33,202 [INFO] werkzeug: 127.0.0.1 - - [10/Aug/2026 23:05:33] "GET /api/logs HTTP/1.1" 200 -
2026-08-10 23:05:34,139 [INFO] werkzeug: 127.0.0.1 - - [10/Aug/2026 23:05:34] "GET /api/records HTTP/1.1" 200 -
2026-08-10 23:06:04,610 [INFO] werkzeug: 127.0.0.1 - - [10/Aug/2026 23:06:04] "[33mGET /service-worker.js HTTP/1.1[0m" 404 -
2026-08-10 23:06:43,193 [INFO] werkzeug: 127.0.0.1 - - [10/Aug/2026 23:06:43] "GET /api/status HTTP/1.1" 200 -
2026-08-10 23:06:43,656 [INFO] werkzeug: 127.0.0.1 - - [10/Aug/2026 23:06:43] "GET /api/logs HTTP/1.1" 200 -
2026-08-10 23:06:44,130 [INFO] werkzeug: 127.0.0.1 - - [10/Aug/2026 23:06:44] "GET /api/records HTTP/1.1" 200 -
2026-08-10 23:06:44,149 [INFO] werkzeug: 127.0.0.1 - - [10/Aug/2026 23:06:44] "GET /api/status HTTP/1.1" 200 -
2026-08-10 23:06:44,656 [INFO] werkzeug: 127.0.0.1 - - [10/Aug/2026 23:06:44] "GET /api/logs HTTP/1.1" 200 -
2026-08-10 23:06:46,311 [INFO] werkzeug: 127.0.0.1 - - [10/Aug/2026 23:06:46] "GET /api/status HTTP/1.1" 200 -
2026-08-10 23:06:46,807 [INFO] werkzeug: 127.0.0.1 - - [10/Aug/2026 23:06:46] "GET /api/logs HTTP/1.1" 200 -
2026-08-10 23:06:47,174 [INFO] werkzeug: 127.0.0.1 - - [10/Aug/2026 23:06:47] "GET /api/records HTTP/1.1" 200 -
2026-08-10 23:06:48,475 [INFO] werkzeug: 127.0.0.1 - - [10/Aug/2026 23:06:48] "GET / HTTP/1.1" 200 -
2026-08-10 23:06:52,158 [INFO] werkzeug: 127.0.0.1 - - [10/Aug/2026 23:06:52] "GET /api/status HTTP/1.1" 200 -
2026-08-10 23:06:52,220 [INFO] werkzeug: 127.0.0.1 - - [10/Aug/2026 23:06:52] "GET /api/logs HTTP/1.1" 200 -
2026-08-10 23:06:53,811 [INFO] werkzeug: 127.0.0.1 - - [10/Aug/2026 23:06:53] "GET /api/records HTTP/1.1" 200 -
2026-08-10 23:06:53,838 [INFO] werkzeug: 127.0.0.1 - - [10/Aug/2026 23:06:53] "[33mGET /meta.json HTTP/1.1[0m" 404 -
2026-08-10 23:06:53,927 [INFO] werkzeug: 127.0.0.1 - - [10/Aug/2026 23:06:53] "GET /api/status HTTP/1.1" 200 -
2026-08-10 23:06:54,207 [INFO] werkzeug: 127.0.0.1 - - [10/Aug/2026 23:06:54] "GET /api/logs HTTP/1.1" 200 -
2026-08-10 23:06:55,872 [INFO] werkzeug: 127.0.0.1 - - [10/Aug/2026 23:06:55] "GET /api/logs HTTP/1.1" 200 -
2026-08-10 23:06:55,958 [INFO] werkzeug: 127.0.0.1 - - [10/Aug/2026 23:06:55] "GET /api/status HTTP/1.1" 200 -
2026-08-10 23:06:57,304 [INFO] werkzeug: 127.0.0.1 - - [10/Aug/2026 23:06:57] "GET /api/records HTTP/1.1" 200 -
2026-08-10 23:06:57,357 [INFO] werkzeug: 127.0.0.1 - - [10/Aug/2026 23:06:57] "[33mGET /service-worker.js HTTP/1.1[0m" 404 -
2026-08-10 23:06:58,564 [INFO] werkzeug: 127.0.0.1 - - [10/Aug/2026 23:06:58] "GET /api/status HTTP/1.1" 200 -
2026-08-10 23:07:00,821 [INFO] werkzeug: 127.0.0.1 - - [10/Aug/2026 23:07:00] "GET /api/logs HTTP/1.1" 200 -
2026-08-10 23:07:01,695 [INFO] werkzeug: 127.0.0.1 - - [10/Aug/2026 23:07:01] "GET /api/status HTTP/1.1" 200 -
2026-08-10 23:07:01,696 [INFO] werkzeug: 127.0.0.1 - - [10/Aug/2026 23:07:01] "GET /api/records HTTP/1.1" 200 -
2026-08-10 23:07:03,059 [INFO] werkzeug: 127.0.0.1 - - [10/Aug/2026 23:07:03] "GET /api/logs HTTP/1.1" 200 -
2026-08-10 23:07:03,071 [INFO] werkzeug: 127.0.0.1 - - [10/Aug/2026 23:07:03] "GET /api/status HTTP/1.1" 200 -
2026-08-10 23:07:03,858 [INFO] werkzeug: 127.0.0.1 - - [10/Aug/2026 23:07:03] "GET /api/records HTTP/1.1" 200 -
2026-08-10 23:07:03,922 [INFO] werkzeug: 127.0.0.1 - - [10/Aug/2026 23:07:03] "GET /api/status HTTP/1.1" 200 -
2026-08-10 23:07:04,326 [INFO] werkzeug: 127.0.0.1 - - [10/Aug/2026 23:07:04] "GET /api/logs HTTP/1.1" 200 -
2026-08-10 23:07:05,360 [INFO] werkzeug: 127.0.0.1 - - [10/Aug/2026 23:07:05] "GET /api/logs HTTP/1.1" 200 -
2026-08-10 23:07:05,638 [INFO] werkzeug: 127.0.0.1 - - [10/Aug/2026 23:07:05] "GET /api/status HTTP/1.1" 200 -
2026-08-10 23:07:06,265 [INFO] werkzeug: 127.0.0.1 - - [10/Aug/2026 23:07:06] "GET /api/logs HTTP/1.1" 200 -
2026-08-10 23:07:07,448 [INFO] werkzeug: 127.0.0.1 - - [10/Aug/2026 23:07:07] "GET /api/status HTTP/1.1" 200 -
2026-08-10 23:07:07,723 [INFO] werkzeug: 127.0.0.1 - - [10/Aug/2026 23:07:07] "GET /api/logs HTTP/1.1" 200 -
2026-08-10 23:07:08,197 [INFO] werkzeug: 127.0.0.1 - - [10/Aug/2026 23:07:08] "GET /api/records HTTP/1.1" 200 -
2026-08-10 23:07:08,976 [INFO] werkzeug: 127.0.0.1 - - [10/Aug/2026 23:07:08] "GET /api/status HTTP/1.1" 200 -
2026-08-10 23:07:09,605 [INFO] werkzeug: 127.0.0.1 - - [10/Aug/2026 23:07:09] "GET /api/logs HTTP/1.1" 200 -
2026-08-10 23:07:11,581 [INFO] werkzeug: 127.0.0.1 - - [10/Aug/2026 23:07:11] "GET /api/status HTTP/1.1" 200 -
2026-08-10 23:07:12,138 [INFO] werkzeug: 127.0.0.1 - - [10/Aug/2026 23:07:12] "GET /api/records HTTP/1.1" 200 -
2026-08-10 23:07:12,173 [INFO] werkzeug: 127.0.0.1 - - [10/Aug/2026 23:07:12] "GET /api/logs HTTP/1.1" 200 -
2026-08-10 23:07:13,186 [INFO] werkzeug: 127.0.0.1 - - [10/Aug/2026 23:07:13] "GET /api/status HTTP/1.1" 200 -
2026-08-10 23:07:14,002 [INFO] werkzeug: 127.0.0.1 - - [10/Aug/2026 23:07:14] "GET /api/logs HTTP/1.1" 200 -
2026-08-10 23:07:15,567 [INFO] werkzeug: 127.0.0.1 - - [10/Aug/2026 23:07:15] "GET /api/status HTTP/1.1" 200 -
2026-08-10 23:07:16,156 [INFO] werkzeug: 127.0.0.1 - - [10/Aug/2026 23:07:16] "GET /api/logs HTTP/1.1" 200 -
2026-08-10 23:07:16,547 [INFO] werkzeug: 127.0.0.1 - - [10/Aug/2026 23:07:16] "GET /api/records HTTP/1.1" 200 -
2026-08-10 23:07:17,078 [INFO] werkzeug: 127.0.0.1 - - [10/Aug/2026 23:07:17] "GET /api/status HTTP/1.1" 200 -
2026-08-10 23:07:17,873 [INFO] werkzeug: 127.0.0.1 - - [10/Aug/2026 23:07:17] "GET /api/logs HTTP/1.1" 200 -
2026-08-10 23:07:19,709 [INFO] werkzeug: 127.0.0.1 - - [10/Aug/2026 23:07:19] "GET /api/status HTTP/1.1" 200 -
2026-08-10 23:07:19,867 [INFO] werkzeug: 127.0.0.1 - - [10/Aug/2026 23:07:19] "GET /api/logs HTTP/1.1" 200 -
2026-08-10 23:07:20,106 [INFO] werkzeug: 127.0.0.1 - - [10/Aug/2026 23:07:20] "GET /api/records HTTP/1.1" 200 -
2026-08-10 23:07:20,949 [INFO] werkzeug: 127.0.0.1 - - [10/Aug/2026 23:07:20] "GET /api/status HTTP/1.1" 200 -
2026-08-10 23:07:21,908 [INFO] werkzeug: 127.0.0.1 - - [10/Aug/2026 23:07:21] "GET /api/logs HTTP/1.1" 200 -
2026-08-10 23:07:23,457 [INFO] werkzeug: 127.0.0.1 - - [10/Aug/2026 23:07:23] "GET /api/status HTTP/1.1" 200 -
2026-08-10 23:07:23,855 [INFO] werkzeug: 127.0.0.1 - - [10/Aug/2026 23:07:23] "GET /api/logs HTTP/1.1" 200 -
2026-08-10 23:07:24,148 [INFO] werkzeug: 127.0.0.1 - - [10/Aug/2026 23:07:24] "GET /api/records HTTP/1.1" 200 -
2026-08-10 23:07:24,947 [INFO] werkzeug: 127.0.0.1 - - [10/Aug/2026 23:07:24] "GET /api/status HTTP/1.1" 200 -
2026-08-10 23:07:25,465 [INFO] werkzeug: 127.0.0.1 - - [10/Aug/2026 23:07:25] "GET /api/logs HTTP/1.1" 200 -
2026-08-10 23:07:27,315 [INFO] werkzeug: 127.0.0.1 - - [10/Aug/2026 23:07:27] "GET /api/status HTTP/1.1" 200 -
2026-08-10 23:07:27,554 [INFO] werkzeug: 127.0.0.1 - - [10/Aug/2026 23:07:27] "GET /api/logs HTTP/1.1" 200 -
2026-08-10 23:07:28,258 [INFO] werkzeug: 127.0.0.1 - - [10/Aug/2026 23:07:28] "GET /api/records HTTP/1.1" 200 -
2026-08-10 23:07:28,985 [INFO] werkzeug: 127.0.0.1 - - [10/Aug/2026 23:07:28] "GET /api/status HTTP/1.1" 200 -
2026-08-10 23:07:29,525 [INFO] werkzeug: 127.0.0.1 - - [10/Aug/2026 23:07:29] "GET /api/logs HTTP/1.1" 200 -
2026-08-10 23:07:31,351 [INFO] werkzeug: 127.0.0.1 - - [10/Aug/2026 23:07:31] "GET /api/status HTTP/1.1" 200 -
2026-08-10 23:07:31,800 [INFO] werkzeug: 127.0.0.1 - - [10/Aug/2026 23:07:31] "GET /api/records HTTP/1.1" 200 -
2026-08-10 23:07:31,805 [INFO] werkzeug: 127.0.0.1 - - [10/Aug/2026 23:07:31] "GET /api/logs HTTP/1.1" 200 -
2026-08-10 23:07:32,941 [INFO] werkzeug: 127.0.0.1 - - [10/Aug/2026 23:07:32] "GET /api/status HTTP/1.1" 200 -
2026-08-10 23:07:33,369 [INFO] werkzeug: 127.0.0.1 - - [10/Aug/2026 23:07:33] "GET /api/logs HTTP/1.1" 200 -
2026-08-10 23:07:35,267 [INFO] werkzeug: 127.0.0.1 - - [10/Aug/2026 23:07:35] "GET /api/status HTTP/1.1" 200 -
2026-08-10 23:07:35,557 [INFO] werkzeug: 127.0.0.1 - - [10/Aug/2026 23:07:35] "GET /api/records HTTP/1.1" 200 -
2026-08-10 23:07:35,564 [INFO] werkzeug: 127.0.0.1 - - [10/Aug/2026 23:07:35] "GET /api/logs HTTP/1.1" 200 -
2026-08-10 23:07:36,952 [INFO] werkzeug: 127.0.0.1 - - [10/Aug/2026 23:07:36] "GET /api/status HTTP/1.1" 200 -
2026-08-10 23:07:37,405 [INFO] werkzeug: 127.0.0.1 - - [10/Aug/2026 23:07:37] "GET /api/logs HTTP/1.1" 200 -
2026-08-10 23:07:39,332 [INFO] werkzeug: 127.0.0.1 - - [10/Aug/2026 23:07:39] "GET /api/status HTTP/1.1" 200 -
2026-08-10 23:07:39,400 [INFO] werkzeug: 127.0.0.1 - - [10/Aug/2026 23:07:39] "GET /api/logs HTTP/1.1" 200 -
2026-08-10 23:07:39,815 [INFO] werkzeug: 127.0.0.1 - - [10/Aug/2026 23:07:39] "GET /api/records HTTP/1.1" 200 -
2026-08-10 23:07:40,974 [INFO] werkzeug: 127.0.0.1 - - [10/Aug/2026 23:07:40] "GET /api/status HTTP/1.1" 200 -
2026-08-10 23:07:41,419 [INFO] werkzeug: 127.0.0.1 - - [10/Aug/2026 23:07:41] "GET /api/logs HTTP/1.1" 200 -
2026-08-10 23:07:43,303 [INFO] werkzeug: 127.0.0.1 - - [10/Aug/2026 23:07:43] "GET /api/status HTTP/1.1" 200 -
2026-08-10 23:07:43,584 [INFO] werkzeug: 127.0.0.1 - - [10/Aug/2026 23:07:43] "GET /api/records HTTP/1.1" 200 -
2026-08-10 23:07:43,637 [INFO] werkzeug: 127.0.0.1 - - [10/Aug/2026 23:07:43] "GET /api/logs HTTP/1.1" 200 -
2026-08-10 23:07:44,949 [INFO] werkzeug: 127.0.0.1 - - [10/Aug/2026 23:07:44] "GET /api/status HTTP/1.1" 200 -
2026-08-10 23:07:45,388 [INFO] werkzeug: 127.0.0.1 - - [10/Aug/2026 23:07:45] "GET /api/logs HTTP/1.1" 200 -
2026-08-10 23:07:47,362 [INFO] werkzeug: 127.0.0.1 - - [10/Aug/2026 23:07:47] "GET /api/status HTTP/1.1" 200 -
2026-08-10 23:07:47,722 [INFO] werkzeug: 127.0.0.1 - - [10/Aug/2026 23:07:47] "GET /api/logs HTTP/1.1" 200 -
2026-08-10 23:07:47,763 [INFO] werkzeug: 127.0.0.1 - - [10/Aug/2026 23:07:47] "GET /api/records HTTP/1.1" 200 -
2026-08-10 23:07:48,947 [INFO] werkzeug: 127.0.0.1 - - [10/Aug/2026 23:07:48] "GET /api/status HTTP/1.1" 200 -
2026-08-10 23:07:49,399 [INFO] werkzeug: 127.0.0.1 - - [10/Aug/2026 23:07:49] "GET /api/logs HTTP/1.1" 200 -
2026-08-10 23:07:51,354 [INFO] werkzeug: 127.0.0.1 - - [10/Aug/2026 23:07:51] "GET /api/status HTTP/1.1" 200 -
2026-08-10 23:07:51,489 [INFO] werkzeug: 127.0.0.1 - - [10/Aug/2026 23:07:51] "GET /api/logs HTTP/1.1" 200 -
2026-08-10 23:07:51,669 [INFO] werkzeug: 127.0.0.1 - - [10/Aug/2026 23:07:51] "GET /api/records HTTP/1.1" 200 -
2026-08-10 23:07:52,940 [INFO] werkzeug: 127.0.0.1 - - [10/Aug/2026 23:07:52] "GET /api/status HTTP/1.1" 200 -
2026-08-10 23:07:53,465 [INFO] werkzeug: 127.0.0.1 - - [10/Aug/2026 23:07:53] "GET /api/logs HTTP/1.1" 200 -
2026-08-10 23:07:57,088 [INFO] werkzeug: 127.0.0.1 - - [10/Aug/2026 23:07:57] "GET /api/status HTTP/1.1" 200 -
2026-08-10 23:07:57,706 [INFO] werkzeug: 127.0.0.1 - - [10/Aug/2026 23:07:57] "GET /api/logs HTTP/1.1" 200 -
2026-08-10 23:07:57,860 [INFO] werkzeug: 127.0.0.1 - - [10/Aug/2026 23:07:57] "GET /api/records HTTP/1.1" 200 -
2026-08-10 23:07:57,863 [INFO] werkzeug: 127.0.0.1 - - [10/Aug/2026 23:07:57] "GET /api/status HTTP/1.1" 200 -
2026-08-10 23:07:58,197 [INFO] werkzeug: 127.0.0.1 - - [10/Aug/2026 23:07:58] "GET /api/logs HTTP/1.1" 200 -
2026-08-10 23:08:00,261 [INFO] werkzeug: 127.0.0.1 - - [10/Aug/2026 23:08:00] "GET /api/status HTTP/1.1" 200 -
2026-08-10 23:08:00,462 [INFO] werkzeug: 127.0.0.1 - - [10/Aug/2026 23:08:00] "GET /api/records HTTP/1.1" 200 -
2026-08-10 23:08:00,465 [INFO] werkzeug: 127.0.0.1 - - [10/Aug/2026 23:08:00] "GET /api/logs HTTP/1.1" 200 -
2026-08-10 23:17:33,121 [INFO] werkzeug: [31m[1mWARNING: This is a development server. Do not use it in a production deployment. Use a production WSGI server instead.[0m
 * Running on http://127.0.0.1:5000
2026-08-10 23:17:33,122 [INFO] werkzeug: [33mPress CTRL+C to quit[0m
2026-08-10 23:17:33,129 [INFO] werkzeug:  * Restarting with stat
2026-08-10 23:17:41,606 [WARNING] werkzeug:  * Debugger is active!
2026-08-10 23:17:41,618 [INFO] werkzeug:  * Debugger PIN: 794-833-364
2026-08-10 23:17:46,548 [INFO] werkzeug: 127.0.0.1 - - [10/Aug/2026 23:17:46] "GET /api/status HTTP/1.1" 200 -
2026-08-10 23:17:46,654 [INFO] werkzeug: 127.0.0.1 - - [10/Aug/2026 23:17:46] "GET /api/logs HTTP/1.1" 200 -
2026-08-10 23:17:49,170 [INFO] werkzeug: 127.0.0.1 - - [10/Aug/2026 23:17:49] "GET /api/records HTTP/1.1" 200 -
2026-08-10 23:18:01,465 [INFO] werkzeug: 127.0.0.1 - - [10/Aug/2026 23:18:01] "GET /api/status HTTP/1.1" 200 -
2026-08-10 23:18:03,078 [INFO] werkzeug: 127.0.0.1 - - [10/Aug/2026 23:18:03] "GET /api/logs HTTP/1.1" 200 -
2026-08-10 23:18:03,596 [INFO] werkzeug: 127.0.0.1 - - [10/Aug/2026 23:18:03] "GET /api/records HTTP/1.1" 200 -
2026-08-10 23:18:03,646 [INFO] werkzeug: 127.0.0.1 - - [10/Aug/2026 23:18:03] "GET / HTTP/1.1" 200 -
2026-08-10 23:18:03,895 [INFO] werkzeug: 127.0.0.1 - - [10/Aug/2026 23:18:03] "GET /api/status HTTP/1.1" 200 -
2026-08-10 23:18:05,758 [INFO] werkzeug: 127.0.0.1 - - [10/Aug/2026 23:18:05] "GET /api/logs HTTP/1.1" 200 -
2026-08-10 23:18:05,762 [INFO] werkzeug: 127.0.0.1 - - [10/Aug/2026 23:18:05] "GET /api/status HTTP/1.1" 200 -
2026-08-10 23:18:07,111 [INFO] werkzeug: 127.0.0.1 - - [10/Aug/2026 23:18:07] "GET /api/logs HTTP/1.1" 200 -
2026-08-10 23:18:07,660 [INFO] werkzeug: 127.0.0.1 - - [10/Aug/2026 23:18:07] "GET /api/records HTTP/1.1" 200 -
2026-08-10 23:18:07,664 [INFO] werkzeug: 127.0.0.1 - - [10/Aug/2026 23:18:07] "[33mGET /meta.json HTTP/1.1[0m" 404 -
2026-08-10 23:18:07,815 [INFO] werkzeug: 127.0.0.1 - - [10/Aug/2026 23:18:07] "GET /api/status HTTP/1.1" 200 -
2026-08-10 23:18:08,709 [INFO] werkzeug: 127.0.0.1 - - [10/Aug/2026 23:18:08] "GET /api/logs HTTP/1.1" 200 -
2026-08-10 23:18:09,175 [INFO] werkzeug: 127.0.0.1 - - [10/Aug/2026 23:18:09] "GET /api/status HTTP/1.1" 200 -
2026-08-10 23:18:09,712 [INFO] werkzeug: 127.0.0.1 - - [10/Aug/2026 23:18:09] "GET /api/records HTTP/1.1" 200 -
2026-08-10 23:18:09,914 [INFO] werkzeug: 127.0.0.1 - - [10/Aug/2026 23:18:09] "GET /api/logs HTTP/1.1" 200 -
2026-08-10 23:18:10,159 [INFO] werkzeug: 127.0.0.1 - - [10/Aug/2026 23:18:10] "[33mGET /service-worker.js HTTP/1.1[0m" 404 -
2026-08-10 23:18:10,894 [INFO] werkzeug: 127.0.0.1 - - [10/Aug/2026 23:18:10] "GET /api/logs HTTP/1.1" 200 -
2026-08-10 23:18:10,960 [INFO] werkzeug: 127.0.0.1 - - [10/Aug/2026 23:18:10] "GET /api/status HTTP/1.1" 200 -
2026-08-10 23:18:13,190 [INFO] werkzeug: 127.0.0.1 - - [10/Aug/2026 23:18:13] "GET /api/status HTTP/1.1" 200 -
2026-08-10 23:18:13,662 [INFO] werkzeug: 127.0.0.1 - - [10/Aug/2026 23:18:13] "GET /api/logs HTTP/1.1" 200 -
2026-08-10 23:18:14,161 [INFO] werkzeug: 127.0.0.1 - - [10/Aug/2026 23:18:14] "GET /api/records HTTP/1.1" 200 -
2026-08-10 23:18:14,520 [INFO] werkzeug: 127.0.0.1 - - [10/Aug/2026 23:18:14] "GET /api/status HTTP/1.1" 200 -
2026-08-10 23:18:15,110 [INFO] werkzeug: 127.0.0.1 - - [10/Aug/2026 23:18:15] "GET /api/logs HTTP/1.1" 200 -
2026-08-10 23:18:16,811 [INFO] werkzeug: 127.0.0.1 - - [10/Aug/2026 23:18:16] "GET /api/status HTTP/1.1" 200 -
2026-08-10 23:18:17,114 [INFO] werkzeug: 127.0.0.1 - - [10/Aug/2026 23:18:17] "GET /api/logs HTTP/1.1" 200 -
2026-08-10 23:18:17,394 [INFO] werkzeug: 127.0.0.1 - - [10/Aug/2026 23:18:17] "GET /api/records HTTP/1.1" 200 -
2026-08-10 23:18:18,413 [INFO] werkzeug: 127.0.0.1 - - [10/Aug/2026 23:18:18] "GET /api/status HTTP/1.1" 200 -
2026-08-10 23:18:18,892 [INFO] werkzeug: 127.0.0.1 - - [10/Aug/2026 23:18:18] "GET /api/logs HTTP/1.1" 200 -
2026-08-10 23:18:20,840 [INFO] werkzeug: 127.0.0.1 - - [10/Aug/2026 23:18:20] "GET /api/status HTTP/1.1" 200 -
2026-08-10 23:18:21,075 [INFO] werkzeug: 127.0.0.1 - - [10/Aug/2026 23:18:21] "GET /api/logs HTTP/1.1" 200 -
2026-08-10 23:18:21,314 [INFO] werkzeug: 127.0.0.1 - - [10/Aug/2026 23:18:21] "GET /api/records HTTP/1.1" 200 -
2026-08-10 23:18:22,510 [INFO] werkzeug: 127.0.0.1 - - [10/Aug/2026 23:18:22] "GET /api/status HTTP/1.1" 200 -
2026-08-10 23:18:23,100 [INFO] werkzeug: 127.0.0.1 - - [10/Aug/2026 23:18:23] "GET /api/logs HTTP/1.1" 200 -
2026-08-10 23:18:24,944 [INFO] werkzeug: 127.0.0.1 - - [10/Aug/2026 23:18:24] "GET /api/status HTTP/1.1" 200 -
2026-08-10 23:18:25,204 [INFO] werkzeug: 127.0.0.1 - - [10/Aug/2026 23:18:25] "GET /api/logs HTTP/1.1" 200 -
2026-08-10 23:18:25,606 [INFO] werkzeug: 127.0.0.1 - - [10/Aug/2026 23:18:25] "GET /api/records HTTP/1.1" 200 -
2026-08-10 23:18:26,347 [INFO] werkzeug: 127.0.0.1 - - [10/Aug/2026 23:18:26] "GET /api/status HTTP/1.1" 200 -
2026-08-10 23:18:26,957 [INFO] werkzeug: 127.0.0.1 - - [10/Aug/2026 23:18:26] "GET /api/logs HTTP/1.1" 200 -
2026-08-10 23:18:29,141 [INFO] werkzeug: 127.0.0.1 - - [10/Aug/2026 23:18:29] "GET /api/status HTTP/1.1" 200 -
2026-08-10 23:18:29,307 [INFO] werkzeug: 127.0.0.1 - - [10/Aug/2026 23:18:29] "GET /api/logs HTTP/1.1" 200 -
2026-08-10 23:18:29,602 [INFO] werkzeug: 127.0.0.1 - - [10/Aug/2026 23:18:29] "GET /api/records HTTP/1.1" 200 -
2026-08-10 23:18:30,341 [INFO] werkzeug: 127.0.0.1 - - [10/Aug/2026 23:18:30] "GET /api/status HTTP/1.1" 200 -
2026-08-10 23:18:30,830 [INFO] werkzeug: 127.0.0.1 - - [10/Aug/2026 23:18:30] "GET /api/logs HTTP/1.1" 200 -
2026-08-10 23:18:33,882 [INFO] werkzeug: 127.0.0.1 - - [10/Aug/2026 23:18:33] "GET /api/status HTTP/1.1" 200 -
2026-08-10 23:18:34,011 [INFO] werkzeug: 127.0.0.1 - - [10/Aug/2026 23:18:34] "GET /api/logs HTTP/1.1" 200 -
2026-08-10 23:18:34,150 [INFO] werkzeug: 127.0.0.1 - - [10/Aug/2026 23:18:34] "GET /api/records HTTP/1.1" 200 -
2026-08-10 23:18:37,009 [INFO] werkzeug: 127.0.0.1 - - [10/Aug/2026 23:18:37] "GET /api/status HTTP/1.1" 200 -
2026-08-10 23:18:37,608 [INFO] werkzeug: 127.0.0.1 - - [10/Aug/2026 23:18:37] "GET /api/logs HTTP/1.1" 200 -
2026-08-10 23:18:37,748 [INFO] werkzeug: 127.0.0.1 - - [10/Aug/2026 23:18:37] "GET /api/status HTTP/1.1" 200 -
2026-08-10 23:18:38,021 [INFO] werkzeug: 127.0.0.1 - - [10/Aug/2026 23:18:38] "GET /api/records HTTP/1.1" 200 -
2026-08-10 23:18:38,062 [INFO] werkzeug: 127.0.0.1 - - [10/Aug/2026 23:18:38] "GET /api/logs HTTP/1.1" 200 -
2026-08-10 23:18:46,957 [INFO] werkzeug: 127.0.0.1 - - [10/Aug/2026 23:18:46] "GET /api/status HTTP/1.1" 200 -
2026-08-10 23:18:47,061 [INFO] werkzeug: 127.0.0.1 - - [10/Aug/2026 23:18:47] "GET /api/logs HTTP/1.1" 200 -
2026-08-10 23:18:47,180 [INFO] werkzeug: 127.0.0.1 - - [10/Aug/2026 23:18:47] "GET /api/records HTTP/1.1" 200 -
2026-08-10 23:18:47,364 [INFO] werkzeug: 127.0.0.1 - - [10/Aug/2026 23:18:47] "GET /api/status HTTP/1.1" 200 -
2026-08-10 23:18:47,658 [INFO] werkzeug: 127.0.0.1 - - [10/Aug/2026 23:18:47] "GET /api/logs HTTP/1.1" 200 -
2026-08-10 23:18:47,927 [INFO] werkzeug: 127.0.0.1 - - [10/Aug/2026 23:18:47] "GET /api/records HTTP/1.1" 200 -
2026-08-10 23:18:48,723 [INFO] werkzeug: 127.0.0.1 - - [10/Aug/2026 23:18:48] "GET /api/status HTTP/1.1" 200 -
2026-08-10 23:18:52,948 [INFO] werkzeug: 127.0.0.1 - - [10/Aug/2026 23:18:52] "GET /api/logs HTTP/1.1" 200 -
2026-08-10 23:18:53,048 [INFO] werkzeug: 127.0.0.1 - - [10/Aug/2026 23:18:53] "GET /api/records HTTP/1.1" 200 -
2026-08-10 23:18:53,148 [INFO] werkzeug: 127.0.0.1 - - [10/Aug/2026 23:18:53] "GET /api/status HTTP/1.1" 200 -
2026-08-10 23:18:53,275 [INFO] werkzeug: 127.0.0.1 - - [10/Aug/2026 23:18:53] "GET /api/logs HTTP/1.1" 200 -
2026-08-10 23:18:53,670 [INFO] werkzeug: 127.0.0.1 - - [10/Aug/2026 23:18:53] "GET /api/records HTTP/1.1" 200 -
2026-08-10 23:18:55,754 [INFO] werkzeug: 127.0.0.1 - - [10/Aug/2026 23:18:55] "GET /api/status HTTP/1.1" 200 -
2026-08-10 23:18:59,830 [INFO] werkzeug: 127.0.0.1 - - [10/Aug/2026 23:18:59] "GET /api/logs HTTP/1.1" 200 -
2026-08-10 23:19:06,531 [INFO] werkzeug: 127.0.0.1 - - [10/Aug/2026 23:19:06] "GET /api/status HTTP/1.1" 200 -
2026-08-10 23:19:08,300 [INFO] werkzeug: 127.0.0.1 - - [10/Aug/2026 23:19:08] "GET /api/records HTTP/1.1" 200 -
2026-08-10 23:19:08,400 [INFO] werkzeug: 127.0.0.1 - - [10/Aug/2026 23:19:08] "GET /api/logs HTTP/1.1" 200 -
2026-08-10 23:19:12,715 [INFO] werkzeug: 127.0.0.1 - - [10/Aug/2026 23:19:12] "GET /api/status HTTP/1.1" 200 -
2026-08-10 23:19:14,574 [INFO] werkzeug: 127.0.0.1 - - [10/Aug/2026 23:19:14] "GET /api/logs HTTP/1.1" 200 -
2026-08-10 23:19:14,579 [INFO] werkzeug: 127.0.0.1 - - [10/Aug/2026 23:19:14] "GET /api/records HTTP/1.1" 200 -
2026-08-10 23:19:17,202 [INFO] werkzeug: 127.0.0.1 - - [10/Aug/2026 23:19:17] "GET /api/status HTTP/1.1" 200 -
2026-08-10 23:19:19,772 [INFO] werkzeug: 127.0.0.1 - - [10/Aug/2026 23:19:19] "GET /api/logs HTTP/1.1" 200 -
2026-08-10 23:19:19,799 [INFO] werkzeug: 127.0.0.1 - - [10/Aug/2026 23:19:19] "GET /api/records HTTP/1.1" 200 -
2026-08-10 23:19:19,941 [INFO] werkzeug: 127.0.0.1 - - [10/Aug/2026 23:19:19] "GET /api/status HTTP/1.1" 200 -
2026-08-10 23:19:20,655 [INFO] werkzeug: 127.0.0.1 - - [10/Aug/2026 23:19:20] "GET /api/logs HTTP/1.1" 200 -
2026-08-10 23:19:26,201 [INFO] werkzeug: 127.0.0.1 - - [10/Aug/2026 23:19:26] "GET /api/status HTTP/1.1" 200 -
2026-08-10 23:19:26,362 [INFO] werkzeug: 127.0.0.1 - - [10/Aug/2026 23:19:26] "GET /api/records HTTP/1.1" 200 -
2026-08-10 23:19:26,440 [INFO] werkzeug: 127.0.0.1 - - [10/Aug/2026 23:19:26] "GET /api/logs HTTP/1.1" 200 -
2026-08-10 23:19:32,647 [INFO] werkzeug: 127.0.0.1 - - [10/Aug/2026 23:19:32] "GET /api/status HTTP/1.1" 200 -
2026-08-10 23:19:34,324 [INFO] werkzeug: 127.0.0.1 - - [10/Aug/2026 23:19:34] "GET /api/status HTTP/1.1" 200 -
2026-08-10 23:19:34,430 [INFO] werkzeug: 127.0.0.1 - - [10/Aug/2026 23:19:34] "GET /api/records HTTP/1.1" 200 -
2026-08-10 23:19:34,433 [INFO] werkzeug: 127.0.0.1 - - [10/Aug/2026 23:19:34] "GET /api/logs HTTP/1.1" 200 -
2026-08-10 23:19:34,565 [INFO] werkzeug: 127.0.0.1 - - [10/Aug/2026 23:19:34] "GET /api/logs HTTP/1.1" 200 -
2026-08-10 23:20:04,058 [INFO] werkzeug: 127.0.0.1 - - [10/Aug/2026 23:20:04] "[33mGET /service-worker.js HTTP/1.1[0m" 404 -
2026-08-10 23:20:08,053 [INFO] werkzeug: 127.0.0.1 - - [10/Aug/2026 23:20:08] "GET /api/status HTTP/1.1" 200 -
2026-08-10 23:20:08,654 [INFO] werkzeug: 127.0.0.1 - - [10/Aug/2026 23:20:08] "GET /api/logs HTTP/1.1" 200 -
2026-08-10 23:20:08,854 [INFO] werkzeug: 127.0.0.1 - - [10/Aug/2026 23:20:08] "GET /api/records HTTP/1.1" 200 -
2026-08-10 23:20:13,362 [INFO] werkzeug: 127.0.0.1 - - [10/Aug/2026 23:20:13] "GET /api/status HTTP/1.1" 200 -
2026-08-10 23:20:13,542 [INFO] werkzeug: 127.0.0.1 - - [10/Aug/2026 23:20:13] "GET /api/logs HTTP/1.1" 200 -
2026-08-10 23:20:13,702 [INFO] werkzeug: 127.0.0.1 - - [10/Aug/2026 23:20:13] "GET /api/records HTTP/1.1" 200 -
2026-08-10 23:20:22,837 [INFO] werkzeug: 127.0.0.1 - - [10/Aug/2026 23:20:22] "GET /api/status HTTP/1.1" 200 -
2026-08-10 23:20:23,839 [INFO] werkzeug: 127.0.0.1 - - [10/Aug/2026 23:20:23] "GET /api/records HTTP/1.1" 200 -
2026-08-10 23:20:23,935 [INFO] werkzeug: 127.0.0.1 - - [10/Aug/2026 23:20:23] "GET /api/logs HTTP/1.1" 200 -
2026-08-10 23:20:24,739 [INFO] werkzeug: 127.0.0.1 - - [10/Aug/2026 23:20:24] "GET /api/status HTTP/1.1" 200 -
2026-08-10 23:20:26,031 [INFO] werkzeug: 127.0.0.1 - - [10/Aug/2026 23:20:26] "GET /api/records HTTP/1.1" 200 -
2026-08-10 23:20:26,154 [INFO] werkzeug: 127.0.0.1 - - [10/Aug/2026 23:20:26] "GET / HTTP/1.1" 200 -
2026-08-10 23:20:26,172 [INFO] werkzeug: 127.0.0.1 - - [10/Aug/2026 23:20:26] "GET /api/logs HTTP/1.1" 200 -
2026-08-10 23:20:26,749 [INFO] werkzeug: 127.0.0.1 - - [10/Aug/2026 23:20:26] "GET /api/status HTTP/1.1" 200 -
2026-08-10 23:20:28,336 [INFO] werkzeug: 127.0.0.1 - - [10/Aug/2026 23:20:28] "GET /api/status HTTP/1.1" 200 -
2026-08-10 23:20:28,398 [INFO] werkzeug: 127.0.0.1 - - [10/Aug/2026 23:20:28] "GET /api/logs HTTP/1.1" 200 -
2026-08-10 23:20:29,967 [INFO] werkzeug: 127.0.0.1 - - [10/Aug/2026 23:20:29] "[33mGET /meta.json HTTP/1.1[0m" 404 -
2026-08-10 23:20:30,036 [INFO] werkzeug: 127.0.0.1 - - [10/Aug/2026 23:20:30] "GET /api/records HTTP/1.1" 200 -
2026-08-10 23:20:30,722 [INFO] werkzeug: 127.0.0.1 - - [10/Aug/2026 23:20:30] "GET /api/status HTTP/1.1" 200 -
2026-08-10 23:20:31,531 [INFO] werkzeug: 127.0.0.1 - - [10/Aug/2026 23:20:31] "GET /api/logs HTTP/1.1" 200 -
2026-08-10 23:20:32,216 [INFO] werkzeug: 127.0.0.1 - - [10/Aug/2026 23:20:32] "GET /api/status HTTP/1.1" 200 -
2026-08-10 23:20:32,553 [INFO] werkzeug: 127.0.0.1 - - [10/Aug/2026 23:20:32] "GET /api/logs HTTP/1.1" 200 -
2026-08-10 23:20:32,854 [INFO] werkzeug: 127.0.0.1 - - [10/Aug/2026 23:20:32] "GET /api/records HTTP/1.1" 200 -
2026-08-10 23:20:32,920 [INFO] werkzeug: 127.0.0.1 - - [10/Aug/2026 23:20:32] "[33mGET /service-worker.js HTTP/1.1[0m" 404 -
2026-08-10 23:20:34,236 [INFO] werkzeug: 127.0.0.1 - - [10/Aug/2026 23:20:34] "GET /api/status HTTP/1.1" 200 -
2026-08-10 23:20:34,588 [INFO] werkzeug: 127.0.0.1 - - [10/Aug/2026 23:20:34] "GET /api/logs HTTP/1.1" 200 -
2026-08-10 23:20:36,271 [INFO] werkzeug: 127.0.0.1 - - [10/Aug/2026 23:20:36] "GET /api/status HTTP/1.1" 200 -
2026-08-10 23:20:36,880 [INFO] werkzeug: 127.0.0.1 - - [10/Aug/2026 23:20:36] "GET /api/records HTTP/1.1" 200 -
2026-08-10 23:20:36,920 [INFO] werkzeug: 127.0.0.1 - - [10/Aug/2026 23:20:36] "GET /api/logs HTTP/1.1" 200 -
2026-08-10 23:20:47,729 [INFO] werkzeug: 127.0.0.1 - - [10/Aug/2026 23:20:47] "GET /api/status HTTP/1.1" 200 -
2026-08-10 23:20:47,818 [INFO] werkzeug: 127.0.0.1 - - [10/Aug/2026 23:20:47] "GET /api/logs HTTP/1.1" 200 -
2026-08-10 23:20:48,009 [INFO] werkzeug: 127.0.0.1 - - [10/Aug/2026 23:20:48] "GET /api/records HTTP/1.1" 200 -
2026-08-10 23:20:48,011 [INFO] werkzeug: 127.0.0.1 - - [10/Aug/2026 23:20:48] "GET /api/status HTTP/1.1" 200 -
2026-08-10 23:20:48,434 [INFO] werkzeug: 127.0.0.1 - - [10/Aug/2026 23:20:48] "GET /api/logs HTTP/1.1" 200 -
2026-08-10 23:20:48,450 [INFO] werkzeug: 127.0.0.1 - - [10/Aug/2026 23:20:48] "GET /api/records HTTP/1.1" 200 -
2026-08-10 23:20:48,984 [INFO] werkzeug: 127.0.0.1 - - [10/Aug/2026 23:20:48] "GET /api/status HTTP/1.1" 200 -
2026-08-10 23:20:49,930 [INFO] werkzeug: 127.0.0.1 - - [10/Aug/2026 23:20:49] "GET /api/records HTTP/1.1" 200 -
2026-08-10 23:20:49,934 [INFO] werkzeug: 127.0.0.1 - - [10/Aug/2026 23:20:49] "GET /api/logs HTTP/1.1" 200 -
2026-08-10 23:20:51,960 [INFO] werkzeug: 127.0.0.1 - - [10/Aug/2026 23:20:51] "GET /api/status HTTP/1.1" 200 -
2026-08-10 23:20:52,392 [INFO] werkzeug: 127.0.0.1 - - [10/Aug/2026 23:20:52] "GET /api/logs HTTP/1.1" 200 -
2026-08-10 23:20:53,992 [INFO] werkzeug: 127.0.0.1 - - [10/Aug/2026 23:20:53] "GET /api/records HTTP/1.1" 200 -
2026-08-10 23:21:10,635 [INFO] werkzeug: 127.0.0.1 - - [10/Aug/2026 23:21:10] "GET /api/status HTTP/1.1" 200 -
2026-08-10 23:21:10,689 [INFO] werkzeug: 127.0.0.1 - - [10/Aug/2026 23:21:10] "GET /api/logs HTTP/1.1" 200 -
2026-08-10 23:21:11,838 [INFO] werkzeug: 127.0.0.1 - - [10/Aug/2026 23:21:11] "GET /api/records HTTP/1.1" 200 -
2026-08-10 23:21:15,110 [INFO] werkzeug: 127.0.0.1 - - [10/Aug/2026 23:21:15] "GET /api/status HTTP/1.1" 200 -
2026-08-10 23:21:15,212 [INFO] werkzeug: 127.0.0.1 - - [10/Aug/2026 23:21:15] "GET /api/logs HTTP/1.1" 200 -
2026-08-10 23:21:18,165 [INFO] werkzeug: 127.0.0.1 - - [10/Aug/2026 23:21:18] "GET /api/status HTTP/1.1" 200 -
2026-08-10 23:21:18,815 [INFO] werkzeug: 127.0.0.1 - - [10/Aug/2026 23:21:18] "GET /api/status HTTP/1.1" 200 -
2026-08-10 23:21:18,859 [INFO] werkzeug: 127.0.0.1 - - [10/Aug/2026 23:21:18] "GET /api/records HTTP/1.1" 200 -
2026-08-10 23:21:18,866 [INFO] werkzeug: 127.0.0.1 - - [10/Aug/2026 23:21:18] "GET /api/logs HTTP/1.1" 200 -
2026-08-10 23:21:19,081 [INFO] werkzeug: 127.0.0.1 - - [10/Aug/2026 23:21:19] "GET /api/logs HTTP/1.1" 200 -
2026-08-10 23:21:23,409 [INFO] werkzeug: 127.0.0.1 - - [10/Aug/2026 23:21:23] "GET /api/status HTTP/1.1" 200 -
2026-08-10 23:21:23,549 [INFO] werkzeug: 127.0.0.1 - - [10/Aug/2026 23:21:23] "GET /api/records HTTP/1.1" 200 -
2026-08-10 23:21:23,597 [INFO] werkzeug: 127.0.0.1 - - [10/Aug/2026 23:21:23] "GET /api/logs HTTP/1.1" 200 -
2026-08-10 23:21:23,722 [INFO] werkzeug: 127.0.0.1 - - [10/Aug/2026 23:21:23] "GET /api/status HTTP/1.1" 200 -
2026-08-10 23:21:23,980 [INFO] werkzeug: 127.0.0.1 - - [10/Aug/2026 23:21:23] "GET /api/logs HTTP/1.1" 200 -
2026-08-10 23:21:25,178 [INFO] werkzeug: 127.0.0.1 - - [10/Aug/2026 23:21:25] "GET /api/status HTTP/1.1" 200 -
2026-08-10 23:21:26,615 [INFO] werkzeug: 127.0.0.1 - - [10/Aug/2026 23:21:26] "GET /api/records HTTP/1.1" 200 -
2026-08-10 23:21:26,619 [INFO] werkzeug: 127.0.0.1 - - [10/Aug/2026 23:21:26] "GET /api/logs HTTP/1.1" 200 -
2026-08-10 23:21:26,772 [INFO] werkzeug: 127.0.0.1 - - [10/Aug/2026 23:21:26] "GET /api/status HTTP/1.1" 200 -
2026-08-10 23:21:26,936 [INFO] werkzeug: 127.0.0.1 - - [10/Aug/2026 23:21:26] "GET /api/logs HTTP/1.1" 200 -
2026-08-10 23:21:30,523 [INFO] werkzeug: 127.0.0.1 - - [10/Aug/2026 23:21:30] "GET /api/status HTTP/1.1" 200 -
2026-08-10 23:21:30,947 [INFO] werkzeug: 127.0.0.1 - - [10/Aug/2026 23:21:30] "GET /api/logs HTTP/1.1" 200 -
2026-08-10 23:21:30,958 [INFO] werkzeug: 127.0.0.1 - - [10/Aug/2026 23:21:30] "GET /api/records HTTP/1.1" 200 -
2026-08-10 23:21:30,962 [INFO] werkzeug: 127.0.0.1 - - [10/Aug/2026 23:21:30] "GET /api/status HTTP/1.1" 200 -
2026-08-10 23:21:31,401 [INFO] werkzeug: 127.0.0.1 - - [10/Aug/2026 23:21:31] "GET /api/logs HTTP/1.1" 200 -
2026-08-10 23:21:38,088 [INFO] werkzeug: 127.0.0.1 - - [10/Aug/2026 23:21:38] "GET /api/status HTTP/1.1" 200 -
2026-08-10 23:21:38,230 [INFO] werkzeug: 127.0.0.1 - - [10/Aug/2026 23:21:38] "GET /api/records HTTP/1.1" 200 -
2026-08-10 23:21:38,280 [INFO] werkzeug: 127.0.0.1 - - [10/Aug/2026 23:21:38] "GET /api/logs HTTP/1.1" 200 -
2026-08-10 23:21:38,386 [INFO] werkzeug: 127.0.0.1 - - [10/Aug/2026 23:21:38] "GET /api/status HTTP/1.1" 200 -
2026-08-10 23:21:38,723 [INFO] werkzeug: 127.0.0.1 - - [10/Aug/2026 23:21:38] "GET /api/logs HTTP/1.1" 200 -
2026-08-10 23:22:09,308 [INFO] werkzeug: 127.0.0.1 - - [10/Aug/2026 23:22:09] "[33mGET /service-worker.js HTTP/1.1[0m" 404 -
2026-08-10 23:22:31,269 [INFO] werkzeug: 127.0.0.1 - - [10/Aug/2026 23:22:31] "GET /api/status HTTP/1.1" 200 -
2026-08-10 23:22:31,331 [INFO] werkzeug: 127.0.0.1 - - [10/Aug/2026 23:22:31] "GET /api/logs HTTP/1.1" 200 -
2026-08-10 23:22:31,491 [INFO] werkzeug: 127.0.0.1 - - [10/Aug/2026 23:22:31] "GET /api/records HTTP/1.1" 200 -
2026-08-10 23:22:37,674 [INFO] werkzeug:  * Detected change in 'D:\\etihad airways\\main.py', reloading
2026-08-10 23:22:38,475 [INFO] werkzeug:  * Restarting with stat
2026-08-10 23:22:46,723 [WARNING] werkzeug:  * Debugger is active!
2026-08-10 23:22:46,735 [INFO] werkzeug:  * Debugger PIN: 794-833-364
2026-08-10 23:22:55,712 [INFO] werkzeug:  * Detected change in 'D:\\etihad airways\\main.py', reloading
2026-08-10 23:22:56,350 [INFO] werkzeug:  * Restarting with stat
2026-08-10 23:23:06,951 [WARNING] werkzeug:  * Debugger is active!
2026-08-10 23:23:08,100 [INFO] werkzeug:  * Debugger PIN: 794-833-364
2026-08-10 23:23:13,185 [INFO] werkzeug: 127.0.0.1 - - [10/Aug/2026 23:23:13] "GET /api/status HTTP/1.1" 200 -
2026-08-10 23:23:15,092 [INFO] werkzeug: 127.0.0.1 - - [10/Aug/2026 23:23:15] "GET /api/logs HTTP/1.1" 200 -
2026-08-10 23:23:18,023 [INFO] werkzeug: 127.0.0.1 - - [10/Aug/2026 23:23:18] "[33mGET /service-worker.js HTTP/1.1[0m" 404 -
2026-08-10 23:23:18,861 [INFO] werkzeug: 127.0.0.1 - - [10/Aug/2026 23:23:18] "GET /api/status HTTP/1.1" 200 -
2026-08-10 23:23:21,394 [INFO] werkzeug: 127.0.0.1 - - [10/Aug/2026 23:23:21] "GET /api/logs HTTP/1.1" 200 -
2026-08-10 23:23:22,475 [INFO] werkzeug: 127.0.0.1 - - [10/Aug/2026 23:23:22] "GET /api/status HTTP/1.1" 200 -
2026-08-10 23:23:24,404 [INFO] werkzeug: 127.0.0.1 - - [10/Aug/2026 23:23:24] "GET /api/logs HTTP/1.1" 200 -
2026-08-10 23:23:26,080 [INFO] werkzeug: 127.0.0.1 - - [10/Aug/2026 23:23:26] "GET /api/status HTTP/1.1" 200 -
2026-08-10 23:23:28,470 [INFO] werkzeug: 127.0.0.1 - - [10/Aug/2026 23:23:28] "GET /api/status HTTP/1.1" 200 -
2026-08-10 23:23:34,167 [INFO] werkzeug: 127.0.0.1 - - [10/Aug/2026 23:23:34] "GET /api/logs HTTP/1.1" 200 -
2026-08-10 23:23:35,107 [INFO] werkzeug: 127.0.0.1 - - [10/Aug/2026 23:23:35] "GET /api/status HTTP/1.1" 200 -
2026-08-10 23:23:39,019 [INFO] werkzeug: 127.0.0.1 - - [10/Aug/2026 23:23:39] "GET /api/status HTTP/1.1" 200 -
2026-08-10 23:23:40,558 [INFO] werkzeug: 127.0.0.1 - - [10/Aug/2026 23:23:40] "GET /api/status HTTP/1.1" 200 -
2026-08-10 23:23:43,332 [INFO] werkzeug: 127.0.0.1 - - [10/Aug/2026 23:23:43] "GET /api/status HTTP/1.1" 200 -
2026-08-10 23:23:45,075 [INFO] werkzeug: 127.0.0.1 - - [10/Aug/2026 23:23:45] "GET /api/status HTTP/1.1" 200 -
2026-08-10 23:23:47,716 [INFO] werkzeug: 127.0.0.1 - - [10/Aug/2026 23:23:47] "GET /api/records HTTP/1.1" 200 -
2026-08-10 23:23:49,386 [INFO] werkzeug: 127.0.0.1 - - [10/Aug/2026 23:23:49] "GET /api/records HTTP/1.1" 200 -
2026-08-10 23:23:50,670 [INFO] werkzeug: 127.0.0.1 - - [10/Aug/2026 23:23:50] "GET /api/logs HTTP/1.1" 200 -
2026-08-10 23:23:52,290 [INFO] werkzeug: 127.0.0.1 - - [10/Aug/2026 23:23:52] "GET /api/records HTTP/1.1" 200 -
2026-08-10 23:23:54,196 [INFO] werkzeug: 127.0.0.1 - - [10/Aug/2026 23:23:54] "GET /api/logs HTTP/1.1" 200 -
2026-08-10 23:23:54,601 [INFO] werkzeug: 127.0.0.1 - - [10/Aug/2026 23:23:54] "GET /api/logs HTTP/1.1" 200 -
2026-08-10 23:23:56,079 [INFO] werkzeug: 127.0.0.1 - - [10/Aug/2026 23:23:56] "GET /api/records HTTP/1.1" 200 -
2026-08-10 23:23:56,733 [INFO] werkzeug: 127.0.0.1 - - [10/Aug/2026 23:23:56] "GET /api/logs HTTP/1.1" 200 -
2026-08-10 23:23:57,266 [INFO] werkzeug: 127.0.0.1 - - [10/Aug/2026 23:23:57] "GET /api/status HTTP/1.1" 200 -
2026-08-10 23:23:57,790 [INFO] werkzeug: 127.0.0.1 - - [10/Aug/2026 23:23:57] "GET /api/logs HTTP/1.1" 200 -
2026-08-10 23:23:59,079 [INFO] werkzeug: 127.0.0.1 - - [10/Aug/2026 23:23:59] "GET /api/records HTTP/1.1" 200 -
2026-08-10 23:23:59,538 [INFO] werkzeug: 127.0.0.1 - - [10/Aug/2026 23:23:59] "GET /api/records HTTP/1.1" 200 -
2026-08-10 23:23:59,738 [INFO] werkzeug: 127.0.0.1 - - [10/Aug/2026 23:23:59] "GET /api/logs HTTP/1.1" 200 -
2026-08-10 23:23:59,902 [INFO] werkzeug: 127.0.0.1 - - [10/Aug/2026 23:23:59] "GET /api/status HTTP/1.1" 200 -
2026-08-10 23:24:00,285 [INFO] werkzeug: 127.0.0.1 - - [10/Aug/2026 23:24:00] "GET /api/logs HTTP/1.1" 200 -
2026-08-10 23:24:00,447 [INFO] werkzeug: 127.0.0.1 - - [10/Aug/2026 23:24:00] "GET /api/logs HTTP/1.1" 200 -
2026-08-10 23:24:00,488 [INFO] werkzeug: 127.0.0.1 - - [10/Aug/2026 23:24:00] "GET /api/status HTTP/1.1" 200 -
2026-08-10 23:24:00,866 [INFO] werkzeug: 127.0.0.1 - - [10/Aug/2026 23:24:00] "GET /api/logs HTTP/1.1" 200 -
2026-08-10 23:24:01,458 [INFO] werkzeug: 127.0.0.1 - - [10/Aug/2026 23:24:01] "GET /api/records HTTP/1.1" 200 -
2026-08-10 23:24:01,468 [INFO] werkzeug: 127.0.0.1 - - [10/Aug/2026 23:24:01] "GET /api/status HTTP/1.1" 200 -
2026-08-10 23:24:01,992 [INFO] werkzeug: 127.0.0.1 - - [10/Aug/2026 23:24:01] "GET /api/status HTTP/1.1" 200 -
2026-08-10 23:24:02,091 [INFO] werkzeug: 127.0.0.1 - - [10/Aug/2026 23:24:02] "GET /api/logs HTTP/1.1" 200 -
2026-08-10 23:24:02,898 [INFO] werkzeug: 127.0.0.1 - - [10/Aug/2026 23:24:02] "GET /api/logs HTTP/1.1" 200 -
2026-08-10 23:24:04,227 [INFO] werkzeug: 127.0.0.1 - - [10/Aug/2026 23:24:04] "GET /api/records HTTP/1.1" 200 -
2026-08-10 23:24:04,268 [INFO] werkzeug: 127.0.0.1 - - [10/Aug/2026 23:24:04] "GET /api/status HTTP/1.1" 200 -
2026-08-10 23:24:04,388 [INFO] werkzeug: 127.0.0.1 - - [10/Aug/2026 23:24:04] "GET /api/logs HTTP/1.1" 200 -
2026-08-10 23:24:05,261 [INFO] werkzeug: 127.0.0.1 - - [10/Aug/2026 23:24:05] "GET /api/records HTTP/1.1" 200 -
2026-08-10 23:24:05,846 [INFO] werkzeug: 127.0.0.1 - - [10/Aug/2026 23:24:05] "GET /api/logs HTTP/1.1" 200 -
2026-08-10 23:24:06,213 [INFO] werkzeug: 127.0.0.1 - - [10/Aug/2026 23:24:06] "GET /api/status HTTP/1.1" 200 -
2026-08-10 23:24:06,888 [INFO] werkzeug: 127.0.0.1 - - [10/Aug/2026 23:24:06] "GET /api/records HTTP/1.1" 200 -
2026-08-10 23:24:07,102 [INFO] werkzeug: 127.0.0.1 - - [10/Aug/2026 23:24:07] "GET /api/logs HTTP/1.1" 200 -
2026-08-10 23:24:07,106 [INFO] werkzeug: 127.0.0.1 - - [10/Aug/2026 23:24:07] "GET /api/status HTTP/1.1" 200 -
2026-08-10 23:24:16,626 [INFO] werkzeug:  * Detected change in 'D:\\etihad airways\\app.py', reloading
2026-08-10 23:24:17,600 [INFO] werkzeug:  * Restarting with stat
2026-08-10 23:24:43,948 [WARNING] werkzeug:  * Debugger is active!
2026-08-10 23:24:43,968 [INFO] werkzeug:  * Debugger PIN: 794-833-364
2026-08-10 23:24:44,925 [INFO] werkzeug: 127.0.0.1 - - [10/Aug/2026 23:24:44] "[33mGET /service-worker.js HTTP/1.1[0m" 404 -
2026-08-10 23:24:45,591 [INFO] werkzeug: 127.0.0.1 - - [10/Aug/2026 23:24:45] "GET /api/status HTTP/1.1" 200 -
2026-08-10 23:24:46,461 [INFO] werkzeug: 127.0.0.1 - - [10/Aug/2026 23:24:46] "GET /api/logs HTTP/1.1" 200 -
2026-08-10 23:24:50,857 [INFO] werkzeug: 127.0.0.1 - - [10/Aug/2026 23:24:50] "GET /api/records HTTP/1.1" 200 -
2026-08-10 23:25:06,935 [INFO] werkzeug: 127.0.0.1 - - [10/Aug/2026 23:25:06] "[33mGET /service-worker.js HTTP/1.1[0m" 404 -
2026-08-10 23:26:18,008 [INFO] werkzeug: 127.0.0.1 - - [10/Aug/2026 23:26:18] "GET /api/status HTTP/1.1" 200 -
2026-08-10 23:26:18,286 [INFO] werkzeug: 127.0.0.1 - - [10/Aug/2026 23:26:18] "GET /api/records HTTP/1.1" 200 -
2026-08-10 23:26:18,290 [INFO] werkzeug: 127.0.0.1 - - [10/Aug/2026 23:26:18] "GET /api/logs HTTP/1.1" 200 -
2026-08-10 23:26:38,704 [INFO] werkzeug: 127.0.0.1 - - [10/Aug/2026 23:26:38] "GET /api/status HTTP/1.1" 200 -
2026-08-10 23:26:39,747 [INFO] werkzeug: 127.0.0.1 - - [10/Aug/2026 23:26:39] "GET /api/records HTTP/1.1" 200 -
2026-08-10 23:26:39,800 [INFO] werkzeug: 127.0.0.1 - - [10/Aug/2026 23:26:39] "GET /api/logs HTTP/1.1" 200 -
2026-08-10 23:26:41,402 [INFO] werkzeug:  * Detected change in 'D:\\etihad airways\\main.py', reloading
2026-08-10 23:26:42,241 [INFO] werkzeug:  * Restarting with stat
2026-08-10 23:26:52,499 [WARNING] werkzeug:  * Debugger is active!
2026-08-10 23:26:52,521 [INFO] werkzeug:  * Debugger PIN: 794-833-364
2026-08-10 23:27:11,845 [INFO] werkzeug: 127.0.0.1 - - [10/Aug/2026 23:27:11] "[33mGET /service-worker.js HTTP/1.1[0m" 404 -
2026-08-10 23:27:28,637 [INFO] werkzeug: 127.0.0.1 - - [10/Aug/2026 23:27:28] "GET /api/status HTTP/1.1" 200 -
2026-08-10 23:27:29,023 [INFO] werkzeug: 127.0.0.1 - - [10/Aug/2026 23:27:29] "GET /api/logs HTTP/1.1" 200 -
2026-08-10 23:27:31,206 [INFO] werkzeug: 127.0.0.1 - - [10/Aug/2026 23:27:31] "GET /api/records HTTP/1.1" 200 -
2026-08-10 23:28:00,689 [INFO] werkzeug: 127.0.0.1 - - [10/Aug/2026 23:28:00] "[33mGET /service-worker.js HTTP/1.1[0m" 404 -
2026-08-10 23:28:29,321 [INFO] werkzeug: 127.0.0.1 - - [10/Aug/2026 23:28:29] "GET /api/status HTTP/1.1" 200 -
2026-08-10 23:28:30,002 [INFO] werkzeug: 127.0.0.1 - - [10/Aug/2026 23:28:30] "GET /api/logs HTTP/1.1" 200 -
2026-08-10 23:28:30,249 [INFO] werkzeug: 127.0.0.1 - - [10/Aug/2026 23:28:30] "GET /api/records HTTP/1.1" 200 -
2026-08-10 23:29:02,985 [INFO] werkzeug: 127.0.0.1 - - [10/Aug/2026 23:29:02] "[33mGET /service-worker.js HTTP/1.1[0m" 404 -
2026-08-10 23:29:48,221 [INFO] werkzeug: 127.0.0.1 - - [10/Aug/2026 23:29:48] "GET /api/status HTTP/1.1" 200 -
2026-08-10 23:29:48,322 [INFO] werkzeug: 127.0.0.1 - - [10/Aug/2026 23:29:48] "GET /api/logs HTTP/1.1" 200 -
2026-08-10 23:29:48,575 [INFO] werkzeug: 127.0.0.1 - - [10/Aug/2026 23:29:48] "GET /api/records HTTP/1.1" 200 -
2026-08-10 23:30:19,465 [INFO] werkzeug: 127.0.0.1 - - [10/Aug/2026 23:30:19] "[33mGET /service-worker.js HTTP/1.1[0m" 404 -
2026-08-10 23:30:39,630 [INFO] werkzeug: 127.0.0.1 - - [10/Aug/2026 23:30:39] "GET /api/records HTTP/1.1" 200 -
2026-08-10 23:30:40,211 [INFO] werkzeug: 127.0.0.1 - - [10/Aug/2026 23:30:40] "GET /api/logs HTTP/1.1" 200 -
2026-08-10 23:30:40,946 [INFO] werkzeug: 127.0.0.1 - - [10/Aug/2026 23:30:40] "GET /api/status HTTP/1.1" 200 -
2026-08-10 23:32:27,413 [INFO] werkzeug: [31m[1mWARNING: This is a development server. Do not use it in a production deployment. Use a production WSGI server instead.[0m
 * Running on http://127.0.0.1:5000
2026-08-10 23:32:27,414 [INFO] werkzeug: [33mPress CTRL+C to quit[0m
2026-08-10 23:32:27,420 [INFO] werkzeug:  * Restarting with stat
2026-08-10 23:32:45,380 [WARNING] werkzeug:  * Debugger is active!
2026-08-10 23:32:45,416 [INFO] werkzeug:  * Debugger PIN: 794-833-364
2026-08-10 23:32:49,417 [INFO] werkzeug: 127.0.0.1 - - [10/Aug/2026 23:32:49] "GET /api/status HTTP/1.1" 200 -
2026-08-10 23:32:49,939 [INFO] werkzeug: 127.0.0.1 - - [10/Aug/2026 23:32:49] "GET /api/logs HTTP/1.1" 200 -
2026-08-10 23:32:50,202 [INFO] werkzeug: 127.0.0.1 - - [10/Aug/2026 23:32:50] "GET / HTTP/1.1" 200 -
2026-08-10 23:32:50,635 [INFO] werkzeug: 127.0.0.1 - - [10/Aug/2026 23:32:50] "GET /api/status HTTP/1.1" 200 -
2026-08-10 23:32:53,264 [INFO] werkzeug: 127.0.0.1 - - [10/Aug/2026 23:32:53] "GET /api/status HTTP/1.1" 200 -
2026-08-10 23:32:55,816 [INFO] werkzeug: 127.0.0.1 - - [10/Aug/2026 23:32:55] "GET /api/logs HTTP/1.1" 200 -
2026-08-10 23:32:55,998 [INFO] werkzeug: 127.0.0.1 - - [10/Aug/2026 23:32:55] "GET /api/status HTTP/1.1" 200 -
2026-08-10 23:32:56,318 [INFO] werkzeug: 127.0.0.1 - - [10/Aug/2026 23:32:56] "[33mGET /meta.json HTTP/1.1[0m" 404 -
2026-08-10 23:32:56,971 [INFO] werkzeug: 127.0.0.1 - - [10/Aug/2026 23:32:56] "GET /api/status HTTP/1.1" 200 -
2026-08-10 23:32:57,167 [INFO] werkzeug: 127.0.0.1 - - [10/Aug/2026 23:32:57] "GET /api/logs HTTP/1.1" 200 -
2026-08-10 23:32:58,788 [INFO] werkzeug: 127.0.0.1 - - [10/Aug/2026 23:32:58] "GET /api/records HTTP/1.1" 200 -
2026-08-10 23:32:59,232 [INFO] werkzeug: 127.0.0.1 - - [10/Aug/2026 23:32:59] "GET /api/records HTTP/1.1" 200 -
2026-08-10 23:32:59,319 [INFO] werkzeug: 127.0.0.1 - - [10/Aug/2026 23:32:59] "GET /api/logs HTTP/1.1" 200 -
2026-08-10 23:32:59,338 [INFO] werkzeug: 127.0.0.1 - - [10/Aug/2026 23:32:59] "GET /api/status HTTP/1.1" 200 -
2026-08-10 23:33:00,531 [INFO] werkzeug: 127.0.0.1 - - [10/Aug/2026 23:33:00] "GET /api/records HTTP/1.1" 200 -
2026-08-10 23:33:00,947 [INFO] werkzeug: 127.0.0.1 - - [10/Aug/2026 23:33:00] "GET /api/logs HTTP/1.1" 200 -
2026-08-10 23:33:01,319 [INFO] werkzeug: 127.0.0.1 - - [10/Aug/2026 23:33:01] "GET /api/status HTTP/1.1" 200 -
2026-08-10 23:33:03,401 [INFO] werkzeug: 127.0.0.1 - - [10/Aug/2026 23:33:03] "GET /api/records HTTP/1.1" 200 -
2026-08-10 23:33:03,832 [INFO] werkzeug: 127.0.0.1 - - [10/Aug/2026 23:33:03] "GET /api/logs HTTP/1.1" 200 -
2026-08-10 23:33:03,848 [INFO] werkzeug: 127.0.0.1 - - [10/Aug/2026 23:33:03] "[33mGET /service-worker.js HTTP/1.1[0m" 404 -
2026-08-10 23:33:04,100 [INFO] werkzeug: 127.0.0.1 - - [10/Aug/2026 23:33:04] "GET /api/status HTTP/1.1" 200 -
2026-08-10 23:33:05,388 [INFO] Orchestrator: Starting Airline Passenger Automation process in mode: flight_only...
2026-08-10 23:33:05,388 [INFO] Dashboard: Automation thread started via dashboard in mode: flight_only
2026-08-10 23:33:05,398 [INFO] Orchestrator: Loading input file: Etihad passenger details 9th Aug.xlsx
2026-08-10 23:33:05,399 [INFO] werkzeug: 127.0.0.1 - - [10/Aug/2026 23:33:05] "POST /api/start?mode=flight_only HTTP/1.1" 200 -
2026-08-10 23:33:05,733 [INFO] werkzeug: 127.0.0.1 - - [10/Aug/2026 23:33:05] "GET /api/logs HTTP/1.1" 200 -
2026-08-10 23:33:05,933 [INFO] werkzeug: 127.0.0.1 - - [10/Aug/2026 23:33:05] "GET /api/status HTTP/1.1" 200 -
2026-08-10 23:33:05,954 [INFO] Orchestrator: Loaded columns: ['nan', 'Last Name', 'PNR']
2026-08-10 23:33:05,958 [INFO] Orchestrator: Mapping columns: PNR -> 'PNR', Last Name -> 'Last Name'
2026-08-10 23:33:05,981 [INFO] Orchestrator: --- Processing Passenger 1/4: PNR 9W4PEY, Last Name: HUMEAU MOUSSET ---
2026-08-10 23:33:05,982 [INFO] src.etihad_scraper: Starting Playwright browser for Etihad Scraper...
2026-08-10 23:33:06,599 [INFO] werkzeug: 127.0.0.1 - - [10/Aug/2026 23:33:06] "GET /api/records HTTP/1.1" 200 -
2026-08-10 23:33:07,585 [INFO] werkzeug: 127.0.0.1 - - [10/Aug/2026 23:33:07] "GET /api/logs HTTP/1.1" 200 -
2026-08-10 23:33:07,786 [INFO] werkzeug: 127.0.0.1 - - [10/Aug/2026 23:33:07] "GET /api/status HTTP/1.1" 200 -
2026-08-10 23:33:09,046 [INFO] werkzeug: 127.0.0.1 - - [10/Aug/2026 23:33:09] "GET /api/logs HTTP/1.1" 200 -
2026-08-10 23:33:09,061 [INFO] werkzeug: 127.0.0.1 - - [10/Aug/2026 23:33:09] "GET /api/status HTTP/1.1" 200 -
2026-08-10 23:33:09,915 [INFO] werkzeug: 127.0.0.1 - - [10/Aug/2026 23:33:09] "GET /api/records HTTP/1.1" 200 -
2026-08-10 23:33:10,202 [INFO] werkzeug: 127.0.0.1 - - [10/Aug/2026 23:33:10] "GET /api/logs HTTP/1.1" 200 -
2026-08-10 23:33:10,392 [INFO] werkzeug: 127.0.0.1 - - [10/Aug/2026 23:33:10] "GET /api/status HTTP/1.1" 200 -
2026-08-10 23:33:11,997 [INFO] werkzeug: 127.0.0.1 - - [10/Aug/2026 23:33:11] "GET /api/logs HTTP/1.1" 200 -
2026-08-10 23:33:12,067 [INFO] werkzeug: 127.0.0.1 - - [10/Aug/2026 23:33:12] "GET /api/status HTTP/1.1" 200 -
2026-08-10 23:33:13,779 [INFO] werkzeug: 127.0.0.1 - - [10/Aug/2026 23:33:13] "GET /api/logs HTTP/1.1" 200 -
2026-08-10 23:33:13,860 [INFO] werkzeug: 127.0.0.1 - - [10/Aug/2026 23:33:13] "GET /api/status HTTP/1.1" 200 -
2026-08-10 23:33:14,296 [INFO] werkzeug: 127.0.0.1 - - [10/Aug/2026 23:33:14] "GET /api/records HTTP/1.1" 200 -
2026-08-10 23:33:14,682 [INFO] werkzeug: 127.0.0.1 - - [10/Aug/2026 23:33:14] "GET /api/status HTTP/1.1" 200 -
2026-08-10 23:33:15,882 [INFO] werkzeug: 127.0.0.1 - - [10/Aug/2026 23:33:15] "GET /api/logs HTTP/1.1" 200 -
2026-08-10 23:33:18,081 [INFO] werkzeug: 127.0.0.1 - - [10/Aug/2026 23:33:18] "GET /api/logs HTTP/1.1" 200 -
2026-08-10 23:33:18,383 [INFO] werkzeug: 127.0.0.1 - - [10/Aug/2026 23:33:18] "GET /api/status HTTP/1.1" 200 -
2026-08-10 23:33:19,601 [INFO] werkzeug: 127.0.0.1 - - [10/Aug/2026 23:33:19] "GET /api/records HTTP/1.1" 200 -
2026-08-10 23:33:20,200 [INFO] werkzeug: 127.0.0.1 - - [10/Aug/2026 23:33:20] "GET /api/logs HTTP/1.1" 200 -
2026-08-10 23:33:20,547 [INFO] werkzeug: 127.0.0.1 - - [10/Aug/2026 23:33:20] "GET /api/status HTTP/1.1" 200 -
2026-08-10 23:33:21,500 [INFO] werkzeug: 127.0.0.1 - - [10/Aug/2026 23:33:21] "GET /api/records HTTP/1.1" 200 -
2026-08-10 23:33:21,602 [INFO] werkzeug: 127.0.0.1 - - [10/Aug/2026 23:33:21] "GET /api/logs HTTP/1.1" 200 -
2026-08-10 23:33:21,665 [INFO] werkzeug: 127.0.0.1 - - [10/Aug/2026 23:33:21] "GET /api/status HTTP/1.1" 200 -
2026-08-10 23:33:23,798 [INFO] werkzeug: 127.0.0.1 - - [10/Aug/2026 23:33:23] "GET /api/status HTTP/1.1" 200 -
2026-08-10 23:33:24,553 [INFO] werkzeug: 127.0.0.1 - - [10/Aug/2026 23:33:24] "GET /api/logs HTTP/1.1" 200 -
2026-08-10 23:33:30,028 [INFO] src.etihad_scraper: Accessing booking for PNR: 9W4PEY, Last Name: HUMEAU MOUSSET
2026-08-10 23:33:30,729 [INFO] werkzeug: 127.0.0.1 - - [10/Aug/2026 23:33:30] "GET /api/status HTTP/1.1" 200 -
2026-08-10 23:33:32,382 [INFO] werkzeug: 127.0.0.1 - - [10/Aug/2026 23:33:32] "GET /api/status HTTP/1.1" 200 -
2026-08-10 23:33:35,999 [INFO] werkzeug: 127.0.0.1 - - [10/Aug/2026 23:33:35] "GET /api/records HTTP/1.1" 200 -
2026-08-10 23:33:37,397 [INFO] werkzeug: 127.0.0.1 - - [10/Aug/2026 23:33:37] "GET /api/logs HTTP/1.1" 200 -
2026-08-10 23:33:37,867 [INFO] werkzeug: 127.0.0.1 - - [10/Aug/2026 23:33:37] "GET /api/status HTTP/1.1" 200 -
2026-08-10 23:33:45,878 [INFO] werkzeug: 127.0.0.1 - - [10/Aug/2026 23:33:45] "GET /api/records HTTP/1.1" 200 -
2026-08-10 23:33:49,380 [INFO] werkzeug: 127.0.0.1 - - [10/Aug/2026 23:33:49] "GET /api/logs HTTP/1.1" 200 -
2026-08-10 23:33:49,952 [INFO] werkzeug: 127.0.0.1 - - [10/Aug/2026 23:33:49] "GET /api/status HTTP/1.1" 200 -
2026-08-10 23:33:51,627 [INFO] werkzeug: 127.0.0.1 - - [10/Aug/2026 23:33:51] "GET /api/records HTTP/1.1" 200 -
2026-08-10 23:33:52,277 [INFO] werkzeug: 127.0.0.1 - - [10/Aug/2026 23:33:52] "GET /api/logs HTTP/1.1" 200 -
2026-08-10 23:33:52,359 [INFO] werkzeug: 127.0.0.1 - - [10/Aug/2026 23:33:52] "GET /api/status HTTP/1.1" 200 -
2026-08-10 23:33:54,495 [INFO] werkzeug: 127.0.0.1 - - [10/Aug/2026 23:33:54] "GET /api/records HTTP/1.1" 200 -
2026-08-10 23:33:55,081 [INFO] werkzeug: 127.0.0.1 - - [10/Aug/2026 23:33:55] "GET /api/logs HTTP/1.1" 200 -
2026-08-10 23:33:55,127 [INFO] werkzeug: 127.0.0.1 - - [10/Aug/2026 23:33:55] "GET /api/status HTTP/1.1" 200 -
2026-08-10 23:33:55,858 [INFO] werkzeug: 127.0.0.1 - - [10/Aug/2026 23:33:55] "GET /api/records HTTP/1.1" 200 -
2026-08-10 23:33:56,179 [INFO] werkzeug: 127.0.0.1 - - [10/Aug/2026 23:33:56] "GET /api/logs HTTP/1.1" 200 -
2026-08-10 23:33:56,196 [INFO] werkzeug: 127.0.0.1 - - [10/Aug/2026 23:33:56] "GET /api/status HTTP/1.1" 200 -
2026-08-10 23:33:57,165 [INFO] Orchestrator: Starting Airline Passenger Automation process in mode: flight_only...
2026-08-10 23:33:57,165 [INFO] Orchestrator: Loading input file: Etihad passenger details 9th Aug.xlsx
2026-08-10 23:33:57,508 [INFO] werkzeug: 127.0.0.1 - - [10/Aug/2026 23:33:57] "GET /api/records HTTP/1.1" 200 -
2026-08-10 23:33:58,301 [INFO] werkzeug: 127.0.0.1 - - [10/Aug/2026 23:33:58] "GET /api/status HTTP/1.1" 200 -
2026-08-10 23:33:58,659 [INFO] werkzeug: 127.0.0.1 - - [10/Aug/2026 23:33:58] "GET /api/logs HTTP/1.1" 200 -
2026-08-10 23:34:00,080 [INFO] werkzeug: 127.0.0.1 - - [10/Aug/2026 23:34:00] "GET /api/records HTTP/1.1" 200 -
2026-08-10 23:34:00,194 [INFO] werkzeug: 127.0.0.1 - - [10/Aug/2026 23:34:00] "GET /api/status HTTP/1.1" 200 -
2026-08-10 23:34:01,030 [INFO] werkzeug: 127.0.0.1 - - [10/Aug/2026 23:34:01] "GET /api/logs HTTP/1.1" 200 -
2026-08-10 23:34:01,876 [INFO] werkzeug: 127.0.0.1 - - [10/Aug/2026 23:34:01] "GET /api/records HTTP/1.1" 200 -
2026-08-10 23:34:01,896 [INFO] werkzeug: 127.0.0.1 - - [10/Aug/2026 23:34:01] "GET /api/status HTTP/1.1" 200 -
2026-08-10 23:34:02,739 [INFO] werkzeug: 127.0.0.1 - - [10/Aug/2026 23:34:02] "GET /api/logs HTTP/1.1" 200 -
2026-08-10 23:34:03,488 [INFO] werkzeug: 127.0.0.1 - - [10/Aug/2026 23:34:03] "GET /api/records HTTP/1.1" 200 -
2026-08-10 23:34:03,577 [INFO] werkzeug: 127.0.0.1 - - [10/Aug/2026 23:34:03] "GET /api/status HTTP/1.1" 200 -
2026-08-10 23:34:04,072 [INFO] werkzeug: 127.0.0.1 - - [10/Aug/2026 23:34:04] "GET /api/logs HTTP/1.1" 200 -
2026-08-10 23:34:04,661 [INFO] werkzeug: 127.0.0.1 - - [10/Aug/2026 23:34:04] "GET /api/status HTTP/1.1" 200 -
2026-08-10 23:34:05,329 [INFO] werkzeug: 127.0.0.1 - - [10/Aug/2026 23:34:05] "GET /api/logs HTTP/1.1" 200 -
2026-08-10 23:34:06,199 [INFO] werkzeug: 127.0.0.1 - - [10/Aug/2026 23:34:06] "GET /api/records HTTP/1.1" 200 -
2026-08-10 23:34:06,347 [INFO] werkzeug: 127.0.0.1 - - [10/Aug/2026 23:34:06] "GET /api/status HTTP/1.1" 200 -
2026-08-10 23:34:07,101 [INFO] werkzeug: 127.0.0.1 - - [10/Aug/2026 23:34:07] "GET /api/logs HTTP/1.1" 200 -
2026-08-10 23:34:07,567 [INFO] werkzeug: 127.0.0.1 - - [10/Aug/2026 23:34:07] "GET /api/status HTTP/1.1" 200 -
2026-08-10 23:34:08,491 [INFO] werkzeug: 127.0.0.1 - - [10/Aug/2026 23:34:08] "GET /api/logs HTTP/1.1" 200 -
2026-08-10 23:34:08,811 [INFO] Orchestrator: Loaded columns: ['nan', 'Last Name', 'PNR']
2026-08-10 23:34:08,812 [INFO] Orchestrator: Mapping columns: PNR -> 'PNR', Last Name -> 'Last Name'
2026-08-10 23:34:08,865 [INFO] Orchestrator: --- Processing Passenger 1/4: PNR 9W4PEY, Last Name: HUMEAU MOUSSET ---
2026-08-10 23:34:08,865 [INFO] src.etihad_scraper: Starting Playwright browser for Etihad Scraper...
2026-08-10 23:34:08,997 [INFO] werkzeug: 127.0.0.1 - - [10/Aug/2026 23:34:08] "GET /api/status HTTP/1.1" 200 -
2026-08-10 23:34:10,166 [INFO] werkzeug: 127.0.0.1 - - [10/Aug/2026 23:34:10] "GET /api/records HTTP/1.1" 200 -
2026-08-10 23:34:10,659 [INFO] werkzeug: 127.0.0.1 - - [10/Aug/2026 23:34:10] "GET /api/logs HTTP/1.1" 200 -
2026-08-10 23:34:10,731 [INFO] werkzeug: 127.0.0.1 - - [10/Aug/2026 23:34:10] "GET /api/status HTTP/1.1" 200 -
2026-08-10 23:34:13,460 [INFO] werkzeug: 127.0.0.1 - - [10/Aug/2026 23:34:13] "GET /api/logs HTTP/1.1" 200 -
2026-08-10 23:34:13,630 [INFO] werkzeug: 127.0.0.1 - - [10/Aug/2026 23:34:13] "GET /api/status HTTP/1.1" 200 -
2026-08-10 23:34:14,359 [INFO] werkzeug: 127.0.0.1 - - [10/Aug/2026 23:34:14] "GET /api/records HTTP/1.1" 200 -
2026-08-10 23:34:14,910 [INFO] werkzeug: 127.0.0.1 - - [10/Aug/2026 23:34:14] "GET /api/logs HTTP/1.1" 200 -
2026-08-10 23:34:15,048 [ERROR] src.etihad_scraper: Error accessing booking 9W4PEY: Page.goto: Timeout 45000ms exceeded.
Call log:
  - navigating to "https://www.etihad.com/en-in/manage", waiting until "domcontentloaded"

2026-08-10 23:34:15,700 [INFO] werkzeug: 127.0.0.1 - - [10/Aug/2026 23:34:15] "GET /api/status HTTP/1.1" 200 -
2026-08-10 23:34:17,277 [INFO] werkzeug: 127.0.0.1 - - [10/Aug/2026 23:34:17] "GET /api/logs HTTP/1.1" 200 -
2026-08-10 23:34:17,309 [INFO] src.etihad_scraper: Saved error screenshot to etihad_error.png
2026-08-10 23:34:17,666 [INFO] werkzeug: 127.0.0.1 - - [10/Aug/2026 23:34:17] "GET /api/status HTTP/1.1" 200 -
2026-08-10 23:34:18,596 [INFO] werkzeug: 127.0.0.1 - - [10/Aug/2026 23:34:18] "GET /api/records HTTP/1.1" 200 -
2026-08-10 23:34:19,795 [INFO] werkzeug: 127.0.0.1 - - [10/Aug/2026 23:34:19] "GET /api/status HTTP/1.1" 200 -
2026-08-10 23:34:20,747 [INFO] werkzeug: 127.0.0.1 - - [10/Aug/2026 23:34:20] "GET /api/logs HTTP/1.1" 200 -
2026-08-10 23:34:21,579 [INFO] werkzeug: 127.0.0.1 - - [10/Aug/2026 23:34:21] "GET /api/status HTTP/1.1" 200 -
2026-08-10 23:34:22,049 [INFO] werkzeug: 127.0.0.1 - - [10/Aug/2026 23:34:22] "GET /api/records HTTP/1.1" 200 -
2026-08-10 23:34:22,341 [INFO] werkzeug: 127.0.0.1 - - [10/Aug/2026 23:34:22] "GET /api/logs HTTP/1.1" 200 -
2026-08-10 23:34:22,939 [INFO] werkzeug: 127.0.0.1 - - [10/Aug/2026 23:34:22] "GET /api/status HTTP/1.1" 200 -
2026-08-10 23:34:23,562 [INFO] werkzeug: 127.0.0.1 - - [10/Aug/2026 23:34:23] "GET /api/logs HTTP/1.1" 200 -
2026-08-10 23:34:24,111 [INFO] werkzeug: 127.0.0.1 - - [10/Aug/2026 23:34:24] "GET /api/status HTTP/1.1" 200 -
2026-08-10 23:34:24,658 [INFO] werkzeug: 127.0.0.1 - - [10/Aug/2026 23:34:24] "GET /api/logs HTTP/1.1" 200 -
2026-08-10 23:34:24,928 [INFO] werkzeug: 127.0.0.1 - - [10/Aug/2026 23:34:24] "GET /api/status HTTP/1.1" 200 -
2026-08-10 23:34:25,147 [INFO] werkzeug: 127.0.0.1 - - [10/Aug/2026 23:34:25] "GET /api/records HTTP/1.1" 200 -
2026-08-10 23:34:26,495 [INFO] werkzeug: 127.0.0.1 - - [10/Aug/2026 23:34:26] "GET /api/logs HTTP/1.1" 200 -
2026-08-10 23:34:26,678 [INFO] werkzeug: 127.0.0.1 - - [10/Aug/2026 23:34:26] "GET /api/status HTTP/1.1" 200 -
2026-08-10 23:34:27,993 [INFO] werkzeug: 127.0.0.1 - - [10/Aug/2026 23:34:27] "GET /api/logs HTTP/1.1" 200 -
2026-08-10 23:34:28,041 [INFO] werkzeug: 127.0.0.1 - - [10/Aug/2026 23:34:28] "GET /api/status HTTP/1.1" 200 -
2026-08-10 23:34:30,223 [INFO] werkzeug: 127.0.0.1 - - [10/Aug/2026 23:34:30] "GET /api/logs HTTP/1.1" 200 -
2026-08-10 23:34:30,660 [INFO] werkzeug: 127.0.0.1 - - [10/Aug/2026 23:34:30] "GET /api/records HTTP/1.1" 200 -
2026-08-10 23:34:30,711 [INFO] src.etihad_scraper: Accessing booking for PNR: 9W4PEY, Last Name: HUMEAU MOUSSET
2026-08-10 23:34:30,812 [INFO] werkzeug: 127.0.0.1 - - [10/Aug/2026 23:34:30] "GET /api/status HTTP/1.1" 200 -
2026-08-10 23:34:31,591 [INFO] werkzeug: 127.0.0.1 - - [10/Aug/2026 23:34:31] "GET /api/logs HTTP/1.1" 200 -
2026-08-10 23:34:33,272 [INFO] werkzeug: 127.0.0.1 - - [10/Aug/2026 23:34:33] "GET /api/status HTTP/1.1" 200 -
2026-08-10 23:34:34,810 [ERROR] src.etihad_scraper: Error accessing booking 9W4PEY: Page.goto: net::ERR_NAME_NOT_RESOLVED at https://www.etihad.com/en-in/manage
Call log:
  - navigating to "https://www.etihad.com/en-in/manage", waiting until "domcontentloaded"

2026-08-10 23:34:35,547 [INFO] werkzeug: 127.0.0.1 - - [10/Aug/2026 23:34:35] "GET /api/records HTTP/1.1" 200 -
2026-08-10 23:34:36,376 [INFO] werkzeug: 127.0.0.1 - - [10/Aug/2026 23:34:36] "GET /api/logs HTTP/1.1" 200 -
2026-08-10 23:34:37,189 [INFO] werkzeug: 127.0.0.1 - - [10/Aug/2026 23:34:37] "GET /api/status HTTP/1.1" 200 -
2026-08-10 23:34:39,642 [INFO] werkzeug: 127.0.0.1 - - [10/Aug/2026 23:34:39] "GET /api/records HTTP/1.1" 200 -
2026-08-10 23:34:39,892 [INFO] werkzeug: 127.0.0.1 - - [10/Aug/2026 23:34:39] "GET /api/logs HTTP/1.1" 200 -
2026-08-10 23:34:40,348 [INFO] werkzeug: 127.0.0.1 - - [10/Aug/2026 23:34:40] "GET /api/status HTTP/1.1" 200 -
2026-08-10 23:34:40,681 [INFO] src.etihad_scraper: Saved error screenshot to etihad_error.png
2026-08-10 23:34:41,872 [INFO] werkzeug: 127.0.0.1 - - [10/Aug/2026 23:34:41] "GET /api/logs HTTP/1.1" 200 -
2026-08-10 23:34:42,766 [INFO] werkzeug: 127.0.0.1 - - [10/Aug/2026 23:34:42] "GET /api/records HTTP/1.1" 200 -
2026-08-10 23:34:43,064 [INFO] werkzeug: 127.0.0.1 - - [10/Aug/2026 23:34:43] "GET /api/status HTTP/1.1" 200 -
2026-08-10 23:34:43,612 [INFO] werkzeug: 127.0.0.1 - - [10/Aug/2026 23:34:43] "GET /api/logs HTTP/1.1" 200 -
2026-08-10 23:34:44,026 [INFO] werkzeug: 127.0.0.1 - - [10/Aug/2026 23:34:44] "GET /api/status HTTP/1.1" 200 -
2026-08-10 23:34:44,151 [INFO] werkzeug: 127.0.0.1 - - [10/Aug/2026 23:34:44] "GET /api/logs HTTP/1.1" 200 -
2026-08-10 23:34:44,490 [INFO] werkzeug: 127.0.0.1 - - [10/Aug/2026 23:34:44] "GET /api/status HTTP/1.1" 200 -
2026-08-10 23:34:44,673 [INFO] werkzeug: 127.0.0.1 - - [10/Aug/2026 23:34:44] "GET /api/logs HTTP/1.1" 200 -
2026-08-10 23:34:44,982 [INFO] werkzeug: 127.0.0.1 - - [10/Aug/2026 23:34:44] "GET /api/status HTTP/1.1" 200 -
2026-08-10 23:34:45,529 [INFO] werkzeug: 127.0.0.1 - - [10/Aug/2026 23:34:45] "GET /api/status HTTP/1.1" 200 -
2026-08-10 23:34:45,579 [INFO] werkzeug: 127.0.0.1 - - [10/Aug/2026 23:34:45] "GET /api/logs HTTP/1.1" 200 -
2026-08-10 23:34:46,125 [INFO] werkzeug: 127.0.0.1 - - [10/Aug/2026 23:34:46] "GET /api/status HTTP/1.1" 200 -
2026-08-10 23:34:46,291 [INFO] werkzeug: 127.0.0.1 - - [10/Aug/2026 23:34:46] "GET /api/logs HTTP/1.1" 200 -
2026-08-10 23:34:46,674 [INFO] werkzeug: 127.0.0.1 - - [10/Aug/2026 23:34:46] "GET /api/status HTTP/1.1" 200 -
2026-08-10 23:34:46,810 [INFO] werkzeug: 127.0.0.1 - - [10/Aug/2026 23:34:46] "GET /api/logs HTTP/1.1" 200 -
2026-08-10 23:34:47,338 [INFO] werkzeug: 127.0.0.1 - - [10/Aug/2026 23:34:47] "GET /api/status HTTP/1.1" 200 -
2026-08-10 23:34:47,690 [INFO] werkzeug: 127.0.0.1 - - [10/Aug/2026 23:34:47] "GET /api/logs HTTP/1.1" 200 -
2026-08-10 23:34:48,422 [INFO] werkzeug: 127.0.0.1 - - [10/Aug/2026 23:34:48] "GET /api/logs HTTP/1.1" 200 -
2026-08-10 23:34:49,234 [INFO] werkzeug: 127.0.0.1 - - [10/Aug/2026 23:34:49] "GET /api/logs HTTP/1.1" 200 -
2026-08-10 23:34:49,769 [INFO] werkzeug: 127.0.0.1 - - [10/Aug/2026 23:34:49] "GET /api/logs HTTP/1.1" 200 -
2026-08-10 23:34:51,028 [INFO] werkzeug: 127.0.0.1 - - [10/Aug/2026 23:34:51] "GET /api/logs HTTP/1.1" 200 -
2026-08-10 23:34:51,361 [INFO] werkzeug: 127.0.0.1 - - [10/Aug/2026 23:34:51] "GET /api/status HTTP/1.1" 200 -
2026-08-10 23:34:51,997 [INFO] werkzeug: 127.0.0.1 - - [10/Aug/2026 23:34:51] "GET /api/records HTTP/1.1" 200 -
2026-08-10 23:34:52,640 [INFO] werkzeug: 127.0.0.1 - - [10/Aug/2026 23:34:52] "GET /api/logs HTTP/1.1" 200 -
2026-08-10 23:34:52,728 [INFO] werkzeug: 127.0.0.1 - - [10/Aug/2026 23:34:52] "GET /api/status HTTP/1.1" 200 -
2026-08-10 23:34:53,606 [INFO] werkzeug: 127.0.0.1 - - [10/Aug/2026 23:34:53] "GET /api/status HTTP/1.1" 200 -
2026-08-10 23:34:53,608 [INFO] werkzeug: 127.0.0.1 - - [10/Aug/2026 23:34:53] "GET /api/records HTTP/1.1" 200 -
2026-08-10 23:34:54,105 [INFO] werkzeug: 127.0.0.1 - - [10/Aug/2026 23:34:54] "GET /api/logs HTTP/1.1" 200 -
2026-08-10 23:34:55,547 [INFO] werkzeug: 127.0.0.1 - - [10/Aug/2026 23:34:55] "GET /api/logs HTTP/1.1" 200 -
2026-08-10 23:34:55,580 [INFO] werkzeug: 127.0.0.1 - - [10/Aug/2026 23:34:55] "GET /api/status HTTP/1.1" 200 -
2026-08-10 23:34:56,189 [INFO] werkzeug: 127.0.0.1 - - [10/Aug/2026 23:34:56] "GET /api/logs HTTP/1.1" 200 -
2026-08-10 23:34:57,028 [INFO] werkzeug: 127.0.0.1 - - [10/Aug/2026 23:34:57] "GET /api/status HTTP/1.1" 200 -
2026-08-10 23:34:57,788 [INFO] werkzeug: 127.0.0.1 - - [10/Aug/2026 23:34:57] "GET /api/records HTTP/1.1" 200 -
2026-08-10 23:34:57,794 [INFO] werkzeug: 127.0.0.1 - - [10/Aug/2026 23:34:57] "GET /api/logs HTTP/1.1" 200 -
2026-08-10 23:34:58,486 [INFO] werkzeug: 127.0.0.1 - - [10/Aug/2026 23:34:58] "GET /api/status HTTP/1.1" 200 -
2026-08-10 23:34:59,000 [INFO] werkzeug: 127.0.0.1 - - [10/Aug/2026 23:34:59] "GET /api/logs HTTP/1.1" 200 -
2026-08-10 23:35:01,047 [INFO] werkzeug: 127.0.0.1 - - [10/Aug/2026 23:35:01] "GET /api/status HTTP/1.1" 200 -
2026-08-10 23:35:01,779 [INFO] werkzeug: 127.0.0.1 - - [10/Aug/2026 23:35:01] "GET /api/records HTTP/1.1" 200 -
2026-08-10 23:35:01,781 [INFO] werkzeug: 127.0.0.1 - - [10/Aug/2026 23:35:01] "GET /api/logs HTTP/1.1" 200 -
2026-08-10 23:35:02,532 [INFO] src.etihad_scraper: Etihad Scraper stopped.
2026-08-10 23:35:02,535 [INFO] Orchestrator: --- Processing Passenger 2/4: PNR DSSP38, Last Name: JUDES ---
2026-08-10 23:35:02,535 [INFO] src.etihad_scraper: Starting Playwright browser for Etihad Scraper...
2026-08-10 23:35:02,680 [INFO] werkzeug: 127.0.0.1 - - [10/Aug/2026 23:35:02] "GET /api/status HTTP/1.1" 200 -
2026-08-10 23:35:03,613 [INFO] werkzeug: 127.0.0.1 - - [10/Aug/2026 23:35:03] "GET /api/logs HTTP/1.1" 200 -
2026-08-10 23:35:05,057 [INFO] werkzeug: 127.0.0.1 - - [10/Aug/2026 23:35:05] "GET /api/status HTTP/1.1" 200 -
2026-08-10 23:35:05,529 [INFO] werkzeug: 127.0.0.1 - - [10/Aug/2026 23:35:05] "GET /api/logs HTTP/1.1" 200 -
2026-08-10 23:35:06,309 [INFO] werkzeug: 127.0.0.1 - - [10/Aug/2026 23:35:06] "GET /api/records HTTP/1.1" 200 -
2026-08-10 23:35:06,592 [INFO] werkzeug: 127.0.0.1 - - [10/Aug/2026 23:35:06] "GET /api/status HTTP/1.1" 200 -
2026-08-10 23:35:07,996 [INFO] werkzeug: 127.0.0.1 - - [10/Aug/2026 23:35:07] "GET /api/logs HTTP/1.1" 200 -
2026-08-10 23:35:09,560 [INFO] werkzeug: 127.0.0.1 - - [10/Aug/2026 23:35:09] "GET /api/status HTTP/1.1" 200 -
2026-08-10 23:35:10,273 [INFO] werkzeug: 127.0.0.1 - - [10/Aug/2026 23:35:10] "GET /api/logs HTTP/1.1" 200 -
2026-08-10 23:35:10,678 [INFO] werkzeug: 127.0.0.1 - - [10/Aug/2026 23:35:10] "GET /api/records HTTP/1.1" 200 -
2026-08-10 23:35:11,075 [INFO] werkzeug: 127.0.0.1 - - [10/Aug/2026 23:35:11] "GET /api/logs HTTP/1.1" 200 -
2026-08-10 23:35:11,607 [INFO] werkzeug: 127.0.0.1 - - [10/Aug/2026 23:35:11] "GET /api/status HTTP/1.1" 200 -
2026-08-10 23:35:12,339 [INFO] src.etihad_scraper: Etihad Scraper stopped.
2026-08-10 23:35:12,346 [INFO] Orchestrator: --- Processing Passenger 2/4: PNR DSSP38, Last Name: JUDES ---
2026-08-10 23:35:12,346 [INFO] src.etihad_scraper: Starting Playwright browser for Etihad Scraper...
2026-08-10 23:35:13,760 [INFO] werkzeug: 127.0.0.1 - - [10/Aug/2026 23:35:13] "GET /api/status HTTP/1.1" 200 -
2026-08-10 23:35:13,938 [INFO] werkzeug: 127.0.0.1 - - [10/Aug/2026 23:35:13] "GET /api/logs HTTP/1.1" 200 -
2026-08-10 23:35:14,211 [INFO] werkzeug: 127.0.0.1 - - [10/Aug/2026 23:35:14] "GET /api/records HTTP/1.1" 200 -
2026-08-10 23:35:14,529 [INFO] werkzeug: 127.0.0.1 - - [10/Aug/2026 23:35:14] "GET /api/status HTTP/1.1" 200 -
2026-08-10 23:35:15,288 [INFO] werkzeug: 127.0.0.1 - - [10/Aug/2026 23:35:15] "GET /api/logs HTTP/1.1" 200 -
2026-08-10 23:35:17,746 [INFO] werkzeug: 127.0.0.1 - - [10/Aug/2026 23:35:17] "GET /api/status HTTP/1.1" 200 -
2026-08-10 23:35:18,668 [INFO] werkzeug: 127.0.0.1 - - [10/Aug/2026 23:35:18] "GET /api/logs HTTP/1.1" 200 -
2026-08-10 23:35:20,160 [INFO] werkzeug: 127.0.0.1 - - [10/Aug/2026 23:35:20] "GET /api/records HTTP/1.1" 200 -
2026-08-10 23:35:20,422 [INFO] werkzeug: 127.0.0.1 - - [10/Aug/2026 23:35:20] "GET /api/status HTTP/1.1" 200 -
2026-08-10 23:35:22,960 [INFO] werkzeug: 127.0.0.1 - - [10/Aug/2026 23:35:22] "GET /api/logs HTTP/1.1" 200 -
2026-08-10 23:35:23,109 [INFO] src.etihad_scraper: Accessing booking for PNR: DSSP38, Last Name: JUDES
2026-08-10 23:35:23,272 [INFO] werkzeug: 127.0.0.1 - - [10/Aug/2026 23:35:23] "GET /api/status HTTP/1.1" 200 -
2026-08-10 23:35:24,810 [INFO] werkzeug: 127.0.0.1 - - [10/Aug/2026 23:35:24] "GET /api/records HTTP/1.1" 200 -
2026-08-10 23:35:27,092 [INFO] werkzeug: 127.0.0.1 - - [10/Aug/2026 23:35:27] "GET /api/logs HTTP/1.1" 200 -
2026-08-10 23:35:27,495 [INFO] werkzeug: 127.0.0.1 - - [10/Aug/2026 23:35:27] "GET /api/status HTTP/1.1" 200 -
2026-08-10 23:35:29,222 [INFO] werkzeug: 127.0.0.1 - - [10/Aug/2026 23:35:29] "GET /api/records HTTP/1.1" 200 -
2026-08-10 23:35:29,476 [INFO] werkzeug: 127.0.0.1 - - [10/Aug/2026 23:35:29] "GET /api/logs HTTP/1.1" 200 -
2026-08-10 23:35:29,961 [INFO] werkzeug: 127.0.0.1 - - [10/Aug/2026 23:35:29] "GET /api/status HTTP/1.1" 200 -
2026-08-10 23:35:31,560 [INFO] werkzeug: 127.0.0.1 - - [10/Aug/2026 23:35:31] "GET /api/status HTTP/1.1" 200 -
2026-08-10 23:35:32,145 [INFO] werkzeug: 127.0.0.1 - - [10/Aug/2026 23:35:32] "GET /api/logs HTTP/1.1" 200 -
2026-08-10 23:35:32,841 [INFO] werkzeug: 127.0.0.1 - - [10/Aug/2026 23:35:32] "GET /api/records HTTP/1.1" 200 -
2026-08-10 23:35:34,389 [INFO] werkzeug: 127.0.0.1 - - [10/Aug/2026 23:35:34] "GET /api/status HTTP/1.1" 200 -
2026-08-10 23:35:39,290 [INFO] werkzeug: 127.0.0.1 - - [10/Aug/2026 23:35:39] "GET /api/logs HTTP/1.1" 200 -
2026-08-10 23:35:42,172 [INFO] werkzeug: 127.0.0.1 - - [10/Aug/2026 23:35:42] "GET /api/records HTTP/1.1" 200 -
2026-08-10 23:35:42,274 [INFO] werkzeug: 127.0.0.1 - - [10/Aug/2026 23:35:42] "GET /api/status HTTP/1.1" 200 -
2026-08-10 23:35:46,704 [ERROR] src.etihad_scraper: Error accessing booking DSSP38: Page.goto: net::ERR_NAME_NOT_RESOLVED at https://www.etihad.com/en-in/manage
Call log:
  - navigating to "https://www.etihad.com/en-in/manage", waiting until "domcontentloaded"

2026-08-10 23:35:49,170 [INFO] werkzeug: 127.0.0.1 - - [10/Aug/2026 23:35:49] "GET /api/logs HTTP/1.1" 200 -
2026-08-10 23:35:49,470 [INFO] werkzeug: 127.0.0.1 - - [10/Aug/2026 23:35:49] "GET /api/status HTTP/1.1" 200 -
2026-08-10 23:35:53,615 [INFO] src.etihad_scraper: Accessing booking for PNR: DSSP38, Last Name: JUDES
2026-08-10 23:35:55,303 [INFO] werkzeug: 127.0.0.1 - - [10/Aug/2026 23:35:55] "GET /api/records HTTP/1.1" 200 -
2026-08-10 23:35:56,852 [INFO] werkzeug: 127.0.0.1 - - [10/Aug/2026 23:35:56] "GET /api/logs HTTP/1.1" 200 -
2026-08-10 23:35:58,056 [INFO] werkzeug: 127.0.0.1 - - [10/Aug/2026 23:35:58] "GET /api/logs HTTP/1.1" 200 -
2026-08-10 23:35:59,071 [INFO] werkzeug: 127.0.0.1 - - [10/Aug/2026 23:35:59] "GET /api/status HTTP/1.1" 200 -
2026-08-10 23:36:00,306 [INFO] werkzeug: 127.0.0.1 - - [10/Aug/2026 23:36:00] "GET /api/logs HTTP/1.1" 200 -
2026-08-10 23:36:00,620 [INFO] werkzeug: 127.0.0.1 - - [10/Aug/2026 23:36:00] "GET /api/status HTTP/1.1" 200 -
2026-08-10 23:36:01,840 [INFO] werkzeug: 127.0.0.1 - - [10/Aug/2026 23:36:01] "GET /api/logs HTTP/1.1" 200 -
2026-08-10 23:36:02,281 [INFO] werkzeug: 127.0.0.1 - - [10/Aug/2026 23:36:02] "GET /api/records HTTP/1.1" 200 -
2026-08-10 23:36:02,286 [INFO] werkzeug: 127.0.0.1 - - [10/Aug/2026 23:36:02] "GET /api/status HTTP/1.1" 200 -
2026-08-10 23:36:03,358 [INFO] werkzeug: 127.0.0.1 - - [10/Aug/2026 23:36:03] "GET /api/logs HTTP/1.1" 200 -
2026-08-10 23:36:04,624 [INFO] werkzeug: 127.0.0.1 - - [10/Aug/2026 23:36:04] "GET /api/logs HTTP/1.1" 200 -
2026-08-10 23:36:04,809 [INFO] werkzeug: 127.0.0.1 - - [10/Aug/2026 23:36:04] "GET /api/status HTTP/1.1" 200 -
2026-08-10 23:36:05,067 [INFO] werkzeug: 127.0.0.1 - - [10/Aug/2026 23:36:05] "GET /api/status HTTP/1.1" 200 -
2026-08-10 23:36:09,059 [INFO] werkzeug: 127.0.0.1 - - [10/Aug/2026 23:36:09] "GET /api/logs HTTP/1.1" 200 -
2026-08-10 23:36:09,519 [ERROR] src.etihad_scraper: Error accessing booking DSSP38: Page.goto: net::ERR_NAME_NOT_RESOLVED at https://www.etihad.com/en-in/manage
Call log:
  - navigating to "https://www.etihad.com/en-in/manage", waiting until "domcontentloaded"

2026-08-10 23:36:10,699 [INFO] werkzeug: 127.0.0.1 - - [10/Aug/2026 23:36:10] "GET /api/records HTTP/1.1" 200 -
2026-08-10 23:36:10,831 [INFO] werkzeug: 127.0.0.1 - - [10/Aug/2026 23:36:10] "GET /api/status HTTP/1.1" 200 -
2026-08-10 23:36:11,116 [INFO] werkzeug: 127.0.0.1 - - [10/Aug/2026 23:36:11] "GET /api/logs HTTP/1.1" 200 -
2026-08-10 23:36:11,236 [INFO] src.etihad_scraper: Saved error screenshot to etihad_error.png
2026-08-10 23:36:11,471 [INFO] werkzeug: 127.0.0.1 - - [10/Aug/2026 23:36:11] "GET /api/status HTTP/1.1" 200 -
2026-08-10 23:36:11,642 [INFO] werkzeug: 127.0.0.1 - - [10/Aug/2026 23:36:11] "GET /api/logs HTTP/1.1" 200 -
2026-08-10 23:36:11,770 [INFO] werkzeug: 127.0.0.1 - - [10/Aug/2026 23:36:11] "GET /api/status HTTP/1.1" 200 -
2026-08-10 23:36:13,058 [INFO] src.etihad_scraper: Saved error screenshot to etihad_error.png
2026-08-10 23:36:13,133 [INFO] werkzeug: 127.0.0.1 - - [10/Aug/2026 23:36:13] "GET /api/records HTTP/1.1" 200 -
2026-08-10 23:36:13,139 [INFO] werkzeug: 127.0.0.1 - - [10/Aug/2026 23:36:13] "GET /api/logs HTTP/1.1" 200 -
2026-08-10 23:36:13,447 [INFO] werkzeug: 127.0.0.1 - - [10/Aug/2026 23:36:13] "GET /api/status HTTP/1.1" 200 -
2026-08-10 23:36:13,452 [INFO] werkzeug: 127.0.0.1 - - [10/Aug/2026 23:36:13] "GET /api/records HTTP/1.1" 200 -
2026-08-10 23:36:14,338 [INFO] werkzeug: 127.0.0.1 - - [10/Aug/2026 23:36:14] "GET /api/status HTTP/1.1" 200 -
2026-08-10 23:36:14,342 [INFO] werkzeug: 127.0.0.1 - - [10/Aug/2026 23:36:14] "GET /api/logs HTTP/1.1" 200 -
2026-08-10 23:36:15,014 [INFO] werkzeug: 127.0.0.1 - - [10/Aug/2026 23:36:15] "GET /api/logs HTTP/1.1" 200 -
2026-08-10 23:36:15,191 [INFO] werkzeug: 127.0.0.1 - - [10/Aug/2026 23:36:15] "GET /api/records HTTP/1.1" 200 -
2026-08-10 23:36:15,358 [INFO] werkzeug: 127.0.0.1 - - [10/Aug/2026 23:36:15] "GET /api/status HTTP/1.1" 200 -
2026-08-10 23:36:15,532 [INFO] werkzeug: 127.0.0.1 - - [10/Aug/2026 23:36:15] "GET /api/status HTTP/1.1" 200 -
2026-08-10 23:36:15,562 [INFO] werkzeug: 127.0.0.1 - - [10/Aug/2026 23:36:15] "GET /api/logs HTTP/1.1" 200 -
2026-08-10 23:36:15,681 [INFO] werkzeug: 127.0.0.1 - - [10/Aug/2026 23:36:15] "GET /api/logs HTTP/1.1" 200 -
2026-08-10 23:36:15,915 [INFO] werkzeug: 127.0.0.1 - - [10/Aug/2026 23:36:15] "GET /api/records HTTP/1.1" 200 -
2026-08-10 23:36:15,939 [INFO] werkzeug: 127.0.0.1 - - [10/Aug/2026 23:36:15] "GET /api/status HTTP/1.1" 200 -
2026-08-10 23:36:16,239 [INFO] werkzeug: 127.0.0.1 - - [10/Aug/2026 23:36:16] "GET /api/logs HTTP/1.1" 200 -
2026-08-10 23:36:16,434 [INFO] werkzeug: 127.0.0.1 - - [10/Aug/2026 23:36:16] "GET /api/records HTTP/1.1" 200 -
2026-08-10 23:36:16,437 [INFO] werkzeug: 127.0.0.1 - - [10/Aug/2026 23:36:16] "GET /api/status HTTP/1.1" 200 -
2026-08-10 23:36:16,682 [INFO] werkzeug: 127.0.0.1 - - [10/Aug/2026 23:36:16] "GET /api/logs HTTP/1.1" 200 -
2026-08-10 23:36:16,952 [INFO] werkzeug: 127.0.0.1 - - [10/Aug/2026 23:36:16] "GET /api/status HTTP/1.1" 200 -
2026-08-10 23:36:17,023 [INFO] werkzeug: 127.0.0.1 - - [10/Aug/2026 23:36:17] "GET /api/records HTTP/1.1" 200 -
2026-08-10 23:36:17,116 [INFO] werkzeug: 127.0.0.1 - - [10/Aug/2026 23:36:17] "GET /api/logs HTTP/1.1" 200 -
2026-08-10 23:36:17,382 [INFO] werkzeug: 127.0.0.1 - - [10/Aug/2026 23:36:17] "GET /api/status HTTP/1.1" 200 -
2026-08-10 23:36:17,649 [INFO] werkzeug: 127.0.0.1 - - [10/Aug/2026 23:36:17] "GET /api/logs HTTP/1.1" 200 -
2026-08-10 23:36:17,923 [INFO] werkzeug: 127.0.0.1 - - [10/Aug/2026 23:36:17] "GET /api/status HTTP/1.1" 200 -
2026-08-10 23:36:18,156 [INFO] werkzeug: 127.0.0.1 - - [10/Aug/2026 23:36:18] "GET /api/logs HTTP/1.1" 200 -
2026-08-10 23:36:18,601 [INFO] werkzeug: 127.0.0.1 - - [10/Aug/2026 23:36:18] "GET /api/status HTTP/1.1" 200 -
2026-08-10 23:36:18,834 [INFO] werkzeug: 127.0.0.1 - - [10/Aug/2026 23:36:18] "GET /api/logs HTTP/1.1" 200 -
2026-08-10 23:36:36,941 [INFO] werkzeug: 127.0.0.1 - - [10/Aug/2026 23:36:36] "GET /api/records HTTP/1.1" 200 -
2026-08-10 23:36:36,953 [INFO] werkzeug: 127.0.0.1 - - [10/Aug/2026 23:36:36] "GET /api/logs HTTP/1.1" 200 -
2026-08-10 23:36:36,956 [INFO] werkzeug: 127.0.0.1 - - [10/Aug/2026 23:36:36] "GET /api/status HTTP/1.1" 200 -
2026-08-10 23:36:37,301 [INFO] werkzeug: 127.0.0.1 - - [10/Aug/2026 23:36:37] "GET /api/records HTTP/1.1" 200 -
2026-08-10 23:36:37,639 [INFO] werkzeug: 127.0.0.1 - - [10/Aug/2026 23:36:37] "GET /api/status HTTP/1.1" 200 -
2026-08-10 23:36:37,798 [INFO] werkzeug: 127.0.0.1 - - [10/Aug/2026 23:36:37] "GET /api/logs HTTP/1.1" 200 -
2026-08-10 23:36:37,969 [INFO] werkzeug: 127.0.0.1 - - [10/Aug/2026 23:36:37] "GET /api/records HTTP/1.1" 200 -
2026-08-10 23:36:38,200 [INFO] werkzeug: 127.0.0.1 - - [10/Aug/2026 23:36:38] "GET /api/status HTTP/1.1" 200 -
2026-08-10 23:36:38,287 [INFO] werkzeug: 127.0.0.1 - - [10/Aug/2026 23:36:38] "GET /api/logs HTTP/1.1" 200 -
2026-08-10 23:37:01,184 [INFO] werkzeug: 127.0.0.1 - - [10/Aug/2026 23:37:01] "GET /api/records HTTP/1.1" 200 -
2026-08-10 23:37:01,415 [INFO] werkzeug: 127.0.0.1 - - [10/Aug/2026 23:37:01] "GET /api/logs HTTP/1.1" 200 -
2026-08-10 23:37:01,719 [INFO] werkzeug: 127.0.0.1 - - [10/Aug/2026 23:37:01] "GET /api/status HTTP/1.1" 200 -
2026-08-10 23:37:02,029 [INFO] werkzeug: 127.0.0.1 - - [10/Aug/2026 23:37:02] "GET /api/records HTTP/1.1" 200 -
2026-08-10 23:37:02,649 [INFO] werkzeug: 127.0.0.1 - - [10/Aug/2026 23:37:02] "GET /api/logs HTTP/1.1" 200 -
2026-08-10 23:37:02,664 [INFO] werkzeug: 127.0.0.1 - - [10/Aug/2026 23:37:02] "GET /api/status HTTP/1.1" 200 -
2026-08-10 23:37:03,434 [INFO] werkzeug: 127.0.0.1 - - [10/Aug/2026 23:37:03] "GET /api/records HTTP/1.1" 200 -
2026-08-10 23:37:04,514 [INFO] werkzeug: 127.0.0.1 - - [10/Aug/2026 23:37:04] "GET /api/logs HTTP/1.1" 200 -
2026-08-10 23:37:04,639 [INFO] werkzeug: 127.0.0.1 - - [10/Aug/2026 23:37:04] "GET /api/status HTTP/1.1" 200 -
2026-08-10 23:37:05,309 [INFO] werkzeug: 127.0.0.1 - - [10/Aug/2026 23:37:05] "GET /api/records HTTP/1.1" 200 -
2026-08-10 23:37:06,253 [INFO] werkzeug: 127.0.0.1 - - [10/Aug/2026 23:37:06] "GET /api/status HTTP/1.1" 200 -
2026-08-10 23:37:06,386 [INFO] werkzeug: 127.0.0.1 - - [10/Aug/2026 23:37:06] "GET /api/logs HTTP/1.1" 200 -
2026-08-10 23:37:06,572 [INFO] src.etihad_scraper: Etihad Scraper stopped.
2026-08-10 23:37:06,687 [INFO] Orchestrator: --- Processing Passenger 3/4: PNR 9W4PFY, Last Name: MOUSSET ---
2026-08-10 23:37:06,687 [INFO] src.etihad_scraper: Starting Playwright browser for Etihad Scraper...
2026-08-10 23:37:06,932 [INFO] werkzeug: 127.0.0.1 - - [10/Aug/2026 23:37:06] "GET /api/records HTTP/1.1" 200 -
2026-08-10 23:37:07,080 [INFO] src.etihad_scraper: Etihad Scraper stopped.
2026-08-10 23:37:07,213 [INFO] Orchestrator: --- Processing Passenger 3/4: PNR 9W4PFY, Last Name: MOUSSET ---
2026-08-10 23:37:07,213 [INFO] src.etihad_scraper: Starting Playwright browser for Etihad Scraper...
2026-08-10 23:37:08,474 [INFO] werkzeug: 127.0.0.1 - - [10/Aug/2026 23:37:08] "GET /api/logs HTTP/1.1" 200 -
2026-08-10 23:37:08,521 [INFO] werkzeug: 127.0.0.1 - - [10/Aug/2026 23:37:08] "GET /api/status HTTP/1.1" 200 -
2026-08-10 23:37:09,114 [INFO] werkzeug: 127.0.0.1 - - [10/Aug/2026 23:37:09] "GET /api/records HTTP/1.1" 200 -
2026-08-10 23:37:09,783 [INFO] werkzeug: 127.0.0.1 - - [10/Aug/2026 23:37:09] "GET /api/status HTTP/1.1" 200 -
2026-08-10 23:37:09,788 [INFO] werkzeug: 127.0.0.1 - - [10/Aug/2026 23:37:09] "GET /api/logs HTTP/1.1" 200 -
2026-08-10 23:37:09,954 [INFO] werkzeug: 127.0.0.1 - - [10/Aug/2026 23:37:09] "GET /api/records HTTP/1.1" 200 -
2026-08-10 23:37:10,623 [INFO] werkzeug: 127.0.0.1 - - [10/Aug/2026 23:37:10] "GET /api/status HTTP/1.1" 200 -
2026-08-10 23:37:11,003 [INFO] werkzeug: 127.0.0.1 - - [10/Aug/2026 23:37:11] "GET /api/logs HTTP/1.1" 200 -
2026-08-10 23:37:11,429 [INFO] werkzeug: 127.0.0.1 - - [10/Aug/2026 23:37:11] "GET /api/status HTTP/1.1" 200 -
2026-08-10 23:37:12,185 [INFO] werkzeug: 127.0.0.1 - - [10/Aug/2026 23:37:12] "GET /api/logs HTTP/1.1" 200 -
2026-08-10 23:37:12,283 [INFO] werkzeug: 127.0.0.1 - - [10/Aug/2026 23:37:12] "GET /api/status HTTP/1.1" 200 -
2026-08-10 23:37:13,903 [INFO] werkzeug: 127.0.0.1 - - [10/Aug/2026 23:37:13] "GET /api/logs HTTP/1.1" 200 -
2026-08-10 23:37:14,086 [INFO] werkzeug: 127.0.0.1 - - [10/Aug/2026 23:37:14] "GET /api/status HTTP/1.1" 200 -
2026-08-10 23:37:15,778 [INFO] werkzeug: 127.0.0.1 - - [10/Aug/2026 23:37:15] "GET /api/logs HTTP/1.1" 200 -
2026-08-10 23:37:15,785 [INFO] werkzeug: 127.0.0.1 - - [10/Aug/2026 23:37:15] "GET /api/status HTTP/1.1" 200 -
2026-08-10 23:37:17,765 [INFO] werkzeug: 127.0.0.1 - - [10/Aug/2026 23:37:17] "GET /api/logs HTTP/1.1" 200 -
2026-08-10 23:37:18,529 [INFO] werkzeug: 127.0.0.1 - - [10/Aug/2026 23:37:18] "GET /api/status HTTP/1.1" 200 -
2026-08-10 23:37:21,221 [INFO] werkzeug: 127.0.0.1 - - [10/Aug/2026 23:37:21] "GET /api/records HTTP/1.1" 200 -
2026-08-10 23:37:23,932 [INFO] werkzeug: 127.0.0.1 - - [10/Aug/2026 23:37:23] "GET /api/logs HTTP/1.1" 200 -
2026-08-10 23:37:28,951 [INFO] werkzeug: 127.0.0.1 - - [10/Aug/2026 23:37:28] "GET /api/status HTTP/1.1" 200 -
2026-08-10 23:37:32,627 [INFO] src.etihad_scraper: Accessing booking for PNR: 9W4PFY, Last Name: MOUSSET
2026-08-10 23:37:32,846 [INFO] src.etihad_scraper: Accessing booking for PNR: 9W4PFY, Last Name: MOUSSET
2026-08-10 23:37:34,219 [INFO] werkzeug: 127.0.0.1 - - [10/Aug/2026 23:37:34] "GET /api/logs HTTP/1.1" 200 -
2026-08-10 23:37:38,499 [INFO] werkzeug: 127.0.0.1 - - [10/Aug/2026 23:37:38] "GET /api/status HTTP/1.1" 200 -
2026-08-10 23:37:48,135 [INFO] werkzeug: 127.0.0.1 - - [10/Aug/2026 23:37:48] "GET /api/logs HTTP/1.1" 200 -
2026-08-10 23:37:54,261 [INFO] werkzeug: 127.0.0.1 - - [10/Aug/2026 23:37:54] "GET /api/records HTTP/1.1" 200 -
2026-08-10 23:37:57,182 [INFO] werkzeug: 127.0.0.1 - - [10/Aug/2026 23:37:57] "GET /api/logs HTTP/1.1" 200 -
2026-08-10 23:38:01,214 [INFO] werkzeug: 127.0.0.1 - - [10/Aug/2026 23:38:01] "GET /api/status HTTP/1.1" 200 -
2026-08-10 23:38:05,222 [INFO] werkzeug: 127.0.0.1 - - [10/Aug/2026 23:38:05] "[33mGET /service-worker.js HTTP/1.1[0m" 404 -
2026-08-10 23:38:17,894 [ERROR] src.etihad_scraper: Error accessing booking 9W4PFY: Page.goto: Timeout 45000ms exceeded.
Call log:
  - navigating to "https://www.etihad.com/en-in/manage", waiting until "domcontentloaded"

2026-08-10 23:38:43,542 [ERROR] src.etihad_scraper: Error accessing booking 9W4PFY: Page.goto: Timeout 45000ms exceeded.
Call log:
  - navigating to "https://www.etihad.com/en-in/manage", waiting until "domcontentloaded"

2026-08-10 23:38:43,896 [INFO] werkzeug: 127.0.0.1 - - [10/Aug/2026 23:38:43] "GET /api/status HTTP/1.1" 200 -
2026-08-10 23:38:55,461 [INFO] src.etihad_scraper: Saved error screenshot to etihad_error.png
2026-08-10 23:38:59,086 [INFO] werkzeug: 127.0.0.1 - - [10/Aug/2026 23:38:59] "GET /api/status HTTP/1.1" 200 -
2026-08-10 23:39:07,083 [INFO] werkzeug: 127.0.0.1 - - [10/Aug/2026 23:39:07] "GET /api/logs HTTP/1.1" 200 -
2026-08-10 23:39:08,402 [INFO] werkzeug: 127.0.0.1 - - [10/Aug/2026 23:39:08] "GET /api/logs HTTP/1.1" 200 -
2026-08-10 23:39:09,266 [INFO] werkzeug: 127.0.0.1 - - [10/Aug/2026 23:39:09] "GET /api/logs HTTP/1.1" 200 -
2026-08-10 23:39:09,809 [INFO] werkzeug: 127.0.0.1 - - [10/Aug/2026 23:39:09] "GET /api/status HTTP/1.1" 200 -
2026-08-10 23:39:11,247 [INFO] werkzeug: 127.0.0.1 - - [10/Aug/2026 23:39:11] "GET /api/records HTTP/1.1" 200 -
2026-08-10 23:39:11,257 [INFO] werkzeug: 127.0.0.1 - - [10/Aug/2026 23:39:11] "GET /api/status HTTP/1.1" 200 -
2026-08-10 23:39:12,912 [INFO] werkzeug: 127.0.0.1 - - [10/Aug/2026 23:39:12] "GET /api/logs HTTP/1.1" 200 -
2026-08-10 23:39:13,229 [INFO] werkzeug: 127.0.0.1 - - [10/Aug/2026 23:39:13] "GET /api/status HTTP/1.1" 200 -
2026-08-10 23:39:16,926 [INFO] werkzeug: 127.0.0.1 - - [10/Aug/2026 23:39:16] "GET /api/logs HTTP/1.1" 200 -
2026-08-10 23:39:18,173 [INFO] src.etihad_scraper: Saved error screenshot to etihad_error.png
2026-08-10 23:39:18,855 [INFO] werkzeug: 127.0.0.1 - - [10/Aug/2026 23:39:18] "GET /api/records HTTP/1.1" 200 -
2026-08-10 23:39:19,195 [INFO] werkzeug: 127.0.0.1 - - [10/Aug/2026 23:39:19] "GET /api/status HTTP/1.1" 200 -
2026-08-10 23:39:19,856 [INFO] werkzeug: 127.0.0.1 - - [10/Aug/2026 23:39:19] "GET /api/logs HTTP/1.1" 200 -
2026-08-10 23:39:19,994 [INFO] werkzeug: 127.0.0.1 - - [10/Aug/2026 23:39:19] "GET /api/status HTTP/1.1" 200 -
2026-08-10 23:39:21,903 [INFO] werkzeug: 127.0.0.1 - - [10/Aug/2026 23:39:21] "GET /api/records HTTP/1.1" 200 -
2026-08-10 23:39:22,194 [INFO] werkzeug: 127.0.0.1 - - [10/Aug/2026 23:39:22] "GET /api/logs HTTP/1.1" 200 -
2026-08-10 23:39:23,809 [INFO] werkzeug: 127.0.0.1 - - [10/Aug/2026 23:39:23] "GET /api/status HTTP/1.1" 200 -
2026-08-10 23:39:24,075 [INFO] werkzeug: 127.0.0.1 - - [10/Aug/2026 23:39:24] "GET /api/logs HTTP/1.1" 200 -
2026-08-10 23:39:24,139 [INFO] werkzeug: 127.0.0.1 - - [10/Aug/2026 23:39:24] "GET /api/status HTTP/1.1" 200 -
2026-08-10 23:39:25,134 [INFO] werkzeug: 127.0.0.1 - - [10/Aug/2026 23:39:25] "GET /api/logs HTTP/1.1" 200 -
2026-08-10 23:39:25,291 [INFO] werkzeug: 127.0.0.1 - - [10/Aug/2026 23:39:25] "GET /api/status HTTP/1.1" 200 -
2026-08-10 23:39:25,327 [INFO] werkzeug: 127.0.0.1 - - [10/Aug/2026 23:39:25] "GET /api/records HTTP/1.1" 200 -
2026-08-10 23:39:25,496 [INFO] werkzeug: 127.0.0.1 - - [10/Aug/2026 23:39:25] "GET /api/logs HTTP/1.1" 200 -
2026-08-10 23:39:25,506 [INFO] werkzeug: 127.0.0.1 - - [10/Aug/2026 23:39:25] "GET /api/status HTTP/1.1" 200 -
2026-08-10 23:39:25,709 [INFO] werkzeug: 127.0.0.1 - - [10/Aug/2026 23:39:25] "GET /api/logs HTTP/1.1" 200 -
2026-08-10 23:39:26,274 [INFO] werkzeug: 127.0.0.1 - - [10/Aug/2026 23:39:26] "GET /api/records HTTP/1.1" 200 -
2026-08-10 23:39:26,507 [INFO] werkzeug: 127.0.0.1 - - [10/Aug/2026 23:39:26] "GET /api/records HTTP/1.1" 200 -
2026-08-10 23:39:26,526 [INFO] werkzeug: 127.0.0.1 - - [10/Aug/2026 23:39:26] "GET /api/logs HTTP/1.1" 200 -
2026-08-10 23:39:26,557 [INFO] werkzeug: 127.0.0.1 - - [10/Aug/2026 23:39:26] "GET /api/status HTTP/1.1" 200 -
2026-08-10 23:39:26,609 [INFO] werkzeug: 127.0.0.1 - - [10/Aug/2026 23:39:26] "GET /api/status HTTP/1.1" 200 -
2026-08-10 23:39:26,872 [INFO] werkzeug: 127.0.0.1 - - [10/Aug/2026 23:39:26] "GET /api/logs HTTP/1.1" 200 -
2026-08-10 23:39:26,895 [INFO] werkzeug: 127.0.0.1 - - [10/Aug/2026 23:39:26] "GET /api/status HTTP/1.1" 200 -
2026-08-10 23:39:27,185 [INFO] werkzeug: 127.0.0.1 - - [10/Aug/2026 23:39:27] "GET /api/status HTTP/1.1" 200 -
2026-08-10 23:39:27,189 [INFO] werkzeug: 127.0.0.1 - - [10/Aug/2026 23:39:27] "GET /api/logs HTTP/1.1" 200 -
2026-08-10 23:39:27,576 [INFO] werkzeug: 127.0.0.1 - - [10/Aug/2026 23:39:27] "GET /api/records HTTP/1.1" 200 -
2026-08-10 23:39:27,582 [INFO] werkzeug: 127.0.0.1 - - [10/Aug/2026 23:39:27] "GET /api/status HTTP/1.1" 200 -
2026-08-10 23:39:27,585 [INFO] werkzeug: 127.0.0.1 - - [10/Aug/2026 23:39:27] "GET /api/logs HTTP/1.1" 200 -
2026-08-10 23:39:27,881 [INFO] werkzeug: 127.0.0.1 - - [10/Aug/2026 23:39:27] "GET /api/status HTTP/1.1" 200 -
2026-08-10 23:39:27,886 [INFO] werkzeug: 127.0.0.1 - - [10/Aug/2026 23:39:27] "GET /api/logs HTTP/1.1" 200 -
2026-08-10 23:39:28,053 [INFO] werkzeug: 127.0.0.1 - - [10/Aug/2026 23:39:28] "GET /api/logs HTTP/1.1" 200 -
2026-08-10 23:39:28,223 [INFO] werkzeug: 127.0.0.1 - - [10/Aug/2026 23:39:28] "GET /api/records HTTP/1.1" 200 -
2026-08-10 23:39:28,281 [INFO] werkzeug: 127.0.0.1 - - [10/Aug/2026 23:39:28] "GET /api/logs HTTP/1.1" 200 -
2026-08-10 23:39:28,302 [INFO] werkzeug: 127.0.0.1 - - [10/Aug/2026 23:39:28] "GET /api/status HTTP/1.1" 200 -
2026-08-10 23:39:28,449 [INFO] werkzeug: 127.0.0.1 - - [10/Aug/2026 23:39:28] "GET /api/logs HTTP/1.1" 200 -
2026-08-10 23:39:28,461 [INFO] werkzeug: 127.0.0.1 - - [10/Aug/2026 23:39:28] "GET /api/records HTTP/1.1" 200 -
2026-08-10 23:39:28,466 [INFO] werkzeug: 127.0.0.1 - - [10/Aug/2026 23:39:28] "GET /api/status HTTP/1.1" 200 -
2026-08-10 23:39:28,681 [INFO] werkzeug: 127.0.0.1 - - [10/Aug/2026 23:39:28] "GET /api/logs HTTP/1.1" 200 -
2026-08-10 23:39:28,685 [INFO] werkzeug: 127.0.0.1 - - [10/Aug/2026 23:39:28] "GET /api/status HTTP/1.1" 200 -
2026-08-10 23:39:28,801 [INFO] werkzeug: 127.0.0.1 - - [10/Aug/2026 23:39:28] "GET /api/logs HTTP/1.1" 200 -
2026-08-10 23:39:28,923 [INFO] werkzeug: 127.0.0.1 - - [10/Aug/2026 23:39:28] "GET /api/records HTTP/1.1" 200 -
2026-08-10 23:39:28,925 [INFO] werkzeug: 127.0.0.1 - - [10/Aug/2026 23:39:28] "GET /api/status HTTP/1.1" 200 -
2026-08-10 23:39:29,134 [INFO] werkzeug: 127.0.0.1 - - [10/Aug/2026 23:39:29] "GET /api/logs HTTP/1.1" 200 -
2026-08-10 23:39:29,141 [INFO] werkzeug: 127.0.0.1 - - [10/Aug/2026 23:39:29] "GET /api/status HTTP/1.1" 200 -
2026-08-10 23:39:29,256 [INFO] werkzeug: 127.0.0.1 - - [10/Aug/2026 23:39:29] "GET /api/status HTTP/1.1" 200 -
2026-08-10 23:39:29,452 [INFO] werkzeug: 127.0.0.1 - - [10/Aug/2026 23:39:29] "GET /api/logs HTTP/1.1" 200 -
2026-08-10 23:39:29,770 [INFO] werkzeug: 127.0.0.1 - - [10/Aug/2026 23:39:29] "GET /api/records HTTP/1.1" 200 -
2026-08-10 23:39:29,856 [INFO] werkzeug: 127.0.0.1 - - [10/Aug/2026 23:39:29] "GET /api/status HTTP/1.1" 200 -
2026-08-10 23:39:30,261 [INFO] werkzeug: 127.0.0.1 - - [10/Aug/2026 23:39:30] "GET /api/status HTTP/1.1" 200 -
2026-08-10 23:39:30,264 [INFO] werkzeug: 127.0.0.1 - - [10/Aug/2026 23:39:30] "GET /api/logs HTTP/1.1" 200 -
2026-08-10 23:39:30,351 [INFO] werkzeug: 127.0.0.1 - - [10/Aug/2026 23:39:30] "GET /api/logs HTTP/1.1" 200 -
2026-08-10 23:39:30,436 [INFO] werkzeug: 127.0.0.1 - - [10/Aug/2026 23:39:30] "GET /api/status HTTP/1.1" 200 -
2026-08-10 23:39:30,456 [INFO] werkzeug: 127.0.0.1 - - [10/Aug/2026 23:39:30] "GET /api/records HTTP/1.1" 200 -
2026-08-10 23:39:30,779 [INFO] werkzeug: 127.0.0.1 - - [10/Aug/2026 23:39:30] "GET /api/status HTTP/1.1" 200 -
2026-08-10 23:39:30,784 [INFO] werkzeug: 127.0.0.1 - - [10/Aug/2026 23:39:30] "GET /api/logs HTTP/1.1" 200 -
2026-08-10 23:39:31,391 [INFO] werkzeug: 127.0.0.1 - - [10/Aug/2026 23:39:31] "GET /api/logs HTTP/1.1" 200 -
2026-08-10 23:39:31,523 [INFO] werkzeug: 127.0.0.1 - - [10/Aug/2026 23:39:31] "GET /api/records HTTP/1.1" 200 -
2026-08-10 23:39:31,525 [INFO] werkzeug: 127.0.0.1 - - [10/Aug/2026 23:39:31] "GET /api/status HTTP/1.1" 200 -
2026-08-10 23:39:32,192 [INFO] werkzeug: 127.0.0.1 - - [10/Aug/2026 23:39:32] "GET /api/logs HTTP/1.1" 200 -
2026-08-10 23:39:32,408 [INFO] werkzeug: 127.0.0.1 - - [10/Aug/2026 23:39:32] "GET /api/status HTTP/1.1" 200 -
2026-08-10 23:39:33,106 [INFO] werkzeug: 127.0.0.1 - - [10/Aug/2026 23:39:33] "GET /api/logs HTTP/1.1" 200 -
2026-08-10 23:39:33,293 [INFO] werkzeug: 127.0.0.1 - - [10/Aug/2026 23:39:33] "GET /api/records HTTP/1.1" 200 -
2026-08-10 23:39:33,305 [INFO] werkzeug: 127.0.0.1 - - [10/Aug/2026 23:39:33] "GET /api/status HTTP/1.1" 200 -
2026-08-10 23:39:33,946 [INFO] werkzeug: 127.0.0.1 - - [10/Aug/2026 23:39:33] "GET /api/logs HTTP/1.1" 200 -
2026-08-10 23:39:34,024 [INFO] werkzeug: 127.0.0.1 - - [10/Aug/2026 23:39:34] "GET /api/status HTTP/1.1" 200 -
2026-08-10 23:39:34,276 [INFO] werkzeug: 127.0.0.1 - - [10/Aug/2026 23:39:34] "GET /api/logs HTTP/1.1" 200 -
2026-08-10 23:39:34,392 [INFO] werkzeug: 127.0.0.1 - - [10/Aug/2026 23:39:34] "GET /api/records HTTP/1.1" 200 -
2026-08-10 23:39:34,561 [INFO] werkzeug: 127.0.0.1 - - [10/Aug/2026 23:39:34] "GET /api/logs HTTP/1.1" 200 -
2026-08-10 23:39:34,622 [INFO] werkzeug: 127.0.0.1 - - [10/Aug/2026 23:39:34] "GET /api/status HTTP/1.1" 200 -
2026-08-10 23:39:34,659 [INFO] werkzeug: 127.0.0.1 - - [10/Aug/2026 23:39:34] "GET /api/status HTTP/1.1" 200 -
2026-08-10 23:39:34,744 [INFO] werkzeug: 127.0.0.1 - - [10/Aug/2026 23:39:34] "GET /api/logs HTTP/1.1" 200 -
2026-08-10 23:39:34,854 [INFO] werkzeug: 127.0.0.1 - - [10/Aug/2026 23:39:34] "GET /api/records HTTP/1.1" 200 -
2026-08-10 23:39:34,856 [INFO] werkzeug: 127.0.0.1 - - [10/Aug/2026 23:39:34] "GET /api/status HTTP/1.1" 200 -
2026-08-10 23:39:35,223 [INFO] werkzeug: 127.0.0.1 - - [10/Aug/2026 23:39:35] "GET /api/logs HTTP/1.1" 200 -
2026-08-10 23:39:35,972 [INFO] werkzeug: 127.0.0.1 - - [10/Aug/2026 23:39:35] "GET /api/status HTTP/1.1" 200 -
2026-08-10 23:39:35,986 [INFO] werkzeug: 127.0.0.1 - - [10/Aug/2026 23:39:35] "GET /api/logs HTTP/1.1" 200 -
2026-08-10 23:39:36,174 [INFO] werkzeug: 127.0.0.1 - - [10/Aug/2026 23:39:36] "GET /api/status HTTP/1.1" 200 -
2026-08-10 23:39:36,185 [INFO] werkzeug: 127.0.0.1 - - [10/Aug/2026 23:39:36] "GET /api/records HTTP/1.1" 200 -
2026-08-10 23:39:36,364 [INFO] werkzeug: 127.0.0.1 - - [10/Aug/2026 23:39:36] "GET /api/status HTTP/1.1" 200 -
2026-08-10 23:39:36,401 [INFO] werkzeug: 127.0.0.1 - - [10/Aug/2026 23:39:36] "GET /api/logs HTTP/1.1" 200 -
2026-08-10 23:39:36,626 [INFO] werkzeug: 127.0.0.1 - - [10/Aug/2026 23:39:36] "GET /api/records HTTP/1.1" 200 -
2026-08-10 23:39:36,631 [INFO] werkzeug: 127.0.0.1 - - [10/Aug/2026 23:39:36] "GET /api/logs HTTP/1.1" 200 -
2026-08-10 23:39:36,637 [INFO] werkzeug: 127.0.0.1 - - [10/Aug/2026 23:39:36] "GET /api/status HTTP/1.1" 200 -
2026-08-10 23:39:36,739 [INFO] werkzeug: 127.0.0.1 - - [10/Aug/2026 23:39:36] "GET /api/logs HTTP/1.1" 200 -
2026-08-10 23:39:36,776 [INFO] werkzeug: 127.0.0.1 - - [10/Aug/2026 23:39:36] "GET /api/status HTTP/1.1" 200 -
2026-08-10 23:39:36,977 [INFO] werkzeug: 127.0.0.1 - - [10/Aug/2026 23:39:36] "GET /api/logs HTTP/1.1" 200 -
2026-08-10 23:39:37,014 [INFO] werkzeug: 127.0.0.1 - - [10/Aug/2026 23:39:37] "GET /api/status HTTP/1.1" 200 -
2026-08-10 23:39:37,123 [INFO] werkzeug: 127.0.0.1 - - [10/Aug/2026 23:39:37] "GET /api/records HTTP/1.1" 200 -
2026-08-10 23:39:37,197 [INFO] werkzeug: 127.0.0.1 - - [10/Aug/2026 23:39:37] "GET /api/logs HTTP/1.1" 200 -
2026-08-10 23:39:37,238 [INFO] werkzeug: 127.0.0.1 - - [10/Aug/2026 23:39:37] "GET /api/status HTTP/1.1" 200 -
2026-08-10 23:39:38,756 [INFO] werkzeug: 127.0.0.1 - - [10/Aug/2026 23:39:38] "GET /api/records HTTP/1.1" 200 -
2026-08-10 23:39:38,976 [INFO] werkzeug: 127.0.0.1 - - [10/Aug/2026 23:39:38] "GET /api/logs HTTP/1.1" 200 -
2026-08-10 23:39:39,025 [INFO] werkzeug: 127.0.0.1 - - [10/Aug/2026 23:39:39] "GET /api/status HTTP/1.1" 200 -
2026-08-10 23:39:39,373 [INFO] werkzeug: 127.0.0.1 - - [10/Aug/2026 23:39:39] "GET /api/logs HTTP/1.1" 200 -
2026-08-10 23:39:39,475 [INFO] werkzeug: 127.0.0.1 - - [10/Aug/2026 23:39:39] "GET /api/status HTTP/1.1" 200 -
2026-08-10 23:39:39,531 [INFO] werkzeug: 127.0.0.1 - - [10/Aug/2026 23:39:39] "GET /api/logs HTTP/1.1" 200 -
2026-08-10 23:39:39,620 [INFO] werkzeug: 127.0.0.1 - - [10/Aug/2026 23:39:39] "GET /api/status HTTP/1.1" 200 -
2026-08-10 23:39:39,685 [INFO] werkzeug: 127.0.0.1 - - [10/Aug/2026 23:39:39] "GET /api/records HTTP/1.1" 200 -
2026-08-10 23:39:39,833 [INFO] werkzeug: 127.0.0.1 - - [10/Aug/2026 23:39:39] "GET /api/logs HTTP/1.1" 200 -
2026-08-10 23:39:39,837 [INFO] werkzeug: 127.0.0.1 - - [10/Aug/2026 23:39:39] "GET /api/status HTTP/1.1" 200 -
2026-08-10 23:39:40,148 [INFO] werkzeug: 127.0.0.1 - - [10/Aug/2026 23:39:40] "GET /api/records HTTP/1.1" 200 -
2026-08-10 23:39:40,151 [INFO] werkzeug: 127.0.0.1 - - [10/Aug/2026 23:39:40] "GET /api/status HTTP/1.1" 200 -
2026-08-10 23:39:40,156 [INFO] werkzeug: 127.0.0.1 - - [10/Aug/2026 23:39:40] "GET /api/logs HTTP/1.1" 200 -
2026-08-10 23:39:40,241 [INFO] werkzeug: 127.0.0.1 - - [10/Aug/2026 23:39:40] "GET /api/logs HTTP/1.1" 200 -
2026-08-10 23:39:40,426 [INFO] werkzeug: 127.0.0.1 - - [10/Aug/2026 23:39:40] "GET /api/status HTTP/1.1" 200 -
2026-08-10 23:39:40,438 [INFO] werkzeug: 127.0.0.1 - - [10/Aug/2026 23:39:40] "GET /api/records HTTP/1.1" 200 -
2026-08-10 23:39:40,530 [INFO] werkzeug: 127.0.0.1 - - [10/Aug/2026 23:39:40] "GET /api/status HTTP/1.1" 200 -
2026-08-10 23:39:40,559 [INFO] werkzeug: 127.0.0.1 - - [10/Aug/2026 23:39:40] "GET /api/logs HTTP/1.1" 200 -
2026-08-10 23:39:40,703 [INFO] werkzeug: 127.0.0.1 - - [10/Aug/2026 23:39:40] "GET /api/logs HTTP/1.1" 200 -
2026-08-10 23:39:40,728 [INFO] werkzeug: 127.0.0.1 - - [10/Aug/2026 23:39:40] "GET /api/records HTTP/1.1" 200 -
2026-08-10 23:39:40,776 [INFO] werkzeug: 127.0.0.1 - - [10/Aug/2026 23:39:40] "GET /api/status HTTP/1.1" 200 -
2026-08-10 23:39:40,860 [INFO] werkzeug: 127.0.0.1 - - [10/Aug/2026 23:39:40] "GET /api/logs HTTP/1.1" 200 -
2026-08-10 23:39:40,883 [INFO] werkzeug: 127.0.0.1 - - [10/Aug/2026 23:39:40] "GET /api/status HTTP/1.1" 200 -
2026-08-10 23:39:41,034 [INFO] werkzeug: 127.0.0.1 - - [10/Aug/2026 23:39:41] "GET /api/logs HTTP/1.1" 200 -
2026-08-10 23:39:41,248 [INFO] werkzeug: 127.0.0.1 - - [10/Aug/2026 23:39:41] "GET /api/status HTTP/1.1" 200 -
2026-08-10 23:39:41,275 [INFO] werkzeug: 127.0.0.1 - - [10/Aug/2026 23:39:41] "GET /api/records HTTP/1.1" 200 -
2026-08-10 23:39:41,496 [INFO] werkzeug: 127.0.0.1 - - [10/Aug/2026 23:39:41] "GET /api/logs HTTP/1.1" 200 -
2026-08-10 23:39:41,576 [INFO] werkzeug: 127.0.0.1 - - [10/Aug/2026 23:39:41] "GET /api/status HTTP/1.1" 200 -
2026-08-10 23:39:41,804 [INFO] werkzeug: 127.0.0.1 - - [10/Aug/2026 23:39:41] "GET /api/logs HTTP/1.1" 200 -
2026-08-10 23:39:41,882 [INFO] werkzeug: 127.0.0.1 - - [10/Aug/2026 23:39:41] "GET /api/records HTTP/1.1" 200 -
2026-08-10 23:39:42,110 [INFO] werkzeug: 127.0.0.1 - - [10/Aug/2026 23:39:42] "GET /api/status HTTP/1.1" 200 -
2026-08-10 23:39:42,121 [INFO] werkzeug: 127.0.0.1 - - [10/Aug/2026 23:39:42] "GET /api/records HTTP/1.1" 200 -
2026-08-10 23:39:42,134 [INFO] werkzeug: 127.0.0.1 - - [10/Aug/2026 23:39:42] "GET /api/logs HTTP/1.1" 200 -
2026-08-10 23:39:42,215 [INFO] werkzeug: 127.0.0.1 - - [10/Aug/2026 23:39:42] "GET /api/status HTTP/1.1" 200 -
2026-08-10 23:39:42,358 [INFO] werkzeug: 127.0.0.1 - - [10/Aug/2026 23:39:42] "GET /api/status HTTP/1.1" 200 -
2026-08-10 23:39:42,363 [INFO] werkzeug: 127.0.0.1 - - [10/Aug/2026 23:39:42] "GET /api/logs HTTP/1.1" 200 -
2026-08-10 23:39:42,498 [INFO] werkzeug: 127.0.0.1 - - [10/Aug/2026 23:39:42] "GET /api/status HTTP/1.1" 200 -
2026-08-10 23:39:42,514 [INFO] werkzeug: 127.0.0.1 - - [10/Aug/2026 23:39:42] "GET /api/logs HTTP/1.1" 200 -
2026-08-10 23:39:42,711 [INFO] werkzeug: 127.0.0.1 - - [10/Aug/2026 23:39:42] "GET /api/status HTTP/1.1" 200 -
2026-08-10 23:39:42,722 [INFO] werkzeug: 127.0.0.1 - - [10/Aug/2026 23:39:42] "GET /api/records HTTP/1.1" 200 -
2026-08-10 23:39:42,726 [INFO] werkzeug: 127.0.0.1 - - [10/Aug/2026 23:39:42] "GET /api/logs HTTP/1.1" 200 -
2026-08-10 23:39:42,837 [INFO] werkzeug: 127.0.0.1 - - [10/Aug/2026 23:39:42] "GET /api/logs HTTP/1.1" 200 -
2026-08-10 23:39:42,860 [INFO] werkzeug: 127.0.0.1 - - [10/Aug/2026 23:39:42] "GET /api/status HTTP/1.1" 200 -
2026-08-10 23:39:42,963 [INFO] werkzeug: 127.0.0.1 - - [10/Aug/2026 23:39:42] "GET /api/logs HTTP/1.1" 200 -
2026-08-10 23:39:43,143 [INFO] werkzeug: 127.0.0.1 - - [10/Aug/2026 23:39:43] "GET /api/records HTTP/1.1" 200 -
2026-08-10 23:39:43,164 [INFO] werkzeug: 127.0.0.1 - - [10/Aug/2026 23:39:43] "GET /api/status HTTP/1.1" 200 -
2026-08-10 23:39:43,212 [INFO] werkzeug: 127.0.0.1 - - [10/Aug/2026 23:39:43] "GET /api/logs HTTP/1.1" 200 -
2026-08-10 23:39:43,216 [INFO] werkzeug: 127.0.0.1 - - [10/Aug/2026 23:39:43] "GET /api/status HTTP/1.1" 200 -
2026-08-10 23:39:43,311 [INFO] werkzeug: 127.0.0.1 - - [10/Aug/2026 23:39:43] "GET /api/logs HTTP/1.1" 200 -
2026-08-10 23:39:43,414 [INFO] werkzeug: 127.0.0.1 - - [10/Aug/2026 23:39:43] "GET /api/records HTTP/1.1" 200 -
2026-08-10 23:39:43,707 [INFO] werkzeug: 127.0.0.1 - - [10/Aug/2026 23:39:43] "GET /api/records HTTP/1.1" 200 -
2026-08-10 23:39:43,747 [INFO] werkzeug: 127.0.0.1 - - [10/Aug/2026 23:39:43] "GET /api/logs HTTP/1.1" 200 -
2026-08-10 23:39:43,751 [INFO] werkzeug: 127.0.0.1 - - [10/Aug/2026 23:39:43] "GET /api/status HTTP/1.1" 200 -
2026-08-10 23:39:44,367 [INFO] werkzeug: 127.0.0.1 - - [10/Aug/2026 23:39:44] "GET /api/records HTTP/1.1" 200 -
2026-08-10 23:39:44,413 [INFO] werkzeug: 127.0.0.1 - - [10/Aug/2026 23:39:44] "GET /api/logs HTTP/1.1" 200 -
2026-08-10 23:39:44,432 [INFO] werkzeug: 127.0.0.1 - - [10/Aug/2026 23:39:44] "GET /api/status HTTP/1.1" 200 -
2026-08-10 23:39:44,517 [INFO] src.etihad_scraper: Etihad Scraper stopped.
2026-08-10 23:39:44,522 [INFO] Orchestrator: --- Processing Passenger 4/4: PNR Y8D57L, Last Name: PRATT ---
2026-08-10 23:39:44,523 [INFO] src.etihad_scraper: Starting Playwright browser for Etihad Scraper...
2026-08-10 23:39:44,961 [INFO] werkzeug: 127.0.0.1 - - [10/Aug/2026 23:39:44] "GET /api/records HTTP/1.1" 200 -
2026-08-10 23:39:44,987 [INFO] werkzeug: 127.0.0.1 - - [10/Aug/2026 23:39:44] "GET /api/status HTTP/1.1" 200 -
2026-08-10 23:39:45,024 [INFO] werkzeug: 127.0.0.1 - - [10/Aug/2026 23:39:45] "GET /api/logs HTTP/1.1" 200 -
2026-08-10 23:39:45,366 [INFO] werkzeug: 127.0.0.1 - - [10/Aug/2026 23:39:45] "GET /api/status HTTP/1.1" 200 -
2026-08-10 23:39:45,658 [INFO] werkzeug: 127.0.0.1 - - [10/Aug/2026 23:39:45] "GET /api/logs HTTP/1.1" 200 -
2026-08-10 23:39:45,877 [INFO] werkzeug: 127.0.0.1 - - [10/Aug/2026 23:39:45] "GET /api/status HTTP/1.1" 200 -
2026-08-10 23:39:46,255 [INFO] werkzeug: 127.0.0.1 - - [10/Aug/2026 23:39:46] "GET /api/logs HTTP/1.1" 200 -
2026-08-10 23:39:50,184 [INFO] src.etihad_scraper: Accessing booking for PNR: Y8D57L, Last Name: PRATT
2026-08-10 23:40:06,958 [INFO] werkzeug: 127.0.0.1 - - [10/Aug/2026 23:40:06] "GET /api/status HTTP/1.1" 200 -
2026-08-10 23:40:07,988 [INFO] werkzeug: 127.0.0.1 - - [10/Aug/2026 23:40:07] "GET /api/records HTTP/1.1" 200 -
2026-08-10 23:40:08,047 [INFO] werkzeug: 127.0.0.1 - - [10/Aug/2026 23:40:08] "GET /api/logs HTTP/1.1" 200 -
2026-08-10 23:40:12,791 [INFO] werkzeug: 127.0.0.1 - - [10/Aug/2026 23:40:12] "GET /api/status HTTP/1.1" 200 -
2026-08-10 23:40:16,784 [INFO] werkzeug: 127.0.0.1 - - [10/Aug/2026 23:40:16] "GET /api/logs HTTP/1.1" 200 -
2026-08-10 23:40:17,745 [INFO] werkzeug: 127.0.0.1 - - [10/Aug/2026 23:40:17] "GET /api/records HTTP/1.1" 200 -
2026-08-10 23:40:17,831 [INFO] werkzeug: 127.0.0.1 - - [10/Aug/2026 23:40:17] "GET /api/status HTTP/1.1" 200 -
2026-08-10 23:40:17,986 [INFO] src.etihad_scraper: Etihad Scraper stopped.
2026-08-10 23:40:17,996 [INFO] Orchestrator: --- Processing Passenger 4/4: PNR Y8D57L, Last Name: PRATT ---
2026-08-10 23:40:17,997 [INFO] src.etihad_scraper: Starting Playwright browser for Etihad Scraper...
2026-08-10 23:40:20,876 [INFO] werkzeug: 127.0.0.1 - - [10/Aug/2026 23:40:20] "GET /api/logs HTTP/1.1" 200 -
2026-08-10 23:40:21,824 [INFO] werkzeug: 127.0.0.1 - - [10/Aug/2026 23:40:21] "GET /api/status HTTP/1.1" 200 -
2026-08-10 23:40:22,781 [INFO] werkzeug: 127.0.0.1 - - [10/Aug/2026 23:40:22] "GET /api/records HTTP/1.1" 200 -
2026-08-10 23:40:23,749 [INFO] werkzeug: 127.0.0.1 - - [10/Aug/2026 23:40:23] "GET /api/logs HTTP/1.1" 200 -
2026-08-10 23:40:23,933 [INFO] werkzeug: 127.0.0.1 - - [10/Aug/2026 23:40:23] "GET /api/status HTTP/1.1" 200 -
2026-08-10 23:40:27,347 [INFO] werkzeug: 127.0.0.1 - - [10/Aug/2026 23:40:27] "GET /api/records HTTP/1.1" 200 -
2026-08-10 23:40:27,354 [INFO] werkzeug: 127.0.0.1 - - [10/Aug/2026 23:40:27] "GET /api/logs HTTP/1.1" 200 -
2026-08-10 23:40:42,706 [INFO] werkzeug: 127.0.0.1 - - [10/Aug/2026 23:40:42] "GET /api/records HTTP/1.1" 200 -
2026-08-10 23:40:55,166 [WARNING] src.etihad_scraper: Failed to access booking for PNR: Y8D57L (Timeout waiting for details to load)
2026-08-10 23:40:57,132 [INFO] werkzeug: 127.0.0.1 - - [10/Aug/2026 23:40:57] "GET /api/records HTTP/1.1" 200 -
2026-08-10 23:40:57,990 [INFO] werkzeug: 127.0.0.1 - - [10/Aug/2026 23:40:57] "GET /api/logs HTTP/1.1" 200 -
2026-08-10 23:40:58,090 [INFO] werkzeug: 127.0.0.1 - - [10/Aug/2026 23:40:58] "GET /api/status HTTP/1.1" 200 -
2026-08-10 23:40:59,306 [INFO] werkzeug: 127.0.0.1 - - [10/Aug/2026 23:40:59] "GET /api/records HTTP/1.1" 200 -
2026-08-10 23:40:59,435 [INFO] werkzeug: 127.0.0.1 - - [10/Aug/2026 23:40:59] "GET /api/logs HTTP/1.1" 200 -
2026-08-10 23:40:59,616 [INFO] werkzeug: 127.0.0.1 - - [10/Aug/2026 23:40:59] "GET /api/status HTTP/1.1" 200 -
2026-08-10 23:41:00,502 [INFO] werkzeug: 127.0.0.1 - - [10/Aug/2026 23:41:00] "GET /api/logs HTTP/1.1" 200 -
2026-08-10 23:41:00,798 [INFO] werkzeug: 127.0.0.1 - - [10/Aug/2026 23:41:00] "GET /api/records HTTP/1.1" 200 -
2026-08-10 23:41:00,915 [INFO] werkzeug: 127.0.0.1 - - [10/Aug/2026 23:41:00] "GET /api/status HTTP/1.1" 200 -
2026-08-10 23:41:02,221 [INFO] werkzeug: 127.0.0.1 - - [10/Aug/2026 23:41:02] "GET /api/logs HTTP/1.1" 200 -
2026-08-10 23:41:02,423 [INFO] werkzeug: 127.0.0.1 - - [10/Aug/2026 23:41:02] "GET /api/records HTTP/1.1" 200 -
2026-08-10 23:41:02,429 [INFO] werkzeug: 127.0.0.1 - - [10/Aug/2026 23:41:02] "GET /api/status HTTP/1.1" 200 -
2026-08-10 23:41:03,389 [INFO] werkzeug: 127.0.0.1 - - [10/Aug/2026 23:41:03] "GET /api/status HTTP/1.1" 200 -
2026-08-10 23:41:03,406 [INFO] werkzeug: 127.0.0.1 - - [10/Aug/2026 23:41:03] "GET /api/records HTTP/1.1" 200 -
2026-08-10 23:41:03,414 [INFO] werkzeug: 127.0.0.1 - - [10/Aug/2026 23:41:03] "GET /api/logs HTTP/1.1" 200 -
2026-08-10 23:41:04,237 [INFO] werkzeug: 127.0.0.1 - - [10/Aug/2026 23:41:04] "GET /api/status HTTP/1.1" 200 -
2026-08-10 23:41:05,242 [INFO] werkzeug: 127.0.0.1 - - [10/Aug/2026 23:41:05] "GET /api/records HTTP/1.1" 200 -
2026-08-10 23:41:05,248 [INFO] werkzeug: 127.0.0.1 - - [10/Aug/2026 23:41:05] "GET /api/logs HTTP/1.1" 200 -
2026-08-10 23:41:05,300 [INFO] werkzeug: 127.0.0.1 - - [10/Aug/2026 23:41:05] "GET /api/status HTTP/1.1" 200 -
2026-08-10 23:41:07,352 [INFO] werkzeug: 127.0.0.1 - - [10/Aug/2026 23:41:07] "GET /api/status HTTP/1.1" 200 -
2026-08-10 23:41:08,219 [INFO] werkzeug: 127.0.0.1 - - [10/Aug/2026 23:41:08] "GET /api/logs HTTP/1.1" 200 -
2026-08-10 23:41:08,855 [INFO] werkzeug: 127.0.0.1 - - [10/Aug/2026 23:41:08] "GET /api/records HTTP/1.1" 200 -
2026-08-10 23:41:09,112 [INFO] werkzeug: 127.0.0.1 - - [10/Aug/2026 23:41:09] "GET /api/status HTTP/1.1" 200 -
2026-08-10 23:41:09,168 [INFO] src.etihad_scraper: Accessing booking for PNR: Y8D57L, Last Name: PRATT
2026-08-10 23:41:09,493 [INFO] werkzeug: 127.0.0.1 - - [10/Aug/2026 23:41:09] "GET /api/logs HTTP/1.1" 200 -
2026-08-10 23:41:10,989 [INFO] werkzeug: 127.0.0.1 - - [10/Aug/2026 23:41:10] "GET /api/records HTTP/1.1" 200 -
2026-08-10 23:41:11,036 [INFO] werkzeug: 127.0.0.1 - - [10/Aug/2026 23:41:11] "GET /api/status HTTP/1.1" 200 -
2026-08-10 23:41:13,495 [INFO] werkzeug: 127.0.0.1 - - [10/Aug/2026 23:41:13] "GET /api/logs HTTP/1.1" 200 -
2026-08-10 23:41:15,694 [INFO] werkzeug: 127.0.0.1 - - [10/Aug/2026 23:41:15] "GET /api/records HTTP/1.1" 200 -
2026-08-10 23:41:15,696 [INFO] werkzeug: 127.0.0.1 - - [10/Aug/2026 23:41:15] "GET /api/status HTTP/1.1" 200 -
2026-08-10 23:41:18,689 [INFO] werkzeug: 127.0.0.1 - - [10/Aug/2026 23:41:18] "GET /api/logs HTTP/1.1" 200 -
2026-08-10 23:41:20,304 [INFO] werkzeug: 127.0.0.1 - - [10/Aug/2026 23:41:20] "GET /api/status HTTP/1.1" 200 -
2026-08-10 23:41:23,414 [INFO] werkzeug: 127.0.0.1 - - [10/Aug/2026 23:41:23] "GET /api/records HTTP/1.1" 200 -
2026-08-10 23:41:24,017 [INFO] werkzeug: 127.0.0.1 - - [10/Aug/2026 23:41:24] "GET /api/logs HTTP/1.1" 200 -
2026-08-10 23:41:27,204 [INFO] werkzeug: 127.0.0.1 - - [10/Aug/2026 23:41:27] "GET /api/logs HTTP/1.1" 200 -
2026-08-10 23:41:29,336 [INFO] werkzeug: 127.0.0.1 - - [10/Aug/2026 23:41:29] "GET /api/logs HTTP/1.1" 200 -
2026-08-10 23:41:29,617 [INFO] werkzeug: 127.0.0.1 - - [10/Aug/2026 23:41:29] "GET /api/status HTTP/1.1" 200 -
2026-08-10 23:41:30,604 [INFO] werkzeug: 127.0.0.1 - - [10/Aug/2026 23:41:30] "GET /api/status HTTP/1.1" 200 -
2026-08-10 23:41:37,269 [INFO] werkzeug: 127.0.0.1 - - [10/Aug/2026 23:41:37] "GET /api/logs HTTP/1.1" 200 -
2026-08-10 23:41:41,582 [INFO] werkzeug: 127.0.0.1 - - [10/Aug/2026 23:41:41] "GET /api/records HTTP/1.1" 200 -
2026-08-10 23:41:41,766 [INFO] werkzeug: 127.0.0.1 - - [10/Aug/2026 23:41:41] "GET /api/status HTTP/1.1" 200 -
2026-08-10 23:41:46,766 [INFO] werkzeug: 127.0.0.1 - - [10/Aug/2026 23:41:46] "GET /api/logs HTTP/1.1" 200 -
2026-08-10 23:41:46,817 [INFO] werkzeug: 127.0.0.1 - - [10/Aug/2026 23:41:46] "GET /api/status HTTP/1.1" 200 -
2026-08-10 23:41:47,494 [INFO] werkzeug: 127.0.0.1 - - [10/Aug/2026 23:41:47] "GET /api/logs HTTP/1.1" 200 -
2026-08-10 23:41:49,328 [INFO] werkzeug: 127.0.0.1 - - [10/Aug/2026 23:41:49] "GET /api/logs HTTP/1.1" 200 -
2026-08-10 23:41:49,337 [INFO] werkzeug: 127.0.0.1 - - [10/Aug/2026 23:41:49] "GET /api/status HTTP/1.1" 200 -
2026-08-10 23:41:52,314 [INFO] werkzeug: 127.0.0.1 - - [10/Aug/2026 23:41:52] "GET /api/status HTTP/1.1" 200 -
2026-08-10 23:41:53,995 [INFO] werkzeug: 127.0.0.1 - - [10/Aug/2026 23:41:53] "GET /api/logs HTTP/1.1" 200 -
2026-08-10 23:41:54,864 [INFO] werkzeug: 127.0.0.1 - - [10/Aug/2026 23:41:54] "GET /api/status HTTP/1.1" 200 -
2026-08-10 23:41:57,527 [INFO] werkzeug: 127.0.0.1 - - [10/Aug/2026 23:41:57] "GET /api/status HTTP/1.1" 200 -
2026-08-10 23:41:57,567 [INFO] werkzeug: 127.0.0.1 - - [10/Aug/2026 23:41:57] "GET /api/logs HTTP/1.1" 200 -
2026-08-10 23:41:58,008 [INFO] werkzeug: 127.0.0.1 - - [10/Aug/2026 23:41:58] "GET /api/status HTTP/1.1" 200 -
2026-08-10 23:41:58,063 [INFO] werkzeug: 127.0.0.1 - - [10/Aug/2026 23:41:58] "GET /api/logs HTTP/1.1" 200 -
2026-08-10 23:41:58,507 [INFO] werkzeug: 127.0.0.1 - - [10/Aug/2026 23:41:58] "GET /api/status HTTP/1.1" 200 -
2026-08-10 23:41:58,883 [INFO] werkzeug: 127.0.0.1 - - [10/Aug/2026 23:41:58] "GET /api/logs HTTP/1.1" 200 -
2026-08-10 23:41:59,385 [INFO] werkzeug: 127.0.0.1 - - [10/Aug/2026 23:41:59] "GET /api/records HTTP/1.1" 200 -
2026-08-10 23:41:59,518 [INFO] werkzeug: 127.0.0.1 - - [10/Aug/2026 23:41:59] "GET /api/logs HTTP/1.1" 200 -
2026-08-10 23:41:59,528 [INFO] werkzeug: 127.0.0.1 - - [10/Aug/2026 23:41:59] "GET /api/status HTTP/1.1" 200 -
2026-08-10 23:42:00,101 [INFO] werkzeug: 127.0.0.1 - - [10/Aug/2026 23:42:00] "GET /api/logs HTTP/1.1" 200 -
2026-08-10 23:42:00,234 [INFO] werkzeug: 127.0.0.1 - - [10/Aug/2026 23:42:00] "GET /api/status HTTP/1.1" 200 -
2026-08-10 23:42:01,422 [INFO] werkzeug: 127.0.0.1 - - [10/Aug/2026 23:42:01] "GET /api/records HTTP/1.1" 200 -
2026-08-10 23:42:01,541 [INFO] werkzeug: 127.0.0.1 - - [10/Aug/2026 23:42:01] "GET /api/logs HTTP/1.1" 200 -
2026-08-10 23:42:01,795 [INFO] werkzeug: 127.0.0.1 - - [10/Aug/2026 23:42:01] "GET /api/records HTTP/1.1" 200 -
2026-08-10 23:42:01,798 [INFO] werkzeug: 127.0.0.1 - - [10/Aug/2026 23:42:01] "GET /api/status HTTP/1.1" 200 -
2026-08-10 23:42:02,237 [INFO] werkzeug: 127.0.0.1 - - [10/Aug/2026 23:42:02] "GET /api/status HTTP/1.1" 200 -
2026-08-10 23:42:02,514 [INFO] werkzeug: 127.0.0.1 - - [10/Aug/2026 23:42:02] "GET /api/status HTTP/1.1" 200 -
2026-08-10 23:42:02,712 [INFO] werkzeug: 127.0.0.1 - - [10/Aug/2026 23:42:02] "GET /api/logs HTTP/1.1" 200 -
2026-08-10 23:42:03,606 [INFO] werkzeug: 127.0.0.1 - - [10/Aug/2026 23:42:03] "GET /api/logs HTTP/1.1" 200 -
2026-08-10 23:42:04,425 [INFO] werkzeug: 127.0.0.1 - - [10/Aug/2026 23:42:04] "GET /api/status HTTP/1.1" 200 -
2026-08-10 23:42:04,577 [INFO] werkzeug: 127.0.0.1 - - [10/Aug/2026 23:42:04] "GET /api/logs HTTP/1.1" 200 -
2026-08-10 23:42:04,824 [INFO] werkzeug: 127.0.0.1 - - [10/Aug/2026 23:42:04] "GET /api/logs HTTP/1.1" 200 -
2026-08-10 23:42:04,916 [INFO] src.etihad_scraper: Etihad Scraper stopped.
2026-08-10 23:42:06,251 [INFO] werkzeug: 127.0.0.1 - - [10/Aug/2026 23:42:06] "GET /api/records HTTP/1.1" 200 -
2026-08-10 23:42:07,027 [INFO] werkzeug: 127.0.0.1 - - [10/Aug/2026 23:42:07] "GET /api/status HTTP/1.1" 200 -
2026-08-10 23:42:08,567 [INFO] werkzeug: 127.0.0.1 - - [10/Aug/2026 23:42:08] "GET /api/logs HTTP/1.1" 200 -
2026-08-10 23:42:09,439 [INFO] werkzeug: 127.0.0.1 - - [10/Aug/2026 23:42:09] "GET /api/status HTTP/1.1" 200 -
2026-08-10 23:42:14,361 [INFO] werkzeug: 127.0.0.1 - - [10/Aug/2026 23:42:14] "GET /api/logs HTTP/1.1" 200 -
2026-08-10 23:42:16,604 [INFO] werkzeug: 127.0.0.1 - - [10/Aug/2026 23:42:16] "GET /api/records HTTP/1.1" 200 -
2026-08-10 23:42:22,887 [INFO] werkzeug: 127.0.0.1 - - [10/Aug/2026 23:42:22] "GET /api/status HTTP/1.1" 200 -
2026-08-10 23:42:33,267 [INFO] werkzeug: 127.0.0.1 - - [10/Aug/2026 23:42:33] "GET /api/logs HTTP/1.1" 200 -
2026-08-10 23:42:41,114 [INFO] werkzeug: 127.0.0.1 - - [10/Aug/2026 23:42:41] "GET /api/status HTTP/1.1" 200 -
2026-08-10 23:42:43,475 [INFO] werkzeug: 127.0.0.1 - - [10/Aug/2026 23:42:43] "GET /api/logs HTTP/1.1" 200 -
2026-08-10 23:42:44,379 [WARNING] src.etihad_scraper: Failed to access booking for PNR: Y8D57L (Timeout waiting for details to load)
2026-08-10 23:42:45,290 [INFO] werkzeug: 127.0.0.1 - - [10/Aug/2026 23:42:45] "GET /api/records HTTP/1.1" 200 -
2026-08-10 23:42:46,117 [INFO] werkzeug: 127.0.0.1 - - [10/Aug/2026 23:42:46] "GET /api/records HTTP/1.1" 200 -
2026-08-10 23:42:46,186 [INFO] werkzeug: 127.0.0.1 - - [10/Aug/2026 23:42:46] "GET /api/status HTTP/1.1" 200 -
2026-08-10 23:42:46,301 [INFO] werkzeug: 127.0.0.1 - - [10/Aug/2026 23:42:46] "GET /api/status HTTP/1.1" 200 -
2026-08-10 23:42:46,321 [INFO] werkzeug: 127.0.0.1 - - [10/Aug/2026 23:42:46] "GET /api/logs HTTP/1.1" 200 -
2026-08-10 23:42:46,397 [INFO] werkzeug: 127.0.0.1 - - [10/Aug/2026 23:42:46] "GET /api/logs HTTP/1.1" 200 -
2026-08-10 23:42:46,440 [INFO] werkzeug: 127.0.0.1 - - [10/Aug/2026 23:42:46] "GET /api/logs HTTP/1.1" 200 -
2026-08-10 23:42:46,529 [INFO] werkzeug: 127.0.0.1 - - [10/Aug/2026 23:42:46] "GET /api/status HTTP/1.1" 200 -
2026-08-10 23:42:46,610 [INFO] werkzeug: 127.0.0.1 - - [10/Aug/2026 23:42:46] "GET /api/status HTTP/1.1" 200 -
2026-08-10 23:42:46,627 [INFO] werkzeug: 127.0.0.1 - - [10/Aug/2026 23:42:46] "GET /api/logs HTTP/1.1" 200 -
2026-08-10 23:42:49,635 [INFO] werkzeug: 127.0.0.1 - - [10/Aug/2026 23:42:49] "GET /api/records HTTP/1.1" 200 -
2026-08-10 23:42:49,651 [INFO] werkzeug: 127.0.0.1 - - [10/Aug/2026 23:42:49] "GET /api/status HTTP/1.1" 200 -
2026-08-10 23:42:50,291 [INFO] werkzeug: 127.0.0.1 - - [10/Aug/2026 23:42:50] "GET /api/logs HTTP/1.1" 200 -
2026-08-10 23:42:50,317 [INFO] werkzeug: 127.0.0.1 - - [10/Aug/2026 23:42:50] "GET /api/status HTTP/1.1" 200 -
2026-08-10 23:42:50,626 [INFO] werkzeug: 127.0.0.1 - - [10/Aug/2026 23:42:50] "GET /api/logs HTTP/1.1" 200 -
2026-08-10 23:42:51,165 [INFO] werkzeug: 127.0.0.1 - - [10/Aug/2026 23:42:51] "GET /api/status HTTP/1.1" 200 -
2026-08-10 23:42:51,219 [INFO] werkzeug: 127.0.0.1 - - [10/Aug/2026 23:42:51] "GET /api/records HTTP/1.1" 200 -
2026-08-10 23:42:51,846 [INFO] werkzeug: 127.0.0.1 - - [10/Aug/2026 23:42:51] "GET /api/logs HTTP/1.1" 200 -
2026-08-10 23:42:51,940 [INFO] werkzeug: 127.0.0.1 - - [10/Aug/2026 23:42:51] "GET /api/logs HTTP/1.1" 200 -
2026-08-10 23:42:51,976 [INFO] werkzeug: 127.0.0.1 - - [10/Aug/2026 23:42:51] "GET /api/status HTTP/1.1" 200 -
2026-08-10 23:42:52,139 [INFO] werkzeug: 127.0.0.1 - - [10/Aug/2026 23:42:52] "GET /api/records HTTP/1.1" 200 -
2026-08-10 23:42:52,338 [INFO] werkzeug: 127.0.0.1 - - [10/Aug/2026 23:42:52] "GET /api/status HTTP/1.1" 200 -
2026-08-10 23:42:52,430 [INFO] werkzeug: 127.0.0.1 - - [10/Aug/2026 23:42:52] "GET /api/logs HTTP/1.1" 200 -
2026-08-10 23:42:52,819 [INFO] werkzeug: 127.0.0.1 - - [10/Aug/2026 23:42:52] "GET /api/status HTTP/1.1" 200 -
2026-08-10 23:42:52,828 [INFO] werkzeug: 127.0.0.1 - - [10/Aug/2026 23:42:52] "GET /api/records HTTP/1.1" 200 -
2026-08-10 23:42:53,312 [INFO] werkzeug: 127.0.0.1 - - [10/Aug/2026 23:42:53] "GET /api/logs HTTP/1.1" 200 -
2026-08-10 23:42:53,319 [INFO] werkzeug: 127.0.0.1 - - [10/Aug/2026 23:42:53] "GET /api/records HTTP/1.1" 200 -
2026-08-10 23:42:53,437 [INFO] werkzeug: 127.0.0.1 - - [10/Aug/2026 23:42:53] "GET /api/logs HTTP/1.1" 200 -
2026-08-10 23:42:53,553 [INFO] werkzeug: 127.0.0.1 - - [10/Aug/2026 23:42:53] "GET /api/status HTTP/1.1" 200 -
2026-08-10 23:42:53,717 [INFO] werkzeug: 127.0.0.1 - - [10/Aug/2026 23:42:53] "GET /api/records HTTP/1.1" 200 -
2026-08-10 23:42:53,720 [INFO] werkzeug: 127.0.0.1 - - [10/Aug/2026 23:42:53] "GET /api/status HTTP/1.1" 200 -
2026-08-10 23:42:53,946 [INFO] werkzeug: 127.0.0.1 - - [10/Aug/2026 23:42:53] "GET /api/status HTTP/1.1" 200 -
2026-08-10 23:42:53,966 [INFO] werkzeug: 127.0.0.1 - - [10/Aug/2026 23:42:53] "GET /api/logs HTTP/1.1" 200 -
2026-08-10 23:42:54,108 [INFO] werkzeug: 127.0.0.1 - - [10/Aug/2026 23:42:54] "GET /api/records HTTP/1.1" 200 -
2026-08-10 23:42:54,177 [INFO] werkzeug: 127.0.0.1 - - [10/Aug/2026 23:42:54] "GET /api/logs HTTP/1.1" 200 -
2026-08-10 23:42:54,247 [INFO] werkzeug: 127.0.0.1 - - [10/Aug/2026 23:42:54] "GET /api/logs HTTP/1.1" 200 -
2026-08-10 23:42:54,353 [INFO] werkzeug: 127.0.0.1 - - [10/Aug/2026 23:42:54] "GET /api/status HTTP/1.1" 200 -
2026-08-10 23:42:54,661 [INFO] werkzeug: 127.0.0.1 - - [10/Aug/2026 23:42:54] "GET /api/records HTTP/1.1" 200 -
2026-08-10 23:42:54,793 [INFO] werkzeug: 127.0.0.1 - - [10/Aug/2026 23:42:54] "GET /api/status HTTP/1.1" 200 -
2026-08-10 23:42:54,841 [INFO] werkzeug: 127.0.0.1 - - [10/Aug/2026 23:42:54] "GET /api/logs HTTP/1.1" 200 -
2026-08-10 23:42:55,737 [INFO] werkzeug: 127.0.0.1 - - [10/Aug/2026 23:42:55] "GET /api/records HTTP/1.1" 200 -
2026-08-10 23:42:55,790 [INFO] werkzeug: 127.0.0.1 - - [10/Aug/2026 23:42:55] "GET /api/status HTTP/1.1" 200 -
2026-08-10 23:42:56,012 [INFO] werkzeug: 127.0.0.1 - - [10/Aug/2026 23:42:56] "GET /api/logs HTTP/1.1" 200 -
2026-08-10 23:42:56,347 [INFO] werkzeug: 127.0.0.1 - - [10/Aug/2026 23:42:56] "GET /api/status HTTP/1.1" 200 -
2026-08-10 23:42:56,813 [INFO] werkzeug: 127.0.0.1 - - [10/Aug/2026 23:42:56] "GET /api/logs HTTP/1.1" 200 -
2026-08-10 23:42:56,821 [INFO] werkzeug: 127.0.0.1 - - [10/Aug/2026 23:42:56] "GET /api/status HTTP/1.1" 200 -
2026-08-10 23:42:57,755 [INFO] werkzeug: 127.0.0.1 - - [10/Aug/2026 23:42:57] "GET /api/status HTTP/1.1" 200 -
2026-08-10 23:42:57,823 [INFO] werkzeug: 127.0.0.1 - - [10/Aug/2026 23:42:57] "GET /api/logs HTTP/1.1" 200 -
2026-08-10 23:42:58,897 [INFO] werkzeug: 127.0.0.1 - - [10/Aug/2026 23:42:58] "GET /api/records HTTP/1.1" 200 -
2026-08-10 23:42:59,596 [INFO] werkzeug: 127.0.0.1 - - [10/Aug/2026 23:42:59] "GET /api/logs HTTP/1.1" 200 -
2026-08-10 23:43:00,106 [INFO] werkzeug: 127.0.0.1 - - [10/Aug/2026 23:43:00] "GET /api/status HTTP/1.1" 200 -
2026-08-10 23:43:00,543 [INFO] werkzeug: 127.0.0.1 - - [10/Aug/2026 23:43:00] "GET /api/records HTTP/1.1" 200 -
2026-08-10 23:43:00,696 [INFO] werkzeug: 127.0.0.1 - - [10/Aug/2026 23:43:00] "GET /api/logs HTTP/1.1" 200 -
2026-08-10 23:43:00,877 [INFO] werkzeug: 127.0.0.1 - - [10/Aug/2026 23:43:00] "GET /api/status HTTP/1.1" 200 -
2026-08-10 23:43:01,412 [INFO] werkzeug: 127.0.0.1 - - [10/Aug/2026 23:43:01] "GET /api/records HTTP/1.1" 200 -
2026-08-10 23:43:01,564 [INFO] werkzeug: 127.0.0.1 - - [10/Aug/2026 23:43:01] "GET /api/status HTTP/1.1" 200 -
2026-08-10 23:43:01,576 [INFO] werkzeug: 127.0.0.1 - - [10/Aug/2026 23:43:01] "GET /api/logs HTTP/1.1" 200 -
2026-08-10 23:43:02,740 [INFO] werkzeug: 127.0.0.1 - - [10/Aug/2026 23:43:02] "GET /api/records HTTP/1.1" 200 -
2026-08-10 23:43:02,745 [INFO] werkzeug: 127.0.0.1 - - [10/Aug/2026 23:43:02] "GET /api/status HTTP/1.1" 200 -
2026-08-10 23:43:03,381 [INFO] werkzeug: 127.0.0.1 - - [10/Aug/2026 23:43:03] "GET /api/logs HTTP/1.1" 200 -
2026-08-10 23:43:04,274 [INFO] werkzeug: 127.0.0.1 - - [10/Aug/2026 23:43:04] "GET /api/status HTTP/1.1" 200 -
2026-08-10 23:43:04,337 [INFO] werkzeug: 127.0.0.1 - - [10/Aug/2026 23:43:04] "GET /api/records HTTP/1.1" 200 -
2026-08-10 23:43:04,880 [INFO] werkzeug: 127.0.0.1 - - [10/Aug/2026 23:43:04] "GET /api/logs HTTP/1.1" 200 -
2026-08-10 23:43:05,123 [INFO] werkzeug: 127.0.0.1 - - [10/Aug/2026 23:43:05] "GET /api/status HTTP/1.1" 200 -
2026-08-10 23:43:05,139 [INFO] werkzeug: 127.0.0.1 - - [10/Aug/2026 23:43:05] "GET /api/records HTTP/1.1" 200 -
2026-08-10 23:43:06,620 [INFO] werkzeug: 127.0.0.1 - - [10/Aug/2026 23:43:06] "GET /api/logs HTTP/1.1" 200 -
2026-08-10 23:43:06,680 [INFO] werkzeug: 127.0.0.1 - - [10/Aug/2026 23:43:06] "GET /api/status HTTP/1.1" 200 -
2026-08-10 23:43:08,063 [INFO] werkzeug: 127.0.0.1 - - [10/Aug/2026 23:43:08] "GET /api/logs HTTP/1.1" 200 -
2026-08-10 23:43:08,076 [INFO] werkzeug: 127.0.0.1 - - [10/Aug/2026 23:43:08] "GET /api/status HTTP/1.1" 200 -
2026-08-10 23:43:09,397 [INFO] werkzeug: 127.0.0.1 - - [10/Aug/2026 23:43:09] "GET /api/logs HTTP/1.1" 200 -
2026-08-10 23:43:09,526 [INFO] werkzeug: 127.0.0.1 - - [10/Aug/2026 23:43:09] "GET /api/status HTTP/1.1" 200 -
2026-08-10 23:43:10,130 [INFO] werkzeug: 127.0.0.1 - - [10/Aug/2026 23:43:10] "GET /api/records HTTP/1.1" 200 -
2026-08-10 23:43:10,476 [INFO] werkzeug: 127.0.0.1 - - [10/Aug/2026 23:43:10] "GET /api/logs HTTP/1.1" 200 -
2026-08-10 23:43:10,991 [INFO] werkzeug: 127.0.0.1 - - [10/Aug/2026 23:43:10] "GET /api/status HTTP/1.1" 200 -
2026-08-10 23:43:11,479 [INFO] werkzeug: 127.0.0.1 - - [10/Aug/2026 23:43:11] "GET /api/logs HTTP/1.1" 200 -
2026-08-10 23:43:12,614 [INFO] werkzeug: 127.0.0.1 - - [10/Aug/2026 23:43:12] "GET /api/logs HTTP/1.1" 200 -
2026-08-10 23:43:12,833 [INFO] werkzeug: 127.0.0.1 - - [10/Aug/2026 23:43:12] "GET /api/status HTTP/1.1" 200 -
2026-08-10 23:43:12,952 [INFO] werkzeug: 127.0.0.1 - - [10/Aug/2026 23:43:12] "GET /api/records HTTP/1.1" 200 -
2026-08-10 23:43:13,355 [INFO] werkzeug: 127.0.0.1 - - [10/Aug/2026 23:43:13] "GET /api/logs HTTP/1.1" 200 -
2026-08-10 23:43:13,645 [INFO] src.etihad_scraper: Etihad Scraper stopped.
2026-08-10 23:43:16,177 [INFO] werkzeug: 127.0.0.1 - - [10/Aug/2026 23:43:16] "GET /api/logs HTTP/1.1" 200 -
2026-08-10 23:43:16,433 [INFO] werkzeug: 127.0.0.1 - - [10/Aug/2026 23:43:16] "GET /api/status HTTP/1.1" 200 -
2026-08-10 23:43:17,186 [INFO] werkzeug: 127.0.0.1 - - [10/Aug/2026 23:43:17] "[33mGET /service-worker.js HTTP/1.1[0m" 404 -
2026-08-10 23:43:17,795 [INFO] werkzeug: 127.0.0.1 - - [10/Aug/2026 23:43:17] "GET /api/status HTTP/1.1" 200 -
2026-08-10 23:43:17,867 [INFO] werkzeug: 127.0.0.1 - - [10/Aug/2026 23:43:17] "GET /api/logs HTTP/1.1" 200 -
2026-08-10 23:43:18,019 [INFO] werkzeug: 127.0.0.1 - - [10/Aug/2026 23:43:18] "GET /api/records HTTP/1.1" 200 -
2026-08-10 23:43:19,328 [INFO] werkzeug: 127.0.0.1 - - [10/Aug/2026 23:43:19] "GET /api/status HTTP/1.1" 200 -
2026-08-10 23:43:19,741 [INFO] werkzeug: 127.0.0.1 - - [10/Aug/2026 23:43:19] "GET /api/logs HTTP/1.1" 200 -
2026-08-10 23:43:21,618 [INFO] werkzeug: 127.0.0.1 - - [10/Aug/2026 23:43:21] "GET /api/status HTTP/1.1" 200 -
2026-08-10 23:43:21,858 [INFO] werkzeug: 127.0.0.1 - - [10/Aug/2026 23:43:21] "GET /api/records HTTP/1.1" 200 -
2026-08-10 23:43:21,861 [INFO] werkzeug: 127.0.0.1 - - [10/Aug/2026 23:43:21] "GET /api/logs HTTP/1.1" 200 -
2026-08-10 23:43:22,443 [INFO] werkzeug:  * Detected change in 'D:\\etihad airways\\src\\etihad_scraper.py', reloading
2026-08-10 23:43:23,384 [INFO] werkzeug:  * Restarting with stat
2026-08-10 23:43:30,801 [WARNING] werkzeug:  * Debugger is active!
2026-08-10 23:43:30,814 [INFO] werkzeug:  * Debugger PIN: 794-833-364
2026-08-10 23:43:31,609 [INFO] werkzeug: 127.0.0.1 - - [10/Aug/2026 23:43:31] "GET /api/status HTTP/1.1" 200 -
2026-08-10 23:43:31,793 [INFO] werkzeug: 127.0.0.1 - - [10/Aug/2026 23:43:31] "GET /api/logs HTTP/1.1" 200 -
2026-08-10 23:43:31,834 [INFO] werkzeug: 127.0.0.1 - - [10/Aug/2026 23:43:31] "GET /api/status HTTP/1.1" 200 -
2026-08-10 23:43:32,528 [INFO] werkzeug: 127.0.0.1 - - [10/Aug/2026 23:43:32] "GET /api/logs HTTP/1.1" 200 -
2026-08-10 23:43:34,238 [INFO] werkzeug: 127.0.0.1 - - [10/Aug/2026 23:43:34] "GET /api/records HTTP/1.1" 200 -
2026-08-10 23:43:34,957 [INFO] werkzeug: 127.0.0.1 - - [10/Aug/2026 23:43:34] "GET /api/status HTTP/1.1" 200 -
2026-08-10 23:43:35,196 [INFO] werkzeug: 127.0.0.1 - - [10/Aug/2026 23:43:35] "GET /api/records HTTP/1.1" 200 -
2026-08-10 23:43:35,222 [INFO] werkzeug: 127.0.0.1 - - [10/Aug/2026 23:43:35] "GET /api/logs HTTP/1.1" 200 -
2026-08-10 23:43:37,387 [INFO] werkzeug: 127.0.0.1 - - [10/Aug/2026 23:43:37] "GET /api/status HTTP/1.1" 200 -
2026-08-10 23:43:37,893 [INFO] werkzeug: 127.0.0.1 - - [10/Aug/2026 23:43:37] "GET /api/records HTTP/1.1" 200 -
2026-08-10 23:43:37,896 [INFO] werkzeug: 127.0.0.1 - - [10/Aug/2026 23:43:37] "GET /api/logs HTTP/1.1" 200 -
2026-08-10 23:43:39,237 [INFO] werkzeug: 127.0.0.1 - - [10/Aug/2026 23:43:39] "GET /api/status HTTP/1.1" 200 -
2026-08-10 23:43:39,638 [INFO] werkzeug: 127.0.0.1 - - [10/Aug/2026 23:43:39] "GET /api/logs HTTP/1.1" 200 -
2026-08-10 23:43:41,575 [INFO] werkzeug: 127.0.0.1 - - [10/Aug/2026 23:43:41] "GET /api/status HTTP/1.1" 200 -
2026-08-10 23:43:41,762 [INFO] werkzeug: 127.0.0.1 - - [10/Aug/2026 23:43:41] "GET /api/logs HTTP/1.1" 200 -
2026-08-10 23:43:41,860 [INFO] werkzeug: 127.0.0.1 - - [10/Aug/2026 23:43:41] "GET /api/records HTTP/1.1" 200 -
2026-08-10 23:43:45,526 [INFO] werkzeug: 127.0.0.1 - - [10/Aug/2026 23:43:45] "GET /api/status HTTP/1.1" 200 -
2026-08-10 23:43:45,572 [INFO] werkzeug:  * Detected change in 'D:\\etihad airways\\src\\saudia_signup.py', reloading
2026-08-10 23:43:46,319 [INFO] werkzeug:  * Restarting with stat
2026-08-10 23:43:53,483 [WARNING] werkzeug:  * Debugger is active!
2026-08-10 23:43:53,496 [INFO] werkzeug:  * Debugger PIN: 794-833-364
2026-08-10 23:43:54,553 [INFO] werkzeug: 127.0.0.1 - - [10/Aug/2026 23:43:54] "GET /api/status HTTP/1.1" 200 -
2026-08-10 23:43:54,667 [INFO] werkzeug: 127.0.0.1 - - [10/Aug/2026 23:43:54] "GET /api/logs HTTP/1.1" 200 -
2026-08-10 23:43:55,388 [INFO] werkzeug: 127.0.0.1 - - [10/Aug/2026 23:43:55] "GET /api/status HTTP/1.1" 200 -
2026-08-10 23:43:55,592 [INFO] werkzeug: 127.0.0.1 - - [10/Aug/2026 23:43:55] "GET /api/logs HTTP/1.1" 200 -
2026-08-10 23:43:55,978 [INFO] werkzeug: 127.0.0.1 - - [10/Aug/2026 23:43:55] "GET /api/status HTTP/1.1" 200 -
2026-08-10 23:43:56,103 [INFO] werkzeug: 127.0.0.1 - - [10/Aug/2026 23:43:56] "GET /api/logs HTTP/1.1" 200 -
2026-08-10 23:43:56,368 [INFO] werkzeug: 127.0.0.1 - - [10/Aug/2026 23:43:56] "GET /api/status HTTP/1.1" 200 -
2026-08-10 23:43:56,667 [INFO] werkzeug: 127.0.0.1 - - [10/Aug/2026 23:43:56] "GET /api/logs HTTP/1.1" 200 -
2026-08-10 23:43:56,972 [INFO] werkzeug: 127.0.0.1 - - [10/Aug/2026 23:43:56] "GET /api/records HTTP/1.1" 200 -
2026-08-10 23:43:57,305 [INFO] werkzeug: 127.0.0.1 - - [10/Aug/2026 23:43:57] "GET /api/logs HTTP/1.1" 200 -
2026-08-10 23:43:57,585 [INFO] werkzeug: 127.0.0.1 - - [10/Aug/2026 23:43:57] "GET /api/records HTTP/1.1" 200 -
2026-08-10 23:43:58,145 [INFO] werkzeug: 127.0.0.1 - - [10/Aug/2026 23:43:58] "GET /api/records HTTP/1.1" 200 -
2026-08-10 23:43:59,801 [INFO] werkzeug: 127.0.0.1 - - [10/Aug/2026 23:43:59] "GET /api/status HTTP/1.1" 200 -
2026-08-10 23:44:00,158 [INFO] werkzeug: 127.0.0.1 - - [10/Aug/2026 23:44:00] "GET /api/logs HTTP/1.1" 200 -
2026-08-10 23:44:01,460 [INFO] werkzeug: 127.0.0.1 - - [10/Aug/2026 23:44:01] "GET /api/records HTTP/1.1" 200 -
2026-08-10 23:44:01,484 [INFO] werkzeug: 127.0.0.1 - - [10/Aug/2026 23:44:01] "GET /api/status HTTP/1.1" 200 -
2026-08-10 23:44:01,531 [INFO] werkzeug: 127.0.0.1 - - [10/Aug/2026 23:44:01] "GET /api/logs HTTP/1.1" 200 -
2026-08-10 23:44:01,700 [INFO] werkzeug: 127.0.0.1 - - [10/Aug/2026 23:44:01] "GET /api/records HTTP/1.1" 200 -
2026-08-10 23:44:01,973 [INFO] werkzeug: 127.0.0.1 - - [10/Aug/2026 23:44:01] "GET /api/status HTTP/1.1" 200 -
2026-08-10 23:44:02,059 [INFO] werkzeug: 127.0.0.1 - - [10/Aug/2026 23:44:02] "GET /api/logs HTTP/1.1" 200 -
2026-08-10 23:44:05,344 [INFO] werkzeug: 127.0.0.1 - - [10/Aug/2026 23:44:05] "GET /api/status HTTP/1.1" 200 -
2026-08-10 23:44:05,891 [INFO] werkzeug: 127.0.0.1 - - [10/Aug/2026 23:44:05] "GET /api/records HTTP/1.1" 200 -
2026-08-10 23:44:05,897 [INFO] werkzeug: 127.0.0.1 - - [10/Aug/2026 23:44:05] "GET /api/logs HTTP/1.1" 200 -
2026-08-10 23:44:07,235 [INFO] werkzeug: 127.0.0.1 - - [10/Aug/2026 23:44:07] "GET /api/status HTTP/1.1" 200 -
2026-08-10 23:44:07,617 [INFO] werkzeug: 127.0.0.1 - - [10/Aug/2026 23:44:07] "GET /api/logs HTTP/1.1" 200 -
2026-08-10 23:44:10,180 [INFO] werkzeug: 127.0.0.1 - - [10/Aug/2026 23:44:10] "GET /api/status HTTP/1.1" 200 -
2026-08-10 23:44:10,356 [INFO] werkzeug: 127.0.0.1 - - [10/Aug/2026 23:44:10] "GET /api/records HTTP/1.1" 200 -
2026-08-10 23:44:10,362 [INFO] werkzeug: 127.0.0.1 - - [10/Aug/2026 23:44:10] "GET /api/logs HTTP/1.1" 200 -
2026-08-10 23:44:11,745 [INFO] werkzeug: 127.0.0.1 - - [10/Aug/2026 23:44:11] "GET /api/status HTTP/1.1" 200 -
2026-08-10 23:44:12,630 [INFO] werkzeug: 127.0.0.1 - - [10/Aug/2026 23:44:12] "GET /api/logs HTTP/1.1" 200 -
2026-08-10 23:44:25,987 [INFO] werkzeug: 127.0.0.1 - - [10/Aug/2026 23:44:25] "GET /api/status HTTP/1.1" 200 -
2026-08-10 23:44:27,050 [INFO] werkzeug: 127.0.0.1 - - [10/Aug/2026 23:44:27] "GET /api/logs HTTP/1.1" 200 -
2026-08-10 23:44:27,351 [INFO] werkzeug: 127.0.0.1 - - [10/Aug/2026 23:44:27] "GET /api/records HTTP/1.1" 200 -
2026-08-10 23:44:27,473 [INFO] werkzeug: 127.0.0.1 - - [10/Aug/2026 23:44:27] "GET /api/status HTTP/1.1" 200 -
2026-08-10 23:44:28,090 [INFO] werkzeug: 127.0.0.1 - - [10/Aug/2026 23:44:28] "GET /api/logs HTTP/1.1" 200 -
2026-08-10 23:44:28,941 [INFO] werkzeug: 127.0.0.1 - - [10/Aug/2026 23:44:28] "GET /api/status HTTP/1.1" 200 -
2026-08-10 23:44:29,492 [INFO] werkzeug: 127.0.0.1 - - [10/Aug/2026 23:44:29] "GET /api/logs HTTP/1.1" 200 -
2026-08-10 23:44:29,985 [INFO] werkzeug: 127.0.0.1 - - [10/Aug/2026 23:44:29] "GET /api/records HTTP/1.1" 200 -
2026-08-10 23:44:32,125 [INFO] werkzeug: 127.0.0.1 - - [10/Aug/2026 23:44:32] "GET /api/status HTTP/1.1" 200 -
2026-08-10 23:44:34,247 [INFO] werkzeug: 127.0.0.1 - - [10/Aug/2026 23:44:34] "GET /api/status HTTP/1.1" 200 -
2026-08-10 23:44:34,297 [INFO] werkzeug: 127.0.0.1 - - [10/Aug/2026 23:44:34] "GET /api/logs HTTP/1.1" 200 -
2026-08-10 23:44:34,396 [INFO] werkzeug: 127.0.0.1 - - [10/Aug/2026 23:44:34] "GET /api/records HTTP/1.1" 200 -
2026-08-10 23:44:34,755 [INFO] werkzeug: 127.0.0.1 - - [10/Aug/2026 23:44:34] "GET /api/logs HTTP/1.1" 200 -
2026-08-10 23:44:40,136 [INFO] werkzeug: 127.0.0.1 - - [10/Aug/2026 23:44:40] "GET /api/status HTTP/1.1" 200 -
2026-08-10 23:44:40,643 [INFO] werkzeug: 127.0.0.1 - - [10/Aug/2026 23:44:40] "GET /api/logs HTTP/1.1" 200 -
2026-08-10 23:44:40,803 [INFO] werkzeug: 127.0.0.1 - - [10/Aug/2026 23:44:40] "GET /api/records HTTP/1.1" 200 -
2026-08-10 23:44:50,510 [INFO] werkzeug: 127.0.0.1 - - [10/Aug/2026 23:44:50] "GET /api/status HTTP/1.1" 200 -
2026-08-10 23:44:50,947 [INFO] werkzeug: 127.0.0.1 - - [10/Aug/2026 23:44:50] "GET /api/logs HTTP/1.1" 200 -
2026-08-10 23:44:50,974 [INFO] werkzeug: 127.0.0.1 - - [10/Aug/2026 23:44:50] "GET /api/records HTTP/1.1" 200 -
2026-08-10 23:44:55,719 [INFO] werkzeug: 127.0.0.1 - - [10/Aug/2026 23:44:55] "GET /api/status HTTP/1.1" 200 -
2026-08-10 23:44:56,118 [INFO] werkzeug: 127.0.0.1 - - [10/Aug/2026 23:44:56] "GET /api/logs HTTP/1.1" 200 -
2026-08-10 23:44:56,617 [INFO] werkzeug: 127.0.0.1 - - [10/Aug/2026 23:44:56] "GET /api/records HTTP/1.1" 200 -
2026-08-10 23:45:01,364 [INFO] werkzeug: 127.0.0.1 - - [10/Aug/2026 23:45:01] "GET /api/status HTTP/1.1" 200 -
2026-08-10 23:45:02,030 [INFO] werkzeug: 127.0.0.1 - - [10/Aug/2026 23:45:02] "GET /api/logs HTTP/1.1" 200 -
2026-08-10 23:45:02,482 [INFO] werkzeug: 127.0.0.1 - - [10/Aug/2026 23:45:02] "GET /api/records HTTP/1.1" 200 -
2026-08-10 23:45:03,877 [INFO] werkzeug: 127.0.0.1 - - [10/Aug/2026 23:45:03] "GET /api/status HTTP/1.1" 200 -
2026-08-10 23:45:03,969 [INFO] werkzeug: 127.0.0.1 - - [10/Aug/2026 23:45:03] "GET /api/logs HTTP/1.1" 200 -
2026-08-10 23:45:05,307 [INFO] werkzeug: 127.0.0.1 - - [10/Aug/2026 23:45:05] "GET /api/status HTTP/1.1" 200 -
2026-08-10 23:45:06,363 [INFO] werkzeug: 127.0.0.1 - - [10/Aug/2026 23:45:06] "GET /api/logs HTTP/1.1" 200 -
2026-08-10 23:45:06,428 [INFO] werkzeug: 127.0.0.1 - - [10/Aug/2026 23:45:06] "GET /api/records HTTP/1.1" 200 -
2026-08-10 23:45:07,391 [INFO] werkzeug: 127.0.0.1 - - [10/Aug/2026 23:45:07] "GET /api/status HTTP/1.1" 200 -
2026-08-10 23:45:07,863 [INFO] werkzeug: 127.0.0.1 - - [10/Aug/2026 23:45:07] "GET /api/logs HTTP/1.1" 200 -
2026-08-10 23:45:09,624 [INFO] werkzeug: 127.0.0.1 - - [10/Aug/2026 23:45:09] "GET /api/status HTTP/1.1" 200 -
2026-08-10 23:45:10,155 [INFO] werkzeug: 127.0.0.1 - - [10/Aug/2026 23:45:10] "GET /api/logs HTTP/1.1" 200 -
2026-08-10 23:45:10,367 [INFO] werkzeug: 127.0.0.1 - - [10/Aug/2026 23:45:10] "GET /api/records HTTP/1.1" 200 -
2026-08-10 23:45:11,243 [INFO] werkzeug: 127.0.0.1 - - [10/Aug/2026 23:45:11] "GET /api/status HTTP/1.1" 200 -
2026-08-10 23:45:11,723 [INFO] werkzeug: 127.0.0.1 - - [10/Aug/2026 23:45:11] "GET /api/logs HTTP/1.1" 200 -
2026-08-10 23:45:14,266 [INFO] werkzeug: 127.0.0.1 - - [10/Aug/2026 23:45:14] "GET /api/status HTTP/1.1" 200 -
2026-08-10 23:45:14,480 [INFO] werkzeug: 127.0.0.1 - - [10/Aug/2026 23:45:14] "GET /api/logs HTTP/1.1" 200 -
2026-08-10 23:45:14,729 [INFO] werkzeug: 127.0.0.1 - - [10/Aug/2026 23:45:14] "GET /api/records HTTP/1.1" 200 -
2026-08-10 23:45:15,410 [INFO] werkzeug: 127.0.0.1 - - [10/Aug/2026 23:45:15] "GET /api/status HTTP/1.1" 200 -
2026-08-10 23:45:15,804 [INFO] werkzeug: 127.0.0.1 - - [10/Aug/2026 23:45:15] "GET /api/logs HTTP/1.1" 200 -
2026-08-10 23:45:18,851 [INFO] werkzeug: 127.0.0.1 - - [10/Aug/2026 23:45:18] "GET /api/status HTTP/1.1" 200 -
2026-08-10 23:45:19,286 [INFO] werkzeug: 127.0.0.1 - - [10/Aug/2026 23:45:19] "GET /api/logs HTTP/1.1" 200 -
2026-08-10 23:45:19,509 [INFO] werkzeug: 127.0.0.1 - - [10/Aug/2026 23:45:19] "GET /api/records HTTP/1.1" 200 -
2026-08-10 23:45:21,219 [INFO] werkzeug: 127.0.0.1 - - [10/Aug/2026 23:45:21] "GET /api/status HTTP/1.1" 200 -
2026-08-10 23:45:22,691 [INFO] werkzeug: 127.0.0.1 - - [10/Aug/2026 23:45:22] "GET /api/logs HTTP/1.1" 200 -
2026-08-10 23:45:54,357 [INFO] werkzeug: 127.0.0.1 - - [10/Aug/2026 23:45:54] "[33mGET /service-worker.js HTTP/1.1[0m" 404 -
2026-08-10 23:46:31,215 [INFO] werkzeug: 127.0.0.1 - - [10/Aug/2026 23:46:31] "GET /api/records HTTP/1.1" 200 -
2026-08-10 23:46:31,255 [INFO] werkzeug: 127.0.0.1 - - [10/Aug/2026 23:46:31] "GET /api/status HTTP/1.1" 200 -
2026-08-10 23:46:31,800 [INFO] werkzeug: 127.0.0.1 - - [10/Aug/2026 23:46:31] "GET /api/logs HTTP/1.1" 200 -
2026-08-10 23:46:32,174 [INFO] werkzeug: 127.0.0.1 - - [10/Aug/2026 23:46:32] "GET /api/records HTTP/1.1" 200 -
2026-08-10 23:46:32,390 [INFO] werkzeug: 127.0.0.1 - - [10/Aug/2026 23:46:32] "GET /api/status HTTP/1.1" 200 -
2026-08-10 23:46:32,820 [INFO] werkzeug: 127.0.0.1 - - [10/Aug/2026 23:46:32] "GET /api/logs HTTP/1.1" 200 -
2026-08-10 23:46:35,056 [INFO] werkzeug: 127.0.0.1 - - [10/Aug/2026 23:46:35] "GET /api/status HTTP/1.1" 200 -
2026-08-10 23:46:35,236 [INFO] werkzeug: 127.0.0.1 - - [10/Aug/2026 23:46:35] "GET /api/logs HTTP/1.1" 200 -
2026-08-10 23:46:35,482 [INFO] werkzeug: 127.0.0.1 - - [10/Aug/2026 23:46:35] "GET /api/records HTTP/1.1" 200 -
2026-08-10 23:46:35,500 [INFO] werkzeug: 127.0.0.1 - - [10/Aug/2026 23:46:35] "GET /api/status HTTP/1.1" 200 -
2026-08-10 23:46:35,758 [INFO] werkzeug: 127.0.0.1 - - [10/Aug/2026 23:46:35] "GET /api/logs HTTP/1.1" 200 -
2026-08-10 23:47:07,837 [INFO] werkzeug: 127.0.0.1 - - [10/Aug/2026 23:47:07] "[33mGET /service-worker.js HTTP/1.1[0m" 404 -
2026-08-10 23:47:15,347 [INFO] werkzeug: 127.0.0.1 - - [10/Aug/2026 23:47:15] "GET /api/status HTTP/1.1" 200 -
2026-08-10 23:47:15,585 [INFO] werkzeug: 127.0.0.1 - - [10/Aug/2026 23:47:15] "GET /api/logs HTTP/1.1" 200 -
2026-08-10 23:47:15,636 [INFO] werkzeug: 127.0.0.1 - - [10/Aug/2026 23:47:15] "GET /api/status HTTP/1.1" 200 -
2026-08-10 23:47:15,902 [INFO] werkzeug: 127.0.0.1 - - [10/Aug/2026 23:47:15] "GET /api/records HTTP/1.1" 200 -
2026-08-10 23:47:16,181 [INFO] werkzeug: 127.0.0.1 - - [10/Aug/2026 23:47:16] "GET /api/logs HTTP/1.1" 200 -
2026-08-10 23:47:17,913 [INFO] werkzeug: 127.0.0.1 - - [10/Aug/2026 23:47:17] "GET /api/status HTTP/1.1" 200 -
2026-08-10 23:47:18,052 [INFO] werkzeug: 127.0.0.1 - - [10/Aug/2026 23:47:18] "GET /api/logs HTTP/1.1" 200 -
2026-08-10 23:47:18,263 [INFO] werkzeug: 127.0.0.1 - - [10/Aug/2026 23:47:18] "GET /api/records HTTP/1.1" 200 -
2026-08-10 23:47:19,590 [INFO] werkzeug: 127.0.0.1 - - [10/Aug/2026 23:47:19] "GET /api/status HTTP/1.1" 200 -
2026-08-10 23:47:20,006 [INFO] werkzeug: 127.0.0.1 - - [10/Aug/2026 23:47:20] "GET /api/logs HTTP/1.1" 200 -
2026-08-10 23:47:21,247 [INFO] werkzeug: 127.0.0.1 - - [10/Aug/2026 23:47:21] "GET /api/status HTTP/1.1" 200 -
2026-08-10 23:47:21,801 [INFO] werkzeug: 127.0.0.1 - - [10/Aug/2026 23:47:21] "GET /api/logs HTTP/1.1" 200 -
2026-08-10 23:47:22,137 [INFO] werkzeug: 127.0.0.1 - - [10/Aug/2026 23:47:22] "GET /api/records HTTP/1.1" 200 -
2026-08-10 23:47:24,110 [INFO] werkzeug: 127.0.0.1 - - [10/Aug/2026 23:47:24] "GET /api/status HTTP/1.1" 200 -
2026-08-10 23:47:25,323 [INFO] werkzeug: 127.0.0.1 - - [10/Aug/2026 23:47:25] "GET /api/logs HTTP/1.1" 200 -
2026-08-10 23:47:25,355 [INFO] werkzeug: 127.0.0.1 - - [10/Aug/2026 23:47:25] "GET /api/status HTTP/1.1" 200 -
2026-08-10 23:47:27,040 [INFO] werkzeug: 127.0.0.1 - - [10/Aug/2026 23:47:27] "GET /api/records HTTP/1.1" 200 -
2026-08-10 23:47:27,162 [INFO] werkzeug: 127.0.0.1 - - [10/Aug/2026 23:47:27] "GET /api/logs HTTP/1.1" 200 -
2026-08-10 23:47:27,688 [INFO] werkzeug: 127.0.0.1 - - [10/Aug/2026 23:47:27] "GET /api/status HTTP/1.1" 200 -
2026-08-10 23:47:28,036 [INFO] werkzeug: 127.0.0.1 - - [10/Aug/2026 23:47:28] "GET /api/logs HTTP/1.1" 200 -
2026-08-10 23:47:32,323 [INFO] werkzeug: 127.0.0.1 - - [10/Aug/2026 23:47:32] "GET /api/status HTTP/1.1" 200 -
2026-08-10 23:47:32,750 [INFO] werkzeug: 127.0.0.1 - - [10/Aug/2026 23:47:32] "GET /api/logs HTTP/1.1" 200 -
2026-08-10 23:47:34,306 [INFO] werkzeug: 127.0.0.1 - - [10/Aug/2026 23:47:34] "GET /api/status HTTP/1.1" 200 -
2026-08-10 23:47:34,402 [INFO] werkzeug: 127.0.0.1 - - [10/Aug/2026 23:47:34] "GET /api/records HTTP/1.1" 200 -
2026-08-10 23:47:34,406 [INFO] werkzeug: 127.0.0.1 - - [10/Aug/2026 23:47:34] "GET /api/logs HTTP/1.1" 200 -
2026-08-10 23:47:34,863 [INFO] werkzeug: 127.0.0.1 - - [10/Aug/2026 23:47:34] "GET /api/records HTTP/1.1" 200 -
2026-08-10 23:47:41,286 [INFO] werkzeug: 127.0.0.1 - - [10/Aug/2026 23:47:41] "GET /api/status HTTP/1.1" 200 -
2026-08-10 23:47:42,321 [INFO] werkzeug: 127.0.0.1 - - [10/Aug/2026 23:47:42] "GET /api/logs HTTP/1.1" 200 -
2026-08-10 23:47:42,768 [INFO] werkzeug: 127.0.0.1 - - [10/Aug/2026 23:47:42] "GET /api/records HTTP/1.1" 200 -
2026-08-10 23:47:44,191 [INFO] werkzeug: 127.0.0.1 - - [10/Aug/2026 23:47:44] "GET /api/status HTTP/1.1" 200 -
2026-08-10 23:47:44,290 [INFO] werkzeug: 127.0.0.1 - - [10/Aug/2026 23:47:44] "GET /api/logs HTTP/1.1" 200 -
2026-08-10 23:47:46,407 [INFO] werkzeug: 127.0.0.1 - - [10/Aug/2026 23:47:46] "GET /api/status HTTP/1.1" 200 -
2026-08-10 23:47:47,087 [INFO] werkzeug: 127.0.0.1 - - [10/Aug/2026 23:47:47] "GET /api/logs HTTP/1.1" 200 -
2026-08-10 23:47:47,409 [INFO] werkzeug: 127.0.0.1 - - [10/Aug/2026 23:47:47] "GET /api/records HTTP/1.1" 200 -
2026-08-10 23:47:55,031 [INFO] werkzeug: 127.0.0.1 - - [10/Aug/2026 23:47:55] "GET /api/status HTTP/1.1" 200 -
2026-08-10 23:47:55,126 [INFO] werkzeug: 127.0.0.1 - - [10/Aug/2026 23:47:55] "GET /api/logs HTTP/1.1" 200 -
2026-08-10 23:47:55,309 [INFO] werkzeug: 127.0.0.1 - - [10/Aug/2026 23:47:55] "GET /api/records HTTP/1.1" 200 -
2026-08-10 23:48:14,000 [INFO] werkzeug: 127.0.0.1 - - [10/Aug/2026 23:48:14] "GET /api/status HTTP/1.1" 200 -
2026-08-10 23:48:15,924 [INFO] werkzeug: 127.0.0.1 - - [10/Aug/2026 23:48:15] "GET /api/logs HTTP/1.1" 200 -
2026-08-10 23:48:16,102 [INFO] werkzeug: 127.0.0.1 - - [10/Aug/2026 23:48:16] "GET /api/records HTTP/1.1" 200 -
2026-08-10 23:48:16,207 [INFO] werkzeug: 127.0.0.1 - - [10/Aug/2026 23:48:16] "GET /api/status HTTP/1.1" 200 -
2026-08-10 23:48:17,139 [INFO] werkzeug: 127.0.0.1 - - [10/Aug/2026 23:48:17] "GET /api/logs HTTP/1.1" 200 -
2026-08-10 23:48:17,970 [INFO] werkzeug: 127.0.0.1 - - [10/Aug/2026 23:48:17] "GET /api/status HTTP/1.1" 200 -
2026-08-10 23:48:18,078 [INFO] werkzeug: 127.0.0.1 - - [10/Aug/2026 23:48:18] "GET /api/logs HTTP/1.1" 200 -
2026-08-10 23:48:18,250 [INFO] werkzeug: 127.0.0.1 - - [10/Aug/2026 23:48:18] "GET /api/records HTTP/1.1" 200 -
2026-08-10 23:48:19,358 [INFO] werkzeug: 127.0.0.1 - - [10/Aug/2026 23:48:19] "GET /api/status HTTP/1.1" 200 -
2026-08-10 23:48:19,882 [INFO] werkzeug: 127.0.0.1 - - [10/Aug/2026 23:48:19] "GET /api/logs HTTP/1.1" 200 -
2026-08-10 23:48:21,224 [INFO] werkzeug: 127.0.0.1 - - [10/Aug/2026 23:48:21] "GET /api/status HTTP/1.1" 200 -
2026-08-10 23:48:21,843 [INFO] werkzeug: 127.0.0.1 - - [10/Aug/2026 23:48:21] "GET /api/records HTTP/1.1" 200 -
2026-08-10 23:48:21,851 [INFO] werkzeug: 127.0.0.1 - - [10/Aug/2026 23:48:21] "GET /api/logs HTTP/1.1" 200 -
2026-08-10 23:48:23,573 [INFO] werkzeug: 127.0.0.1 - - [10/Aug/2026 23:48:23] "GET /api/status HTTP/1.1" 200 -
2026-08-10 23:48:23,696 [INFO] werkzeug: 127.0.0.1 - - [10/Aug/2026 23:48:23] "GET /api/logs HTTP/1.1" 200 -
2026-08-10 23:48:25,219 [INFO] werkzeug: 127.0.0.1 - - [10/Aug/2026 23:48:25] "GET /api/status HTTP/1.1" 200 -
2026-08-10 23:48:26,903 [INFO] werkzeug: 127.0.0.1 - - [10/Aug/2026 23:48:26] "GET /api/records HTTP/1.1" 200 -
2026-08-10 23:48:26,907 [INFO] werkzeug: 127.0.0.1 - - [10/Aug/2026 23:48:26] "GET /api/logs HTTP/1.1" 200 -
2026-08-10 23:48:57,269 [INFO] werkzeug: 127.0.0.1 - - [10/Aug/2026 23:48:57] "[33mGET /service-worker.js HTTP/1.1[0m" 404 -
2026-08-10 23:49:01,389 [INFO] werkzeug: 127.0.0.1 - - [10/Aug/2026 23:49:01] "GET /api/status HTTP/1.1" 200 -
2026-08-10 23:49:01,764 [INFO] werkzeug: 127.0.0.1 - - [10/Aug/2026 23:49:01] "GET /api/logs HTTP/1.1" 200 -
2026-08-10 23:49:02,237 [INFO] werkzeug: 127.0.0.1 - - [10/Aug/2026 23:49:02] "GET /api/records HTTP/1.1" 200 -
2026-08-10 23:49:02,848 [INFO] werkzeug: 127.0.0.1 - - [10/Aug/2026 23:49:02] "GET /api/status HTTP/1.1" 200 -
2026-08-10 23:49:03,400 [INFO] werkzeug: 127.0.0.1 - - [10/Aug/2026 23:49:03] "GET /api/logs HTTP/1.1" 200 -
2026-08-10 23:49:05,588 [INFO] werkzeug: 127.0.0.1 - - [10/Aug/2026 23:49:05] "GET /api/status HTTP/1.1" 200 -
2026-08-10 23:49:06,123 [INFO] werkzeug: 127.0.0.1 - - [10/Aug/2026 23:49:06] "GET /api/logs HTTP/1.1" 200 -
2026-08-10 23:49:06,346 [INFO] werkzeug: 127.0.0.1 - - [10/Aug/2026 23:49:06] "GET /api/records HTTP/1.1" 200 -
2026-08-10 23:49:07,308 [INFO] werkzeug: 127.0.0.1 - - [10/Aug/2026 23:49:07] "GET /api/status HTTP/1.1" 200 -
2026-08-10 23:49:07,897 [INFO] werkzeug: 127.0.0.1 - - [10/Aug/2026 23:49:07] "GET /api/logs HTTP/1.1" 200 -
2026-08-10 23:49:09,223 [INFO] werkzeug: 127.0.0.1 - - [10/Aug/2026 23:49:09] "GET /api/status HTTP/1.1" 200 -
2026-08-10 23:49:09,647 [INFO] werkzeug: 127.0.0.1 - - [10/Aug/2026 23:49:09] "GET /api/logs HTTP/1.1" 200 -
2026-08-10 23:49:09,802 [INFO] werkzeug: 127.0.0.1 - - [10/Aug/2026 23:49:09] "GET /api/records HTTP/1.1" 200 -
2026-08-10 23:49:12,129 [INFO] werkzeug: 127.0.0.1 - - [10/Aug/2026 23:49:12] "GET /api/status HTTP/1.1" 200 -
2026-08-10 23:49:12,189 [INFO] werkzeug: 127.0.0.1 - - [10/Aug/2026 23:49:12] "GET /api/logs HTTP/1.1" 200 -
2026-08-10 23:49:13,761 [INFO] werkzeug: 127.0.0.1 - - [10/Aug/2026 23:49:13] "GET /api/status HTTP/1.1" 200 -
2026-08-10 23:49:14,161 [INFO] werkzeug: 127.0.0.1 - - [10/Aug/2026 23:49:14] "GET /api/logs HTTP/1.1" 200 -
2026-08-10 23:49:14,299 [INFO] werkzeug: 127.0.0.1 - - [10/Aug/2026 23:49:14] "GET /api/records HTTP/1.1" 200 -
2026-08-10 23:49:15,756 [INFO] werkzeug: 127.0.0.1 - - [10/Aug/2026 23:49:15] "GET /api/status HTTP/1.1" 200 -
2026-08-10 23:49:16,015 [INFO] werkzeug: 127.0.0.1 - - [10/Aug/2026 23:49:16] "GET /api/logs HTTP/1.1" 200 -
2026-08-10 23:49:52,908 [INFO] werkzeug: 127.0.0.1 - - [10/Aug/2026 23:49:52] "[33mGET /service-worker.js HTTP/1.1[0m" 404 -
2026-08-10 23:50:58,790 [INFO] werkzeug: 127.0.0.1 - - [10/Aug/2026 23:50:58] "GET /api/status HTTP/1.1" 200 -
2026-08-10 23:50:59,060 [INFO] werkzeug: 127.0.0.1 - - [10/Aug/2026 23:50:59] "GET /api/logs HTTP/1.1" 200 -
2026-08-10 23:51:05,566 [INFO] werkzeug: 127.0.0.1 - - [10/Aug/2026 23:51:05] "GET /api/records HTTP/1.1" 200 -
2026-08-10 23:51:05,888 [INFO] werkzeug: 127.0.0.1 - - [10/Aug/2026 23:51:05] "GET /api/status HTTP/1.1" 200 -
2026-08-10 23:51:06,697 [INFO] werkzeug: 127.0.0.1 - - [10/Aug/2026 23:51:06] "GET /api/logs HTTP/1.1" 200 -
2026-08-10 23:51:07,881 [INFO] werkzeug: 127.0.0.1 - - [10/Aug/2026 23:51:07] "GET /api/status HTTP/1.1" 200 -
2026-08-10 23:51:08,588 [INFO] werkzeug: 127.0.0.1 - - [10/Aug/2026 23:51:08] "GET /api/logs HTTP/1.1" 200 -
2026-08-10 23:51:09,502 [INFO] werkzeug: 127.0.0.1 - - [10/Aug/2026 23:51:09] "GET /api/status HTTP/1.1" 200 -
2026-08-10 23:51:09,748 [INFO] werkzeug: 127.0.0.1 - - [10/Aug/2026 23:51:09] "GET /api/logs HTTP/1.1" 200 -
2026-08-10 23:51:09,757 [INFO] werkzeug: 127.0.0.1 - - [10/Aug/2026 23:51:09] "GET /api/records HTTP/1.1" 200 -
2026-08-10 23:51:11,231 [INFO] werkzeug: 127.0.0.1 - - [10/Aug/2026 23:51:11] "GET /api/status HTTP/1.1" 200 -
2026-08-10 23:51:11,631 [INFO] werkzeug: 127.0.0.1 - - [10/Aug/2026 23:51:11] "GET /api/logs HTTP/1.1" 200 -
2026-08-10 23:51:14,803 [INFO] werkzeug: 127.0.0.1 - - [10/Aug/2026 23:51:14] "GET /api/status HTTP/1.1" 200 -
2026-08-10 23:51:15,044 [INFO] werkzeug: 127.0.0.1 - - [10/Aug/2026 23:51:15] "GET /api/records HTTP/1.1" 200 -
2026-08-10 23:51:15,050 [INFO] werkzeug: 127.0.0.1 - - [10/Aug/2026 23:51:15] "GET /api/logs HTTP/1.1" 200 -
2026-08-10 23:51:20,301 [INFO] werkzeug: 127.0.0.1 - - [10/Aug/2026 23:51:20] "GET /api/status HTTP/1.1" 200 -
2026-08-10 23:51:22,103 [INFO] werkzeug: 127.0.0.1 - - [10/Aug/2026 23:51:22] "GET /api/records HTTP/1.1" 200 -
2026-08-10 23:51:22,106 [INFO] werkzeug: 127.0.0.1 - - [10/Aug/2026 23:51:22] "GET /api/logs HTTP/1.1" 200 -
2026-08-10 23:51:30,278 [INFO] werkzeug: 127.0.0.1 - - [10/Aug/2026 23:51:30] "GET /api/status HTTP/1.1" 200 -
2026-08-10 23:51:32,559 [INFO] werkzeug: 127.0.0.1 - - [10/Aug/2026 23:51:32] "GET /api/logs HTTP/1.1" 200 -
2026-08-10 23:51:34,163 [INFO] werkzeug: 127.0.0.1 - - [10/Aug/2026 23:51:34] "GET /api/records HTTP/1.1" 200 -
2026-08-10 23:51:34,807 [INFO] werkzeug: 127.0.0.1 - - [10/Aug/2026 23:51:34] "GET /api/status HTTP/1.1" 200 -
2026-08-10 23:51:36,604 [INFO] werkzeug: 127.0.0.1 - - [10/Aug/2026 23:51:36] "GET /api/logs HTTP/1.1" 200 -
2026-08-10 23:51:38,052 [INFO] werkzeug: 127.0.0.1 - - [10/Aug/2026 23:51:38] "GET /api/status HTTP/1.1" 200 -
2026-08-10 23:51:38,261 [INFO] werkzeug: 127.0.0.1 - - [10/Aug/2026 23:51:38] "GET /api/logs HTTP/1.1" 200 -
2026-08-10 23:51:38,512 [INFO] werkzeug: 127.0.0.1 - - [10/Aug/2026 23:51:38] "GET /api/records HTTP/1.1" 200 -
2026-08-10 23:51:43,321 [INFO] werkzeug: 127.0.0.1 - - [10/Aug/2026 23:51:43] "GET /api/status HTTP/1.1" 200 -
2026-08-10 23:51:44,541 [INFO] werkzeug: 127.0.0.1 - - [10/Aug/2026 23:51:44] "GET /api/logs HTTP/1.1" 200 -
2026-08-10 23:51:45,234 [INFO] werkzeug: 127.0.0.1 - - [10/Aug/2026 23:51:45] "GET /api/records HTTP/1.1" 200 -
2026-08-10 23:51:52,759 [INFO] werkzeug: 127.0.0.1 - - [10/Aug/2026 23:51:52] "GET /api/status HTTP/1.1" 200 -
2026-08-10 23:51:57,776 [INFO] werkzeug: 127.0.0.1 - - [10/Aug/2026 23:51:57] "GET /api/logs HTTP/1.1" 200 -
2026-08-10 23:51:58,095 [INFO] werkzeug: 127.0.0.1 - - [10/Aug/2026 23:51:58] "GET /api/status HTTP/1.1" 200 -
2026-08-10 23:51:58,523 [INFO] werkzeug: 127.0.0.1 - - [10/Aug/2026 23:51:58] "GET /api/records HTTP/1.1" 200 -
2026-08-10 23:51:59,108 [INFO] werkzeug: 127.0.0.1 - - [10/Aug/2026 23:51:59] "GET /api/logs HTTP/1.1" 200 -
2026-08-10 23:51:59,125 [INFO] werkzeug: 127.0.0.1 - - [10/Aug/2026 23:51:59] "GET /api/status HTTP/1.1" 200 -
2026-08-10 23:52:00,662 [INFO] werkzeug: 127.0.0.1 - - [10/Aug/2026 23:52:00] "GET /api/records HTTP/1.1" 200 -
2026-08-10 23:52:01,403 [INFO] werkzeug: 127.0.0.1 - - [10/Aug/2026 23:52:01] "GET /api/logs HTTP/1.1" 200 -
2026-08-10 23:52:01,427 [INFO] werkzeug: 127.0.0.1 - - [10/Aug/2026 23:52:01] "GET /api/status HTTP/1.1" 200 -
2026-08-10 23:52:02,674 [INFO] werkzeug: 127.0.0.1 - - [10/Aug/2026 23:52:02] "GET /api/records HTTP/1.1" 200 -
2026-08-10 23:52:03,415 [INFO] werkzeug: 127.0.0.1 - - [10/Aug/2026 23:52:03] "GET /api/status HTTP/1.1" 200 -
2026-08-10 23:52:03,627 [INFO] werkzeug: 127.0.0.1 - - [10/Aug/2026 23:52:03] "GET /api/logs HTTP/1.1" 200 -
2026-08-10 23:52:04,702 [INFO] werkzeug: 127.0.0.1 - - [10/Aug/2026 23:52:04] "GET /api/logs HTTP/1.1" 200 -
2026-08-10 23:52:13,253 [INFO] werkzeug: 127.0.0.1 - - [10/Aug/2026 23:52:13] "GET /api/status HTTP/1.1" 200 -
2026-08-10 23:52:13,356 [INFO] werkzeug: 127.0.0.1 - - [10/Aug/2026 23:52:13] "GET /api/logs HTTP/1.1" 200 -
2026-08-10 23:52:13,584 [INFO] werkzeug: 127.0.0.1 - - [10/Aug/2026 23:52:13] "GET /api/records HTTP/1.1" 200 -
2026-08-10 23:52:13,598 [INFO] werkzeug: 127.0.0.1 - - [10/Aug/2026 23:52:13] "GET /api/status HTTP/1.1" 200 -
2026-08-10 23:52:13,815 [INFO] werkzeug: 127.0.0.1 - - [10/Aug/2026 23:52:13] "GET /api/logs HTTP/1.1" 200 -
2026-08-10 23:52:24,828 [INFO] werkzeug: 127.0.0.1 - - [10/Aug/2026 23:52:24] "GET /api/status HTTP/1.1" 200 -
2026-08-10 23:52:25,502 [INFO] werkzeug: 127.0.0.1 - - [10/Aug/2026 23:52:25] "GET /api/logs HTTP/1.1" 200 -
2026-08-10 23:52:25,625 [INFO] werkzeug: 127.0.0.1 - - [10/Aug/2026 23:52:25] "GET /api/records HTTP/1.1" 200 -
2026-08-10 23:52:28,548 [INFO] werkzeug: 127.0.0.1 - - [10/Aug/2026 23:52:28] "GET /api/status HTTP/1.1" 200 -
2026-08-10 23:52:29,152 [INFO] werkzeug: 127.0.0.1 - - [10/Aug/2026 23:52:29] "GET /api/logs HTTP/1.1" 200 -
2026-08-10 23:52:30,783 [INFO] werkzeug: 127.0.0.1 - - [10/Aug/2026 23:52:30] "GET /api/records HTTP/1.1" 200 -
2026-08-10 23:52:33,162 [INFO] werkzeug: 127.0.0.1 - - [10/Aug/2026 23:52:33] "GET /api/status HTTP/1.1" 200 -
2026-08-10 23:52:33,986 [INFO] werkzeug: 127.0.0.1 - - [10/Aug/2026 23:52:33] "GET /api/logs HTTP/1.1" 200 -
2026-08-10 23:52:38,607 [INFO] werkzeug: 127.0.0.1 - - [10/Aug/2026 23:52:38] "GET /api/status HTTP/1.1" 200 -
2026-08-10 23:52:38,851 [INFO] werkzeug: 127.0.0.1 - - [10/Aug/2026 23:52:38] "GET /api/logs HTTP/1.1" 200 -
2026-08-10 23:52:38,874 [INFO] werkzeug: 127.0.0.1 - - [10/Aug/2026 23:52:38] "GET /api/records HTTP/1.1" 200 -
2026-08-10 23:52:38,995 [INFO] werkzeug: 127.0.0.1 - - [10/Aug/2026 23:52:38] "GET /api/status HTTP/1.1" 200 -
2026-08-10 23:52:39,139 [INFO] werkzeug: 127.0.0.1 - - [10/Aug/2026 23:52:39] "GET /api/logs HTTP/1.1" 200 -
2026-08-10 23:52:39,850 [INFO] werkzeug: 127.0.0.1 - - [10/Aug/2026 23:52:39] "GET /api/records HTTP/1.1" 200 -
2026-08-10 23:52:43,468 [INFO] werkzeug: 127.0.0.1 - - [10/Aug/2026 23:52:43] "GET /api/status HTTP/1.1" 200 -
2026-08-10 23:52:43,628 [INFO] werkzeug: 127.0.0.1 - - [10/Aug/2026 23:52:43] "GET /api/logs HTTP/1.1" 200 -
2026-08-10 23:52:43,886 [INFO] werkzeug: 127.0.0.1 - - [10/Aug/2026 23:52:43] "GET /api/records HTTP/1.1" 200 -
2026-08-10 23:52:46,900 [INFO] werkzeug: 127.0.0.1 - - [10/Aug/2026 23:52:46] "GET /api/status HTTP/1.1" 200 -
2026-08-10 23:52:47,768 [INFO] werkzeug: 127.0.0.1 - - [10/Aug/2026 23:52:47] "GET /api/logs HTTP/1.1" 200 -
2026-08-10 23:52:47,782 [INFO] werkzeug: 127.0.0.1 - - [10/Aug/2026 23:52:47] "GET /api/records HTTP/1.1" 200 -
2026-08-10 23:52:49,489 [INFO] werkzeug: 127.0.0.1 - - [10/Aug/2026 23:52:49] "GET /api/status HTTP/1.1" 200 -
2026-08-10 23:52:50,214 [INFO] werkzeug: 127.0.0.1 - - [10/Aug/2026 23:52:50] "GET /api/logs HTTP/1.1" 200 -
2026-08-10 23:52:50,250 [INFO] werkzeug: 127.0.0.1 - - [10/Aug/2026 23:52:50] "GET /api/status HTTP/1.1" 200 -
2026-08-10 23:52:51,608 [INFO] werkzeug: 127.0.0.1 - - [10/Aug/2026 23:52:51] "GET /api/logs HTTP/1.1" 200 -
2026-08-10 23:52:52,114 [INFO] werkzeug: 127.0.0.1 - - [10/Aug/2026 23:52:52] "GET /api/records HTTP/1.1" 200 -
2026-08-10 23:52:56,988 [INFO] werkzeug: 127.0.0.1 - - [10/Aug/2026 23:52:56] "GET /api/status HTTP/1.1" 200 -
2026-08-10 23:52:57,699 [INFO] werkzeug: 127.0.0.1 - - [10/Aug/2026 23:52:57] "GET /api/logs HTTP/1.1" 200 -
2026-08-10 23:52:58,177 [INFO] werkzeug: 127.0.0.1 - - [10/Aug/2026 23:52:58] "GET /api/records HTTP/1.1" 200 -
2026-08-10 23:52:59,607 [INFO] werkzeug: 127.0.0.1 - - [10/Aug/2026 23:52:59] "GET /api/status HTTP/1.1" 200 -
2026-08-10 23:53:01,570 [INFO] werkzeug: 127.0.0.1 - - [10/Aug/2026 23:53:01] "GET /api/records HTTP/1.1" 200 -
2026-08-10 23:53:02,316 [INFO] werkzeug: 127.0.0.1 - - [10/Aug/2026 23:53:02] "GET /api/logs HTTP/1.1" 200 -
2026-08-10 23:53:02,538 [INFO] werkzeug: 127.0.0.1 - - [10/Aug/2026 23:53:02] "GET /api/status HTTP/1.1" 200 -
2026-08-10 23:53:04,937 [INFO] werkzeug: 127.0.0.1 - - [10/Aug/2026 23:53:04] "GET /api/records HTTP/1.1" 200 -
2026-08-10 23:53:07,057 [INFO] werkzeug: 127.0.0.1 - - [10/Aug/2026 23:53:07] "GET /api/status HTTP/1.1" 200 -
2026-08-10 23:53:07,441 [INFO] werkzeug: 127.0.0.1 - - [10/Aug/2026 23:53:07] "GET /api/logs HTTP/1.1" 200 -
2026-08-10 23:53:08,933 [INFO] werkzeug: 127.0.0.1 - - [10/Aug/2026 23:53:08] "GET /api/records HTTP/1.1" 200 -
2026-08-10 23:53:09,088 [INFO] werkzeug: 127.0.0.1 - - [10/Aug/2026 23:53:09] "GET /api/status HTTP/1.1" 200 -
2026-08-10 23:53:09,567 [INFO] werkzeug: 127.0.0.1 - - [10/Aug/2026 23:53:09] "GET /api/logs HTTP/1.1" 200 -
2026-08-10 23:53:10,056 [INFO] werkzeug: 127.0.0.1 - - [10/Aug/2026 23:53:10] "GET /api/records HTTP/1.1" 200 -
2026-08-10 23:53:10,140 [INFO] werkzeug: 127.0.0.1 - - [10/Aug/2026 23:53:10] "GET /api/status HTTP/1.1" 200 -
2026-08-10 23:53:10,966 [INFO] werkzeug: 127.0.0.1 - - [10/Aug/2026 23:53:10] "GET /api/status HTTP/1.1" 200 -
2026-08-10 23:53:10,972 [INFO] werkzeug: 127.0.0.1 - - [10/Aug/2026 23:53:10] "GET /api/logs HTTP/1.1" 200 -
2026-08-10 23:53:12,166 [INFO] werkzeug: 127.0.0.1 - - [10/Aug/2026 23:53:12] "GET /api/status HTTP/1.1" 200 -
2026-08-10 23:53:12,338 [INFO] werkzeug: 127.0.0.1 - - [10/Aug/2026 23:53:12] "GET /api/logs HTTP/1.1" 200 -
2026-08-10 23:53:13,164 [INFO] werkzeug: 127.0.0.1 - - [10/Aug/2026 23:53:13] "GET /api/status HTTP/1.1" 200 -
2026-08-10 23:53:13,768 [INFO] werkzeug: 127.0.0.1 - - [10/Aug/2026 23:53:13] "GET /api/records HTTP/1.1" 200 -
2026-08-10 23:53:14,151 [INFO] werkzeug: 127.0.0.1 - - [10/Aug/2026 23:53:14] "GET /api/logs HTTP/1.1" 200 -
2026-08-10 23:53:15,140 [INFO] werkzeug: 127.0.0.1 - - [10/Aug/2026 23:53:15] "GET /api/logs HTTP/1.1" 200 -
2026-08-10 23:53:15,561 [INFO] werkzeug: 127.0.0.1 - - [10/Aug/2026 23:53:15] "GET /api/status HTTP/1.1" 200 -
2026-08-10 23:53:16,624 [INFO] werkzeug: 127.0.0.1 - - [10/Aug/2026 23:53:16] "GET /api/logs HTTP/1.1" 200 -
2026-08-10 23:53:16,981 [INFO] werkzeug: 127.0.0.1 - - [10/Aug/2026 23:53:16] "GET /api/status HTTP/1.1" 200 -
2026-08-10 23:53:17,339 [INFO] werkzeug: 127.0.0.1 - - [10/Aug/2026 23:53:17] "GET /api/records HTTP/1.1" 200 -
2026-08-10 23:53:17,903 [INFO] werkzeug: 127.0.0.1 - - [10/Aug/2026 23:53:17] "GET /api/logs HTTP/1.1" 200 -
2026-08-10 23:53:20,188 [INFO] werkzeug: 127.0.0.1 - - [10/Aug/2026 23:53:20] "GET /api/logs HTTP/1.1" 200 -
2026-08-10 23:53:20,330 [INFO] werkzeug: 127.0.0.1 - - [10/Aug/2026 23:53:20] "GET /api/status HTTP/1.1" 200 -
2026-08-10 23:53:21,271 [INFO] werkzeug: 127.0.0.1 - - [10/Aug/2026 23:53:21] "GET /api/logs HTTP/1.1" 200 -
2026-08-10 23:53:21,737 [INFO] werkzeug: 127.0.0.1 - - [10/Aug/2026 23:53:21] "GET /api/records HTTP/1.1" 200 -
2026-08-10 23:53:21,855 [INFO] werkzeug: 127.0.0.1 - - [10/Aug/2026 23:53:21] "GET /api/status HTTP/1.1" 200 -
2026-08-10 23:53:22,633 [INFO] werkzeug: 127.0.0.1 - - [10/Aug/2026 23:53:22] "GET /api/logs HTTP/1.1" 200 -
2026-08-10 23:53:23,464 [INFO] werkzeug: 127.0.0.1 - - [10/Aug/2026 23:53:23] "GET /api/status HTTP/1.1" 200 -
2026-08-10 23:53:24,386 [INFO] werkzeug: 127.0.0.1 - - [10/Aug/2026 23:53:24] "GET /api/logs HTTP/1.1" 200 -
2026-08-10 23:53:25,206 [INFO] werkzeug: 127.0.0.1 - - [10/Aug/2026 23:53:25] "GET /api/logs HTTP/1.1" 200 -
2026-08-10 23:53:25,427 [INFO] werkzeug: 127.0.0.1 - - [10/Aug/2026 23:53:25] "GET /api/status HTTP/1.1" 200 -
2026-08-10 23:53:25,549 [INFO] werkzeug: 127.0.0.1 - - [10/Aug/2026 23:53:25] "GET /api/records HTTP/1.1" 200 -
2026-08-10 23:53:27,337 [INFO] werkzeug: 127.0.0.1 - - [10/Aug/2026 23:53:27] "GET /api/status HTTP/1.1" 200 -
2026-08-10 23:53:28,452 [INFO] werkzeug: 127.0.0.1 - - [10/Aug/2026 23:53:28] "GET /api/logs HTTP/1.1" 200 -
2026-08-10 23:53:36,370 [INFO] werkzeug: 127.0.0.1 - - [10/Aug/2026 23:53:36] "GET /api/status HTTP/1.1" 200 -
2026-08-10 23:53:36,843 [INFO] werkzeug: 127.0.0.1 - - [10/Aug/2026 23:53:36] "GET /api/status HTTP/1.1" 200 -
2026-08-10 23:53:37,314 [INFO] werkzeug: 127.0.0.1 - - [10/Aug/2026 23:53:37] "GET /api/records HTTP/1.1" 200 -
2026-08-10 23:53:37,505 [INFO] werkzeug: 127.0.0.1 - - [10/Aug/2026 23:53:37] "GET /api/logs HTTP/1.1" 200 -
2026-08-10 23:53:37,844 [INFO] werkzeug: 127.0.0.1 - - [10/Aug/2026 23:53:37] "GET /api/status HTTP/1.1" 200 -
2026-08-10 23:53:38,464 [INFO] werkzeug: 127.0.0.1 - - [10/Aug/2026 23:53:38] "GET /api/records HTTP/1.1" 200 -
2026-08-10 23:53:38,617 [INFO] werkzeug: 127.0.0.1 - - [10/Aug/2026 23:53:38] "GET /api/logs HTTP/1.1" 200 -
2026-08-10 23:53:39,422 [INFO] werkzeug: 127.0.0.1 - - [10/Aug/2026 23:53:39] "GET /api/logs HTTP/1.1" 200 -
2026-08-10 23:53:42,121 [INFO] werkzeug: 127.0.0.1 - - [10/Aug/2026 23:53:42] "GET /api/status HTTP/1.1" 200 -
2026-08-10 23:53:42,280 [INFO] werkzeug: 127.0.0.1 - - [10/Aug/2026 23:53:42] "GET /api/logs HTTP/1.1" 200 -
2026-08-10 23:53:42,450 [INFO] werkzeug: 127.0.0.1 - - [10/Aug/2026 23:53:42] "GET /api/records HTTP/1.1" 200 -
2026-08-10 23:53:43,305 [INFO] werkzeug: 127.0.0.1 - - [10/Aug/2026 23:53:43] "GET /api/status HTTP/1.1" 200 -
2026-08-10 23:53:43,671 [INFO] werkzeug: 127.0.0.1 - - [10/Aug/2026 23:53:43] "GET /api/logs HTTP/1.1" 200 -
2026-08-10 23:53:49,337 [INFO] werkzeug: 127.0.0.1 - - [10/Aug/2026 23:53:49] "GET /api/status HTTP/1.1" 200 -
2026-08-10 23:53:50,451 [INFO] werkzeug: 127.0.0.1 - - [10/Aug/2026 23:53:50] "GET /api/logs HTTP/1.1" 200 -
2026-08-10 23:53:52,101 [INFO] werkzeug: 127.0.0.1 - - [10/Aug/2026 23:53:52] "GET /api/records HTTP/1.1" 200 -
2026-08-10 23:53:54,407 [INFO] werkzeug: 127.0.0.1 - - [10/Aug/2026 23:53:54] "GET /api/status HTTP/1.1" 200 -
2026-08-10 23:54:00,404 [INFO] werkzeug: 127.0.0.1 - - [10/Aug/2026 23:54:00] "GET /api/logs HTTP/1.1" 200 -
2026-08-10 23:54:01,415 [INFO] werkzeug: 127.0.0.1 - - [10/Aug/2026 23:54:01] "GET /api/records HTTP/1.1" 200 -
2026-08-10 23:54:01,723 [INFO] werkzeug: 127.0.0.1 - - [10/Aug/2026 23:54:01] "GET /api/status HTTP/1.1" 200 -
2026-08-10 23:54:06,810 [INFO] werkzeug: 127.0.0.1 - - [10/Aug/2026 23:54:06] "GET /api/logs HTTP/1.1" 200 -
2026-08-10 23:54:06,989 [INFO] werkzeug: 127.0.0.1 - - [10/Aug/2026 23:54:06] "GET /api/status HTTP/1.1" 200 -
2026-08-10 23:54:07,363 [INFO] werkzeug: 127.0.0.1 - - [10/Aug/2026 23:54:07] "GET /api/records HTTP/1.1" 200 -
2026-08-10 23:54:08,418 [INFO] werkzeug: 127.0.0.1 - - [10/Aug/2026 23:54:08] "GET /api/status HTTP/1.1" 200 -
2026-08-10 23:54:09,554 [INFO] werkzeug: 127.0.0.1 - - [10/Aug/2026 23:54:09] "GET /api/logs HTTP/1.1" 200 -
2026-08-10 23:54:40,267 [INFO] werkzeug: 127.0.0.1 - - [10/Aug/2026 23:54:40] "[33mGET /service-worker.js HTTP/1.1[0m" 404 -
2026-08-10 23:55:20,986 [INFO] werkzeug: 127.0.0.1 - - [10/Aug/2026 23:55:20] "GET /api/records HTTP/1.1" 200 -
2026-08-10 23:55:29,404 [INFO] werkzeug: 127.0.0.1 - - [10/Aug/2026 23:55:29] "GET /api/status HTTP/1.1" 200 -
2026-08-10 23:55:29,774 [INFO] werkzeug: 127.0.0.1 - - [10/Aug/2026 23:55:29] "GET /api/logs HTTP/1.1" 200 -
2026-08-10 23:55:29,819 [INFO] werkzeug: 127.0.0.1 - - [10/Aug/2026 23:55:29] "GET /api/records HTTP/1.1" 200 -
2026-08-10 23:56:00,718 [INFO] werkzeug: 127.0.0.1 - - [10/Aug/2026 23:56:00] "[33mGET /service-worker.js HTTP/1.1[0m" 404 -
2026-08-10 23:56:28,386 [INFO] werkzeug: 127.0.0.1 - - [10/Aug/2026 23:56:28] "GET /api/status HTTP/1.1" 200 -
2026-08-10 23:56:28,894 [INFO] werkzeug: 127.0.0.1 - - [10/Aug/2026 23:56:28] "GET /api/records HTTP/1.1" 200 -
2026-08-10 23:56:28,909 [INFO] werkzeug: 127.0.0.1 - - [10/Aug/2026 23:56:28] "GET /api/logs HTTP/1.1" 200 -
2026-08-10 23:56:59,794 [INFO] werkzeug: 127.0.0.1 - - [10/Aug/2026 23:56:59] "[33mGET /service-worker.js HTTP/1.1[0m" 404 -
2026-08-10 23:57:28,399 [INFO] werkzeug: 127.0.0.1 - - [10/Aug/2026 23:57:28] "GET /api/status HTTP/1.1" 200 -
2026-08-10 23:57:29,498 [INFO] werkzeug: 127.0.0.1 - - [10/Aug/2026 23:57:29] "GET /api/logs HTTP/1.1" 200 -
2026-08-10 23:57:29,726 [INFO] werkzeug: 127.0.0.1 - - [10/Aug/2026 23:57:29] "GET /api/records HTTP/1.1" 200 -
2026-08-10 23:57:59,433 [INFO] werkzeug: 127.0.0.1 - - [10/Aug/2026 23:57:59] "[33mGET /service-worker.js HTTP/1.1[0m" 404 -
2026-08-10 23:58:28,574 [INFO] werkzeug: 127.0.0.1 - - [10/Aug/2026 23:58:28] "GET /api/status HTTP/1.1" 200 -
2026-08-10 23:58:28,713 [INFO] werkzeug: 127.0.0.1 - - [10/Aug/2026 23:58:28] "GET /api/records HTTP/1.1" 200 -
2026-08-10 23:58:28,718 [INFO] werkzeug: 127.0.0.1 - - [10/Aug/2026 23:58:28] "GET /api/logs HTTP/1.1" 200 -
2026-08-10 23:59:00,800 [INFO] werkzeug: 127.0.0.1 - - [10/Aug/2026 23:59:00] "[33mGET /service-worker.js HTTP/1.1[0m" 404 -
2026-08-10 23:59:28,583 [INFO] werkzeug: 127.0.0.1 - - [10/Aug/2026 23:59:28] "GET /api/status HTTP/1.1" 200 -
2026-08-10 23:59:28,750 [INFO] werkzeug: 127.0.0.1 - - [10/Aug/2026 23:59:28] "GET /api/logs HTTP/1.1" 200 -
2026-08-10 23:59:28,767 [INFO] werkzeug: 127.0.0.1 - - [10/Aug/2026 23:59:28] "GET /api/records HTTP/1.1" 200 -
2026-08-10 23:59:51,945 [INFO] werkzeug: 127.0.0.1 - - [10/Aug/2026 23:59:51] "GET /api/status HTTP/1.1" 200 -
2026-08-10 23:59:52,980 [INFO] werkzeug: 127.0.0.1 - - [10/Aug/2026 23:59:52] "GET /api/logs HTTP/1.1" 200 -
2026-08-10 23:59:53,072 [INFO] werkzeug: 127.0.0.1 - - [10/Aug/2026 23:59:53] "GET /api/status HTTP/1.1" 200 -
2026-08-10 23:59:53,158 [INFO] werkzeug: 127.0.0.1 - - [10/Aug/2026 23:59:53] "GET /api/records HTTP/1.1" 200 -
2026-08-10 23:59:54,641 [INFO] werkzeug: 127.0.0.1 - - [10/Aug/2026 23:59:54] "GET /api/records HTTP/1.1" 200 -
2026-08-10 23:59:56,492 [INFO] werkzeug: 127.0.0.1 - - [10/Aug/2026 23:59:56] "GET /api/logs HTTP/1.1" 200 -
2026-08-11 00:00:21,355 [INFO] werkzeug: 127.0.0.1 - - [11/Aug/2026 00:00:21] "GET /api/status HTTP/1.1" 200 -
2026-08-11 00:00:24,611 [INFO] werkzeug: 127.0.0.1 - - [11/Aug/2026 00:00:24] "GET /api/logs HTTP/1.1" 200 -
2026-08-11 00:00:26,117 [INFO] werkzeug: 127.0.0.1 - - [11/Aug/2026 00:00:26] "GET /api/records HTTP/1.1" 200 -
2026-08-11 00:00:26,301 [INFO] werkzeug: 127.0.0.1 - - [11/Aug/2026 00:00:26] "GET /api/status HTTP/1.1" 200 -
2026-08-11 00:00:29,202 [INFO] werkzeug: 127.0.0.1 - - [11/Aug/2026 00:00:29] "GET /api/logs HTTP/1.1" 200 -
2026-08-11 00:00:31,035 [INFO] werkzeug: 127.0.0.1 - - [11/Aug/2026 00:00:31] "GET /api/records HTTP/1.1" 200 -
2026-08-11 00:00:31,247 [INFO] werkzeug: 127.0.0.1 - - [11/Aug/2026 00:00:31] "GET /api/status HTTP/1.1" 200 -
2026-08-11 00:00:32,769 [INFO] werkzeug: 127.0.0.1 - - [11/Aug/2026 00:00:32] "GET /api/logs HTTP/1.1" 200 -
2026-08-11 00:00:35,663 [INFO] werkzeug: 127.0.0.1 - - [11/Aug/2026 00:00:35] "GET /api/records HTTP/1.1" 200 -
2026-08-11 00:00:37,372 [INFO] werkzeug: 127.0.0.1 - - [11/Aug/2026 00:00:37] "GET /api/status HTTP/1.1" 200 -
2026-08-11 00:00:39,753 [INFO] werkzeug: 127.0.0.1 - - [11/Aug/2026 00:00:39] "GET /api/logs HTTP/1.1" 200 -
2026-08-11 00:00:40,154 [INFO] werkzeug: 127.0.0.1 - - [11/Aug/2026 00:00:40] "GET /api/status HTTP/1.1" 200 -
2026-08-11 00:00:40,160 [INFO] werkzeug: 127.0.0.1 - - [11/Aug/2026 00:00:40] "GET /api/records HTTP/1.1" 200 -
2026-08-11 00:00:40,617 [INFO] werkzeug: 127.0.0.1 - - [11/Aug/2026 00:00:40] "GET /api/logs HTTP/1.1" 200 -
2026-08-11 00:00:41,075 [INFO] werkzeug: 127.0.0.1 - - [11/Aug/2026 00:00:41] "GET /api/status HTTP/1.1" 200 -
2026-08-11 00:00:42,056 [INFO] werkzeug: 127.0.0.1 - - [11/Aug/2026 00:00:42] "GET /api/records HTTP/1.1" 200 -
2026-08-11 00:00:42,858 [INFO] werkzeug: 127.0.0.1 - - [11/Aug/2026 00:00:42] "GET /api/logs HTTP/1.1" 200 -
2026-08-11 00:00:43,734 [INFO] werkzeug: 127.0.0.1 - - [11/Aug/2026 00:00:43] "GET /api/status HTTP/1.1" 200 -
2026-08-11 00:00:46,105 [INFO] werkzeug: 127.0.0.1 - - [11/Aug/2026 00:00:46] "GET /api/records HTTP/1.1" 200 -
2026-08-11 00:00:47,027 [INFO] werkzeug: 127.0.0.1 - - [11/Aug/2026 00:00:47] "GET /api/logs HTTP/1.1" 200 -
2026-08-11 00:00:47,867 [INFO] werkzeug: 127.0.0.1 - - [11/Aug/2026 00:00:47] "GET /api/status HTTP/1.1" 200 -
2026-08-11 00:00:48,940 [INFO] werkzeug: 127.0.0.1 - - [11/Aug/2026 00:00:48] "GET /api/logs HTTP/1.1" 200 -
2026-08-11 00:00:49,021 [INFO] werkzeug: 127.0.0.1 - - [11/Aug/2026 00:00:49] "GET /api/status HTTP/1.1" 200 -
2026-08-11 00:00:49,464 [INFO] werkzeug: 127.0.0.1 - - [11/Aug/2026 00:00:49] "GET /api/records HTTP/1.1" 200 -
2026-08-11 00:00:49,651 [INFO] werkzeug: 127.0.0.1 - - [11/Aug/2026 00:00:49] "GET /api/logs HTTP/1.1" 200 -
2026-08-11 00:00:49,683 [INFO] werkzeug: 127.0.0.1 - - [11/Aug/2026 00:00:49] "GET /api/status HTTP/1.1" 200 -
2026-08-11 00:00:50,422 [INFO] werkzeug: 127.0.0.1 - - [11/Aug/2026 00:00:50] "GET /api/records HTTP/1.1" 200 -
2026-08-11 00:00:50,639 [INFO] werkzeug: 127.0.0.1 - - [11/Aug/2026 00:00:50] "GET /api/logs HTTP/1.1" 200 -
2026-08-11 00:00:50,763 [INFO] werkzeug: 127.0.0.1 - - [11/Aug/2026 00:00:50] "GET /api/status HTTP/1.1" 200 -
2026-08-11 00:00:51,468 [INFO] werkzeug: 127.0.0.1 - - [11/Aug/2026 00:00:51] "GET /api/logs HTTP/1.1" 200 -
2026-08-11 00:01:04,672 [INFO] werkzeug: 127.0.0.1 - - [11/Aug/2026 00:01:04] "GET /api/status HTTP/1.1" 200 -
2026-08-11 00:01:05,641 [INFO] werkzeug: 127.0.0.1 - - [11/Aug/2026 00:01:05] "GET /api/records HTTP/1.1" 200 -
2026-08-11 00:01:05,649 [INFO] werkzeug: 127.0.0.1 - - [11/Aug/2026 00:01:05] "GET /api/status HTTP/1.1" 200 -
2026-08-11 00:01:05,652 [INFO] werkzeug: 127.0.0.1 - - [11/Aug/2026 00:01:05] "GET /api/logs HTTP/1.1" 200 -
2026-08-11 00:01:07,553 [INFO] werkzeug: 127.0.0.1 - - [11/Aug/2026 00:01:07] "GET /api/records HTTP/1.1" 200 -
2026-08-11 00:01:07,769 [INFO] werkzeug: 127.0.0.1 - - [11/Aug/2026 00:01:07] "GET /api/status HTTP/1.1" 200 -
2026-08-11 00:01:07,788 [INFO] werkzeug: 127.0.0.1 - - [11/Aug/2026 00:01:07] "GET /api/logs HTTP/1.1" 200 -
2026-08-11 00:01:08,705 [INFO] werkzeug: 127.0.0.1 - - [11/Aug/2026 00:01:08] "GET /api/logs HTTP/1.1" 200 -
2026-08-11 00:01:09,895 [INFO] werkzeug: 127.0.0.1 - - [11/Aug/2026 00:01:09] "GET /api/status HTTP/1.1" 200 -
2026-08-11 00:01:10,618 [INFO] werkzeug: 127.0.0.1 - - [11/Aug/2026 00:01:10] "GET /api/logs HTTP/1.1" 200 -
2026-08-11 00:01:10,667 [INFO] werkzeug: 127.0.0.1 - - [11/Aug/2026 00:01:10] "GET /api/records HTTP/1.1" 200 -
2026-08-11 00:01:11,689 [INFO] werkzeug: 127.0.0.1 - - [11/Aug/2026 00:01:11] "GET /api/status HTTP/1.1" 200 -
2026-08-11 00:01:12,945 [INFO] werkzeug: 127.0.0.1 - - [11/Aug/2026 00:01:12] "GET /api/logs HTTP/1.1" 200 -
2026-08-11 00:01:13,522 [INFO] werkzeug: 127.0.0.1 - - [11/Aug/2026 00:01:13] "GET /api/status HTTP/1.1" 200 -
2026-08-11 00:01:14,050 [INFO] werkzeug: 127.0.0.1 - - [11/Aug/2026 00:01:14] "GET /api/logs HTTP/1.1" 200 -
2026-08-11 00:01:14,336 [INFO] werkzeug: 127.0.0.1 - - [11/Aug/2026 00:01:14] "GET /api/records HTTP/1.1" 200 -
2026-08-11 00:01:15,633 [INFO] werkzeug: 127.0.0.1 - - [11/Aug/2026 00:01:15] "GET /api/status HTTP/1.1" 200 -
2026-08-11 00:01:16,219 [INFO] werkzeug: 127.0.0.1 - - [11/Aug/2026 00:01:16] "GET /api/logs HTTP/1.1" 200 -
2026-08-11 00:01:19,622 [INFO] werkzeug: 127.0.0.1 - - [11/Aug/2026 00:01:19] "GET /api/status HTTP/1.1" 200 -
2026-08-11 00:01:19,776 [INFO] werkzeug: 127.0.0.1 - - [11/Aug/2026 00:01:19] "GET /api/logs HTTP/1.1" 200 -
2026-08-11 00:01:19,927 [INFO] werkzeug: 127.0.0.1 - - [11/Aug/2026 00:01:19] "GET /api/records HTTP/1.1" 200 -
2026-08-11 00:01:21,222 [INFO] werkzeug: 127.0.0.1 - - [11/Aug/2026 00:01:21] "GET /api/status HTTP/1.1" 200 -
2026-08-11 00:01:22,201 [INFO] werkzeug: 127.0.0.1 - - [11/Aug/2026 00:01:22] "GET /api/logs HTTP/1.1" 200 -
2026-08-11 00:01:22,382 [INFO] werkzeug: 127.0.0.1 - - [11/Aug/2026 00:01:22] "GET /api/records HTTP/1.1" 200 -
2026-08-11 00:01:23,838 [INFO] werkzeug: 127.0.0.1 - - [11/Aug/2026 00:01:23] "GET /api/status HTTP/1.1" 200 -
2026-08-11 00:01:24,711 [INFO] werkzeug: 127.0.0.1 - - [11/Aug/2026 00:01:24] "GET /api/logs HTTP/1.1" 200 -
2026-08-11 00:01:25,564 [INFO] werkzeug: 127.0.0.1 - - [11/Aug/2026 00:01:25] "GET /api/status HTTP/1.1" 200 -
2026-08-11 00:01:26,125 [INFO] werkzeug: 127.0.0.1 - - [11/Aug/2026 00:01:26] "GET /api/logs HTTP/1.1" 200 -
2026-08-11 00:01:26,464 [INFO] werkzeug: 127.0.0.1 - - [11/Aug/2026 00:01:26] "GET /api/records HTTP/1.1" 200 -
2026-08-11 18:59:55,530 [INFO] werkzeug: [31m[1mWARNING: This is a development server. Do not use it in a production deployment. Use a production WSGI server instead.[0m
 * Running on http://127.0.0.1:5000
2026-08-11 18:59:55,531 [INFO] werkzeug: [33mPress CTRL+C to quit[0m
2026-08-11 18:59:55,534 [INFO] werkzeug:  * Restarting with stat
2026-08-11 19:00:01,655 [WARNING] werkzeug:  * Debugger is active!
2026-08-11 19:00:01,670 [INFO] werkzeug:  * Debugger PIN: 794-833-364
2026-08-11 19:00:09,772 [INFO] Orchestrator: Starting Airline Passenger Automation process in mode: flight_only...
2026-08-11 19:00:09,772 [INFO] Orchestrator: Loading input file: Etihad passenger details 9th Aug.xlsx
2026-08-11 19:00:11,634 [INFO] Orchestrator: Loaded columns: ['nan', 'Last Name', 'PNR']
2026-08-11 19:00:11,635 [INFO] Orchestrator: Mapping columns: PNR -> 'PNR', Last Name -> 'Last Name'
2026-08-11 19:00:11,642 [INFO] Orchestrator: --- Processing Passenger 1/4: PNR 9W4PEY, Last Name: HUMEAU MOUSSET ---
2026-08-11 19:00:11,643 [INFO] src.etihad_scraper: Starting Playwright browser for Etihad Scraper...
2026-08-11 19:00:25,315 [INFO] src.etihad_scraper: Accessing booking for PNR: 9W4PEY, Last Name: HUMEAU MOUSSET
2026-08-11 19:01:09,611 [INFO] src.etihad_scraper: Successfully accessed booking for PNR: 9W4PEY
2026-08-11 19:01:09,946 [INFO] src.etihad_scraper: Extracted passenger details: {'passenger_name': 'Passenger Name', 'flight_number': 'Flight Info'}
2026-08-11 19:01:18,721 [INFO] src.etihad_scraper: Etihad Scraper stopped.
2026-08-11 19:01:18,806 [INFO] root: Successfully saved data to Etihad passenger details 9th Aug_Processed.xlsx
2026-08-11 19:01:18,806 [INFO] Orchestrator: --- Processing Passenger 2/4: PNR DSSP38, Last Name: JUDES ---
2026-08-11 19:01:18,807 [INFO] src.etihad_scraper: Starting Playwright browser for Etihad Scraper...
2026-08-11 19:01:22,723 [INFO] src.etihad_scraper: Accessing booking for PNR: DSSP38, Last Name: JUDES
2026-08-11 19:02:26,858 [WARNING] src.etihad_scraper: Failed to access booking for PNR: DSSP38 (Timeout waiting for details to load)
2026-08-11 19:02:33,459 [INFO] src.etihad_scraper: Etihad Scraper stopped.
2026-08-11 19:02:33,461 [INFO] Orchestrator: --- Processing Passenger 3/4: PNR 9W4PFY, Last Name: MOUSSET ---
2026-08-11 19:02:33,461 [INFO] src.etihad_scraper: Starting Playwright browser for Etihad Scraper...
2026-08-11 19:02:37,558 [INFO] src.etihad_scraper: Accessing booking for PNR: 9W4PFY, Last Name: MOUSSET
2026-08-11 19:03:02,938 [ERROR] src.etihad_scraper: Error accessing booking 9W4PFY: Locator.wait_for: Timeout 15000ms exceeded.
Call log:
  - waiting for locator("[placeholder*='Trip reference'], [placeholder*='reference or ticket number'], input[name='bookingReference']").first to be visible

2026-08-11 19:03:03,670 [INFO] src.etihad_scraper: Saved error screenshot to etihad_error.png
2026-08-11 19:03:08,494 [INFO] src.etihad_scraper: Etihad Scraper stopped.
2026-08-11 19:03:08,497 [INFO] Orchestrator: --- Processing Passenger 4/4: PNR Y8D57L, Last Name: PRATT ---
2026-08-11 19:03:08,498 [INFO] src.etihad_scraper: Starting Playwright browser for Etihad Scraper...
2026-08-11 19:03:12,663 [INFO] src.etihad_scraper: Accessing booking for PNR: Y8D57L, Last Name: PRATT
2026-08-11 19:04:02,418 [INFO] src.etihad_scraper: Successfully accessed booking for PNR: Y8D57L
2026-08-11 19:04:05,275 [INFO] src.etihad_scraper: Extracted passenger details: {'passenger_name': 'Mr Wayne Pratt', 'flight_number': 'Sydney to Dublin'}
2026-08-11 19:04:15,250 [INFO] src.etihad_scraper: Etihad Scraper stopped.
2026-08-11 19:04:15,301 [INFO] root: Successfully saved data to Etihad passenger details 9th Aug_Processed.xlsx
2026-08-11 19:04:15,302 [INFO] src.etihad_scraper: Etihad Scraper stopped.
2026-08-11 19:04:15,302 [INFO] src.saudia_signup: Saudia Sign-up Manager stopped.
2026-08-11 19:04:15,383 [INFO] root: Successfully saved data to Etihad passenger details 9th Aug_Processed.xlsx
2026-08-11 19:04:15,384 [INFO] Orchestrator: Automation workflow completed.
2026-08-11 19:05:52,850 [INFO] werkzeug:  * Detected change in 'D:\\etihad airways\\src\\etihad_scraper.py', reloading
2026-08-11 19:05:53,317 [INFO] werkzeug:  * Restarting with stat
2026-08-11 19:05:58,973 [WARNING] werkzeug:  * Debugger is active!
2026-08-11 19:05:58,984 [INFO] werkzeug:  * Debugger PIN: 794-833-364
2026-08-11 19:06:19,039 [INFO] werkzeug:  * Detected change in 'D:\\etihad airways\\main.py', reloading
2026-08-11 19:06:19,541 [INFO] werkzeug:  * Restarting with stat
2026-08-11 19:06:26,728 [WARNING] werkzeug:  * Debugger is active!
2026-08-11 19:06:26,737 [INFO] werkzeug:  * Debugger PIN: 794-833-364
2026-08-11 19:06:31,960 [INFO] Orchestrator: Starting Airline Passenger Automation process in mode: flight_only...
2026-08-11 19:06:31,961 [INFO] Orchestrator: Loading input file: Etihad passenger details 9th Aug.xlsx
2026-08-11 19:06:34,212 [INFO] Orchestrator: Loaded columns: ['nan', 'Last Name', 'PNR']
2026-08-11 19:06:34,213 [INFO] Orchestrator: Mapping columns: PNR -> 'PNR', Last Name -> 'Last Name'
2026-08-11 19:06:34,219 [INFO] Orchestrator: --- Processing Passenger 1/4: PNR 9W4PEY, Last Name: HUMEAU MOUSSET ---
2026-08-11 19:06:34,219 [INFO] src.etihad_scraper: Starting Playwright browser for Etihad Scraper...
2026-08-11 19:06:39,938 [INFO] src.etihad_scraper: Accessing booking for PNR: 9W4PEY, Last Name: HUMEAU MOUSSET
2026-08-11 19:07:29,451 [INFO] src.etihad_scraper: Successfully accessed booking for PNR: 9W4PEY
2026-08-11 19:07:30,167 [INFO] src.etihad_scraper: Extracted details for HUMEAU MOUSSET: {'passenger_name': 'Passenger HUMEAU MOUSSET', 'flight_number': 'Flight Info'}
2026-08-11 19:07:41,292 [INFO] src.etihad_scraper: Etihad Scraper stopped.
2026-08-11 19:07:41,385 [INFO] root: Successfully saved data to Etihad passenger details 9th Aug_Processed.xlsx
2026-08-11 19:07:41,386 [INFO] Orchestrator: --- Processing Passenger 2/4: PNR DSSP38, Last Name: JUDES ---
2026-08-11 19:07:41,386 [INFO] src.etihad_scraper: Starting Playwright browser for Etihad Scraper...
2026-08-11 19:07:45,676 [INFO] src.etihad_scraper: Accessing booking for PNR: DSSP38, Last Name: JUDES
2026-08-11 19:08:28,261 [INFO] src.etihad_scraper: Successfully accessed booking for PNR: DSSP38
2026-08-11 19:08:37,437 [INFO] src.etihad_scraper: Extracted details for JUDES: {'passenger_name': 'Ruthms Judes', 'flight_number': 'Sydney to Tel Aviv'}
2026-08-11 19:08:44,295 [INFO] src.etihad_scraper: Etihad Scraper stopped.
2026-08-11 19:08:44,401 [INFO] root: Successfully saved data to Etihad passenger details 9th Aug_Processed.xlsx
2026-08-11 19:08:44,402 [INFO] Orchestrator: --- Processing Passenger 3/4: PNR 9W4PFY, Last Name: MOUSSET ---
2026-08-11 19:08:44,405 [INFO] src.etihad_scraper: Starting Playwright browser for Etihad Scraper...
2026-08-11 19:08:48,838 [INFO] src.etihad_scraper: Accessing booking for PNR: 9W4PFY, Last Name: MOUSSET
2026-08-11 19:09:39,656 [WARNING] src.etihad_scraper: Failed to access booking for PNR: 9W4PFY (Timeout waiting for details to load)
2026-08-11 19:09:54,645 [INFO] src.etihad_scraper: Etihad Scraper stopped.
2026-08-11 19:09:54,648 [INFO] Orchestrator: --- Processing Passenger 4/4: PNR Y8D57L, Last Name: PRATT ---
2026-08-11 19:09:54,649 [INFO] src.etihad_scraper: Starting Playwright browser for Etihad Scraper...
2026-08-11 19:10:00,670 [INFO] src.etihad_scraper: Accessing booking for PNR: Y8D57L, Last Name: PRATT
2026-08-11 19:10:36,805 [INFO] src.etihad_scraper: Successfully accessed booking for PNR: Y8D57L
2026-08-11 19:10:43,246 [INFO] src.etihad_scraper: Extracted details for PRATT: {'passenger_name': 'Mr Wayne Pratt', 'flight_number': 'Sydney to Dublin'}
2026-08-11 19:11:15,612 [INFO] src.etihad_scraper: Etihad Scraper stopped.
2026-08-11 19:11:15,659 [INFO] root: Successfully saved data to Etihad passenger details 9th Aug_Processed.xlsx
2026-08-11 19:11:15,659 [INFO] src.etihad_scraper: Etihad Scraper stopped.
2026-08-11 19:11:15,659 [INFO] src.saudia_signup: Saudia Sign-up Manager stopped.
2026-08-11 19:11:15,713 [INFO] root: Successfully saved data to Etihad passenger details 9th Aug_Processed.xlsx
2026-08-11 19:11:15,714 [INFO] Orchestrator: Automation workflow completed.
2026-08-11 19:23:48,001 [INFO] werkzeug:  * Detected change in 'D:\\etihad airways\\src\\etihad_scraper.py', reloading
2026-08-11 19:23:48,649 [INFO] werkzeug:  * Restarting with stat
2026-08-11 19:23:58,945 [WARNING] werkzeug:  * Debugger is active!
2026-08-11 19:23:58,960 [INFO] werkzeug:  * Debugger PIN: 794-833-364
2026-08-11 19:24:04,935 [INFO] Orchestrator: Starting Airline Passenger Automation process in mode: flight_only...
2026-08-11 19:24:04,936 [INFO] Orchestrator: Loading input file: Etihad passenger details 9th Aug.xlsx
2026-08-11 19:24:06,751 [INFO] Orchestrator: Loaded columns: ['nan', 'Last Name', 'PNR']
2026-08-11 19:24:06,752 [INFO] Orchestrator: Mapping columns: PNR -> 'PNR', Last Name -> 'Last Name'
2026-08-11 19:24:06,759 [INFO] Orchestrator: --- Processing Passenger 1/4: PNR 9W4PEY, Last Name: HUMEAU MOUSSET ---
2026-08-11 19:24:06,759 [INFO] src.etihad_scraper: Starting Playwright browser for Etihad Scraper...
2026-08-11 19:24:15,692 [INFO] src.etihad_scraper: Accessing booking for PNR: 9W4PEY, Last Name: HUMEAU MOUSSET
2026-08-11 19:25:17,014 [INFO] src.etihad_scraper: Successfully accessed booking for PNR: 9W4PEY
2026-08-11 19:25:17,951 [INFO] src.etihad_scraper: Extracted details for HUMEAU MOUSSET: {'passenger_name': 'Passenger HUMEAU MOUSSET', 'flight_number': 'Flight Info'}
2026-08-11 19:26:05,369 [INFO] src.etihad_scraper: Etihad Scraper stopped.
2026-08-11 19:26:05,583 [INFO] root: Successfully saved data to Etihad passenger details 9th Aug_Processed.xlsx
2026-08-11 19:26:05,584 [INFO] Orchestrator: --- Processing Passenger 2/4: PNR DSSP38, Last Name: JUDES ---
2026-08-11 19:26:05,584 [INFO] src.etihad_scraper: Starting Playwright browser for Etihad Scraper...
2026-08-11 19:26:13,221 [INFO] src.etihad_scraper: Accessing booking for PNR: DSSP38, Last Name: JUDES
2026-08-11 19:26:48,406 [INFO] src.etihad_scraper: Successfully accessed booking for PNR: DSSP38
2026-08-11 19:26:51,556 [INFO] src.etihad_scraper: Checking frequent flyer info inside card text for JUDES: 'Adult\n\nRuthms Judes'
2026-08-11 19:27:08,291 [INFO] src.etihad_scraper: Extracted details for JUDES: {'passenger_name': 'Ruthms Judes', 'flight_number': 'Sydney to Tel Aviv'}
2026-08-11 19:27:53,611 [INFO] src.etihad_scraper: Etihad Scraper stopped.
2026-08-11 19:27:53,655 [INFO] root: Successfully saved data to Etihad passenger details 9th Aug_Processed.xlsx
2026-08-11 19:27:53,655 [INFO] Orchestrator: --- Processing Passenger 3/4: PNR 9W4PFY, Last Name: MOUSSET ---
2026-08-11 19:27:53,656 [INFO] src.etihad_scraper: Starting Playwright browser for Etihad Scraper...
2026-08-11 19:28:02,380 [INFO] src.etihad_scraper: Accessing booking for PNR: 9W4PFY, Last Name: MOUSSET
2026-08-11 19:29:03,582 [INFO] src.etihad_scraper: Successfully accessed booking for PNR: 9W4PFY
2026-08-11 19:29:07,356 [INFO] src.etihad_scraper: Checking frequent flyer info inside card text for MOUSSET: 'Adult\n\nMiss Karelle Humeau Mousset'
2026-08-11 19:29:11,955 [INFO] src.etihad_scraper: Extracted details for MOUSSET: {'passenger_name': 'Miss Karelle Humeau Mousset', 'flight_number': 'Sydney to Paris'}
2026-08-11 19:29:54,835 [INFO] src.etihad_scraper: Etihad Scraper stopped.
2026-08-11 19:29:55,124 [INFO] root: Successfully saved data to Etihad passenger details 9th Aug_Processed.xlsx
2026-08-11 19:29:55,124 [INFO] Orchestrator: --- Processing Passenger 4/4: PNR Y8D57L, Last Name: PRATT ---
2026-08-11 19:29:55,125 [INFO] src.etihad_scraper: Starting Playwright browser for Etihad Scraper...
2026-08-11 19:30:05,943 [INFO] src.etihad_scraper: Accessing booking for PNR: Y8D57L, Last Name: PRATT
2026-08-11 19:31:04,170 [INFO] src.etihad_scraper: Successfully accessed booking for PNR: Y8D57L
2026-08-11 19:31:08,331 [INFO] src.etihad_scraper: Checking frequent flyer info inside card text for PRATT: 'Adult\n\nMr Wayne Pratt'
2026-08-11 19:31:18,962 [INFO] src.etihad_scraper: Extracted details for PRATT: {'passenger_name': 'Mr Wayne Pratt', 'flight_number': 'Sydney to Dublin'}
2026-08-11 19:31:36,615 [INFO] werkzeug:  * Detected change in 'D:\\etihad airways\\src\\etihad_scraper.py', reloading
2026-08-11 19:31:37,045 [INFO] werkzeug:  * Restarting with stat
2026-08-11 19:31:40,372 [INFO] src.etihad_scraper: Etihad Scraper stopped.
2026-08-11 19:31:40,420 [INFO] root: Successfully saved data to Etihad passenger details 9th Aug_Processed.xlsx
2026-08-11 19:31:40,420 [INFO] src.etihad_scraper: Etihad Scraper stopped.
2026-08-11 19:31:40,420 [INFO] src.saudia_signup: Saudia Sign-up Manager stopped.
2026-08-11 19:31:40,478 [INFO] root: Successfully saved data to Etihad passenger details 9th Aug_Processed.xlsx
2026-08-11 19:31:40,479 [INFO] Orchestrator: Automation workflow completed.
2026-08-11 19:31:45,787 [WARNING] werkzeug:  * Debugger is active!
2026-08-11 19:31:45,798 [INFO] werkzeug:  * Debugger PIN: 794-833-364
2026-08-11 19:31:53,129 [INFO] Orchestrator: Starting Airline Passenger Automation process in mode: flight_only...
2026-08-11 19:31:53,130 [INFO] Orchestrator: Loading input file: Etihad passenger details 9th Aug.xlsx
2026-08-11 19:31:54,485 [INFO] Orchestrator: Loaded columns: ['nan', 'Last Name', 'PNR']
2026-08-11 19:31:54,486 [INFO] Orchestrator: Mapping columns: PNR -> 'PNR', Last Name -> 'Last Name'
2026-08-11 19:31:54,493 [INFO] Orchestrator: --- Processing Passenger 1/4: PNR 9W4PEY, Last Name: HUMEAU MOUSSET ---
2026-08-11 19:31:54,494 [INFO] src.etihad_scraper: Starting Playwright browser for Etihad Scraper...
2026-08-11 19:31:58,390 [ERROR] Orchestrator: Critical error during run: Browser.new_context: Target page, context or browser has been closed
Browser logs:

<launching> C:\Users\IC\AppData\Local\ms-playwright\chromium-1234\chrome-win64\chrome.exe --disable-field-trial-config --disable-background-networking --disable-background-timer-throttling --disable-backgrounding-occluded-windows --disable-back-forward-cache --disable-breakpad --disable-client-side-phishing-detection --disable-component-extensions-with-background-pages --disable-component-update --no-default-browser-check --disable-default-apps --disable-dev-shm-usage --disable-edgeupdater --disable-extensions --disable-features=AvoidUnnecessaryBeforeUnloadCheckSync,BoundaryEventDispatchTracksNodeRemoval,DestroyProfileOnBrowserClose,DialMediaRouteProvider,GlobalMediaControls,HttpsUpgrades,LensOverlay,MediaRouter,PaintHolding,ThirdPartyStoragePartitioning,BlockOriginHeaderModificationOnRedirect,Translate,AutoDeElevate,OptimizationHints,msForceBrowserSignIn,msEdgeUpdateLaunchServicesPreferredVersion --enable-features=CDPScreenshotNewSurface --allow-pre-commit-input --disable-hang-monitor --disable-ipc-flooding-protection --disable-popup-blocking --disable-prompt-on-repost --disable-renderer-backgrounding --disable-updater-scheduler --force-color-profile=srgb --metrics-recording-only --no-first-run --password-store=basic --use-mock-keychain --no-service-autorun --export-tagged-pdf --disable-search-engine-choice-screen --unsafely-disable-devtools-self-xss-warnings --edge-skip-compat-layer-relaunch --disable-infobars --disable-search-engine-choice-screen --disable-sync --enable-unsafe-swiftshader --no-sandbox --disable-http2 --user-data-dir=C:\Users\IC\AppData\Local\Temp\playwright_chromiumdev_profile-DZZ6rn --remote-debugging-pipe --no-startup-window
<launched> pid=2024
[pid=2024] <gracefully close start>
Traceback (most recent call last):
  File "D:\etihad airways\main.py", line 110, in run_automation
    etihad.start()
    ~~~~~~~~~~~~^^
  File "D:\etihad airways\src\etihad_scraper.py", line 21, in start
    self.context = self.browser.new_context(
                   ~~~~~~~~~~~~~~~~~~~~~~~~^
        user_agent="Mozilla/5.0 (Windows NT 10.0; Win64; x64) AppleWebKit/537.36 (KHTML, like Gecko) Chrome/120.0.0.0 Safari/537.36"
        ^^^^^^^^^^^^^^^^^^^^^^^^^^^^^^^^^^^^^^^^^^^^^^^^^^^^^^^^^^^^^^^^^^^^^^^^^^^^^^^^^^^^^^^^^^^^^^^^^^^^^^^^^^^^^^^^^^^^^^^^^^^^
    )
    ^
  File "C:\Users\IC\AppData\Local\Python\pythoncore-3.14-64\Lib\site-packages\playwright\sync_api\_generated.py", line 16125, in new_context
    self._sync(
    ~~~~~~~~~~^
        self._impl_obj.new_context(
        ^^^^^^^^^^^^^^^^^^^^^^^^^^^
    ...<36 lines>...
        )
        ^
    )
    ^
  File "C:\Users\IC\AppData\Local\Python\pythoncore-3.14-64\Lib\site-packages\playwright\_impl\_sync_base.py", line 115, in _sync
    return task.result()
           ~~~~~~~~~~~^^
  File "C:\Users\IC\AppData\Local\Python\pythoncore-3.14-64\Lib\site-packages\playwright\_impl\_browser.py", line 174, in new_context
    channel = await self._channel.send("newContext", None, params)
              ^^^^^^^^^^^^^^^^^^^^^^^^^^^^^^^^^^^^^^^^^^^^^^^^^^^^
  File "C:\Users\IC\AppData\Local\Python\pythoncore-3.14-64\Lib\site-packages\playwright\_impl\_connection.py", line 76, in send
    return await self._connection.wrap_api_call(
           ^^^^^^^^^^^^^^^^^^^^^^^^^^^^^^^^^^^^^
    ...<3 lines>...
    )
    ^
  File "C:\Users\IC\AppData\Local\Python\pythoncore-3.14-64\Lib\site-packages\playwright\_impl\_connection.py", line 632, in wrap_api_call
    raise rewrite_error(error, f"{parsed_st['apiName']}: {error}") from None
playwright._impl._errors.TargetClosedError: Browser.new_context: Target page, context or browser has been closed
Browser logs:

<launching> C:\Users\IC\AppData\Local\ms-playwright\chromium-1234\chrome-win64\chrome.exe --disable-field-trial-config --disable-background-networking --disable-background-timer-throttling --disable-backgrounding-occluded-windows --disable-back-forward-cache --disable-breakpad --disable-client-side-phishing-detection --disable-component-extensions-with-background-pages --disable-component-update --no-default-browser-check --disable-default-apps --disable-dev-shm-usage --disable-edgeupdater --disable-extensions --disable-features=AvoidUnnecessaryBeforeUnloadCheckSync,BoundaryEventDispatchTracksNodeRemoval,DestroyProfileOnBrowserClose,DialMediaRouteProvider,GlobalMediaControls,HttpsUpgrades,LensOverlay,MediaRouter,PaintHolding,ThirdPartyStoragePartitioning,BlockOriginHeaderModificationOnRedirect,Translate,AutoDeElevate,OptimizationHints,msForceBrowserSignIn,msEdgeUpdateLaunchServicesPreferredVersion --enable-features=CDPScreenshotNewSurface --allow-pre-commit-input --disable-hang-monitor --disable-ipc-flooding-protection --disable-popup-blocking --disable-prompt-on-repost --disable-renderer-backgrounding --disable-updater-scheduler --force-color-profile=srgb --metrics-recording-only --no-first-run --password-store=basic --use-mock-keychain --no-service-autorun --export-tagged-pdf --disable-search-engine-choice-screen --unsafely-disable-devtools-self-xss-warnings --edge-skip-compat-layer-relaunch --disable-infobars --disable-search-engine-choice-screen --disable-sync --enable-unsafe-swiftshader --no-sandbox --disable-http2 --user-data-dir=C:\Users\IC\AppData\Local\Temp\playwright_chromiumdev_profile-DZZ6rn --remote-debugging-pipe --no-startup-window
<launched> pid=2024
[pid=2024] <gracefully close start>
2026-08-11 19:51:44,811 [INFO] werkzeug: [31m[1mWARNING: This is a development server. Do not use it in a production deployment. Use a production WSGI server instead.[0m
 * Running on http://127.0.0.1:5000
2026-08-11 19:51:44,813 [INFO] werkzeug: [33mPress CTRL+C to quit[0m
2026-08-11 19:51:44,826 [INFO] werkzeug:  * Restarting with stat
2026-08-11 19:51:51,873 [WARNING] werkzeug:  * Debugger is active!
2026-08-11 19:51:51,882 [INFO] werkzeug:  * Debugger PIN: 794-833-364
2026-08-11 19:52:36,725 [INFO] werkzeug:  * Detected change in 'D:\\etihad airways\\main.py', reloading
2026-08-11 19:52:37,318 [INFO] werkzeug:  * Restarting with stat
2026-08-11 19:52:54,288 [WARNING] werkzeug:  * Debugger is active!
2026-08-11 19:52:54,347 [INFO] werkzeug:  * Debugger PIN: 794-833-364
2026-08-11 19:53:14,894 [INFO] werkzeug:  * Detected change in 'D:\\etihad airways\\main.py', reloading
2026-08-11 19:53:15,351 [INFO] werkzeug:  * Restarting with stat
2026-08-11 19:53:21,365 [WARNING] werkzeug:  * Debugger is active!
2026-08-11 19:53:21,375 [INFO] werkzeug:  * Debugger PIN: 794-833-364
2026-08-11 19:53:24,746 [INFO] werkzeug:  * Detected change in 'D:\\etihad airways\\src\\etihad_scraper.py', reloading
2026-08-11 19:53:25,234 [INFO] werkzeug:  * Restarting with stat
2026-08-11 19:53:31,848 [WARNING] werkzeug:  * Debugger is active!
2026-08-11 19:53:31,857 [INFO] werkzeug:  * Debugger PIN: 794-833-364
2026-08-11 19:53:36,673 [INFO] werkzeug:  * Detected change in 'D:\\etihad airways\\src\\saudia_signup.py', reloading
2026-08-11 19:53:37,077 [INFO] werkzeug:  * Restarting with stat
2026-08-11 19:53:43,110 [WARNING] werkzeug:  * Debugger is active!
2026-08-11 19:53:43,118 [INFO] werkzeug:  * Debugger PIN: 794-833-364
2026-08-11 19:53:51,568 [INFO] Orchestrator: Starting Airline Passenger Automation process in mode: flight_only...
2026-08-11 19:53:51,569 [INFO] Orchestrator: Loading input file: Etihad passenger details 9th Aug.xlsx
2026-08-11 19:53:53,020 [INFO] Orchestrator: Loaded columns: ['nan', 'Last Name', 'PNR']
2026-08-11 19:53:53,020 [INFO] Orchestrator: Mapping columns: PNR -> 'PNR', Last Name -> 'Last Name'
2026-08-11 19:53:53,027 [INFO] Orchestrator: Initializing Etihad Scraper browser session...
2026-08-11 19:53:53,027 [INFO] src.etihad_scraper: Starting Playwright browser for Etihad Scraper...
2026-08-11 19:53:57,050 [INFO] Orchestrator: --- Processing Passenger 1/4: PNR 9W4PEY, Last Name: HUMEAU MOUSSET ---
2026-08-11 19:53:57,050 [INFO] src.etihad_scraper: Accessing booking for PNR: 9W4PEY, Last Name: HUMEAU MOUSSET
2026-08-11 19:54:29,977 [INFO] src.etihad_scraper: Successfully accessed booking for PNR: 9W4PEY
2026-08-11 19:54:31,415 [INFO] src.etihad_scraper: Extracted details for HUMEAU MOUSSET: {'passenger_name': 'Passenger HUMEAU MOUSSET', 'flight_number': 'Flight Info'}
2026-08-11 19:54:31,497 [INFO] root: Successfully saved data to Etihad passenger details 9th Aug_Processed.xlsx
2026-08-11 19:54:31,498 [INFO] Orchestrator: --- Processing Passenger 2/4: PNR DSSP38, Last Name: JUDES ---
2026-08-11 19:54:31,498 [INFO] src.etihad_scraper: Accessing booking for PNR: DSSP38, Last Name: JUDES
2026-08-11 19:54:48,148 [INFO] src.etihad_scraper: Successfully accessed booking for PNR: DSSP38
2026-08-11 19:54:52,449 [INFO] src.etihad_scraper: Scanning lines below passenger JUDES: ['SAUDIA Loyalty No: 1006486472', 'Sydney to Abu Dhabi', 'Business Value', '9A']
2026-08-11 19:54:52,449 [INFO] src.etihad_scraper: Frequent flyer loyalty number found below passenger name: SAUDIA Loyalty No: 1006486472
2026-08-11 19:54:52,449 [INFO] Orchestrator: Frequent Flyer already present on Etihad for PNR DSSP38. Skipping.
2026-08-11 19:54:52,451 [INFO] Orchestrator: --- Processing Passenger 3/4: PNR 9W4PFY, Last Name: MOUSSET ---
2026-08-11 19:54:52,451 [INFO] src.etihad_scraper: Accessing booking for PNR: 9W4PFY, Last Name: MOUSSET
2026-08-11 19:55:08,779 [INFO] src.etihad_scraper: Successfully accessed booking for PNR: 9W4PFY
2026-08-11 19:55:14,011 [INFO] src.etihad_scraper: Scanning lines below passenger MOUSSET: ['SAUDIA Loyalty No: 1006489375', 'Sydney to Abu Dhabi', 'Economy Comfort', '26G']
2026-08-11 19:55:14,012 [INFO] src.etihad_scraper: Frequent flyer loyalty number found below passenger name: SAUDIA Loyalty No: 1006489375
2026-08-11 19:55:14,012 [INFO] Orchestrator: Frequent Flyer already present on Etihad for PNR 9W4PFY. Skipping.
2026-08-11 19:55:14,013 [INFO] Orchestrator: --- Processing Passenger 4/4: PNR Y8D57L, Last Name: PRATT ---
2026-08-11 19:55:14,014 [INFO] src.etihad_scraper: Accessing booking for PNR: Y8D57L, Last Name: PRATT
2026-08-11 19:55:29,626 [INFO] src.etihad_scraper: Successfully accessed booking for PNR: Y8D57L
2026-08-11 19:55:35,666 [INFO] src.etihad_scraper: Scanning lines below passenger PRATT: ['Bronze', '500116084440', 'Sydney to Abu Dhabi', 'Business Comfort']
2026-08-11 19:55:35,668 [INFO] src.etihad_scraper: Frequent flyer loyalty indicator 'Bronze' found below passenger name: Bronze
2026-08-11 19:55:35,670 [INFO] Orchestrator: Frequent Flyer already present on Etihad for PNR Y8D57L. Skipping.
2026-08-11 19:55:40,400 [INFO] src.etihad_scraper: Etihad Scraper stopped.
2026-08-11 19:55:40,400 [INFO] src.saudia_signup: Saudia Sign-up Manager stopped.
2026-08-11 19:55:40,471 [INFO] root: Successfully saved data to Etihad passenger details 9th Aug_Processed.xlsx
2026-08-11 19:55:40,473 [INFO] Orchestrator: Automation workflow completed.
2026-08-11 19:55:54,097 [INFO] Orchestrator: Starting Airline Passenger Automation process in mode: signup_only...
2026-08-11 19:55:54,097 [INFO] Orchestrator: Loading input file: Etihad passenger details 9th Aug.xlsx
2026-08-11 19:55:55,479 [INFO] Orchestrator: Loaded columns: ['nan', 'Last Name', 'PNR']
2026-08-11 19:55:55,480 [INFO] Orchestrator: Mapping columns: PNR -> 'PNR', Last Name -> 'Last Name'
2026-08-11 19:55:55,488 [INFO] Orchestrator: Initializing Saudia Signup browser session...
2026-08-11 19:55:55,488 [INFO] src.saudia_signup: Starting Playwright browser for Saudia registration...
2026-08-11 19:56:00,218 [INFO] Orchestrator: --- Processing Passenger 1/4: PNR 9W4PEY, Last Name: HUMEAU MOUSSET ---
2026-08-11 19:56:00,219 [INFO] Orchestrator: Signup Only Mode: Using passenger name: Passenger HUMEAU MOUSSET
2026-08-11 19:56:02,747 [INFO] src.temp_mail: Generated fallback temp email offline: 8k07murbhq@1secmail.com
2026-08-11 19:56:02,751 [INFO] Orchestrator: Waiting for Etihad e-ticket/confirmation mail to extract further details...
2026-08-11 19:56:02,752 [INFO] src.temp_mail: Waiting for email containing 'Etihad'...
2026-08-11 19:57:38,620 [WARNING] src.temp_mail: Timeout waiting for email containing 'Etihad'
2026-08-11 19:57:38,621 [WARNING] Orchestrator: No Etihad ticket email received in time. Proceeding with extracted UI details.
2026-08-11 19:57:38,621 [INFO] src.saudia_signup: Initiating Saudia membership creation for Passenger HUMEAU MOUSSET
2026-08-11 19:58:26,704 [ERROR] src.saudia_signup: Error during Saudia registration: Locator.fill: Timeout 45000ms exceeded.
Call log:
  - waiting for locator("input[name='firstName'], input#firstName")
    - waiting for "https://alfursan.saudia.com/en" navigation to finish...
    - navigated to "https://alfursan.saudia.com/en"

2026-08-11 19:58:26,770 [INFO] root: Successfully saved data to Etihad passenger details 9th Aug_Processed.xlsx
2026-08-11 19:58:26,771 [INFO] Orchestrator: --- Processing Passenger 2/4: PNR DSSP38, Last Name: JUDES ---
2026-08-11 19:58:26,771 [INFO] Orchestrator: Signup Only Mode: Using passenger name: Passenger JUDES
2026-08-11 19:58:29,618 [INFO] src.temp_mail: Generated fallback temp email offline: ic23627pqu@1secmail.com
2026-08-11 19:58:29,622 [INFO] Orchestrator: Waiting for Etihad e-ticket/confirmation mail to extract further details...
2026-08-11 19:58:29,622 [INFO] src.temp_mail: Waiting for email containing 'Etihad'...
2026-08-11 19:58:51,538 [INFO] werkzeug:  * Detected change in 'D:\\etihad airways\\src\\saudia_signup.py', reloading
2026-08-11 19:58:51,972 [INFO] werkzeug:  * Restarting with stat
2026-08-11 19:58:58,277 [WARNING] werkzeug:  * Debugger is active!
2026-08-11 19:58:58,288 [INFO] werkzeug:  * Debugger PIN: 794-833-364
2026-08-11 19:59:11,614 [INFO] Orchestrator: Starting Airline Passenger Automation process in mode: signup_only...
2026-08-11 19:59:11,614 [INFO] Orchestrator: Loading input file: Etihad passenger details 9th Aug.xlsx
2026-08-11 19:59:13,009 [INFO] Orchestrator: Loaded columns: ['nan', 'Last Name', 'PNR']
2026-08-11 19:59:13,009 [INFO] Orchestrator: Mapping columns: PNR -> 'PNR', Last Name -> 'Last Name'
2026-08-11 19:59:13,013 [INFO] Orchestrator: Initializing Saudia Signup browser session...
2026-08-11 19:59:13,013 [INFO] src.saudia_signup: Starting Playwright browser for Saudia registration...
2026-08-11 19:59:18,249 [INFO] Orchestrator: --- Processing Passenger 1/4: PNR 9W4PEY, Last Name: HUMEAU MOUSSET ---
2026-08-11 19:59:18,249 [INFO] Orchestrator: Signup Only Mode: Using passenger name: Passenger HUMEAU MOUSSET
2026-08-11 19:59:20,155 [INFO] src.temp_mail: Generated fallback temp email offline: 3g2d2pwfb6@1secmail.com
2026-08-11 19:59:20,158 [INFO] Orchestrator: Waiting for Etihad e-ticket/confirmation mail to extract further details...
2026-08-11 19:59:20,158 [INFO] src.temp_mail: Waiting for email containing 'Etihad'...
2026-08-11 20:00:05,911 [WARNING] src.temp_mail: Timeout waiting for email containing 'Etihad'
2026-08-11 20:00:05,912 [WARNING] Orchestrator: No Etihad ticket email received in time. Proceeding with extracted UI details.
2026-08-11 20:00:05,912 [INFO] src.saudia_signup: Initiating Saudia membership creation for Passenger JUDES
2026-08-11 20:00:53,508 [ERROR] src.saudia_signup: Error during Saudia registration: Locator.fill: Timeout 45000ms exceeded.
Call log:
  - waiting for locator("input[name='firstName'], input#firstName")

2026-08-11 20:00:53,569 [INFO] root: Successfully saved data to Etihad passenger details 9th Aug_Processed.xlsx
2026-08-11 20:00:53,570 [INFO] Orchestrator: --- Processing Passenger 3/4: PNR 9W4PFY, Last Name: MOUSSET ---
2026-08-11 20:00:53,570 [INFO] Orchestrator: Signup Only Mode: Using passenger name: Passenger MOUSSET
2026-08-11 20:00:56,481 [INFO] src.temp_mail: Generated fallback temp email offline: nouqygpa2s@1secmail.com
2026-08-11 20:00:56,485 [INFO] Orchestrator: Waiting for Etihad e-ticket/confirmation mail to extract further details...
2026-08-11 20:00:56,485 [INFO] src.temp_mail: Waiting for email containing 'Etihad'...
2026-08-11 20:00:57,495 [WARNING] src.temp_mail: Timeout waiting for email containing 'Etihad'
2026-08-11 20:00:57,496 [WARNING] Orchestrator: No Etihad ticket email received in time. Proceeding with extracted UI details.
2026-08-11 20:00:57,496 [INFO] src.saudia_signup: Initiating Saudia membership creation for Passenger HUMEAU MOUSSET
2026-08-11 20:01:00,887 [INFO] src.saudia_signup: Proceeding directly to registration form inputs...
2026-08-11 20:01:45,910 [ERROR] src.saudia_signup: Error during Saudia registration: Locator.fill: Timeout 45000ms exceeded.
Call log:
  - waiting for locator("input[name='firstName'], input#firstName")
    - waiting for "https://alfursan.saudia.com/en" navigation to finish...
    - navigated to "https://alfursan.saudia.com/en"

2026-08-11 20:01:45,960 [INFO] root: Successfully saved data to Etihad passenger details 9th Aug_Processed.xlsx
2026-08-11 20:01:45,962 [INFO] Orchestrator: --- Processing Passenger 2/4: PNR DSSP38, Last Name: JUDES ---
2026-08-11 20:01:45,962 [INFO] Orchestrator: Signup Only Mode: Using passenger name: Passenger JUDES
2026-08-11 20:01:47,962 [INFO] src.temp_mail: Generated fallback temp email offline: nseobh17tb@1secmail.com
2026-08-11 20:01:47,966 [INFO] Orchestrator: Waiting for Etihad e-ticket/confirmation mail to extract further details...
2026-08-11 20:01:47,966 [INFO] src.temp_mail: Waiting for email containing 'Etihad'...
2026-08-11 20:02:27,396 [INFO] werkzeug:  * Detected change in 'D:\\etihad airways\\src\\saudia_signup.py', reloading
2026-08-11 20:02:27,881 [INFO] werkzeug:  * Restarting with stat
2026-08-11 20:02:33,907 [WARNING] src.temp_mail: Timeout waiting for email containing 'Etihad'
2026-08-11 20:02:33,908 [WARNING] Orchestrator: No Etihad ticket email received in time. Proceeding with extracted UI details.
2026-08-11 20:02:33,908 [INFO] src.saudia_signup: Initiating Saudia membership creation for Passenger MOUSSET
2026-08-11 20:02:34,331 [WARNING] werkzeug:  * Debugger is active!
2026-08-11 20:02:34,343 [INFO] werkzeug:  * Debugger PIN: 794-833-364
2026-08-11 20:02:42,787 [INFO] Orchestrator: Starting Airline Passenger Automation process in mode: signup_only...
2026-08-11 20:02:42,790 [INFO] Orchestrator: Loading input file: Etihad passenger details 9th Aug.xlsx
2026-08-11 20:02:44,185 [INFO] Orchestrator: Loaded columns: ['nan', 'Last Name', 'PNR']
2026-08-11 20:02:44,185 [INFO] Orchestrator: Mapping columns: PNR -> 'PNR', Last Name -> 'Last Name'
2026-08-11 20:02:44,190 [INFO] Orchestrator: Initializing Saudia Signup browser session...
2026-08-11 20:02:44,190 [INFO] src.saudia_signup: Starting Playwright browser for Saudia registration...
2026-08-11 20:02:48,501 [INFO] Orchestrator: --- Processing Passenger 1/4: PNR 9W4PEY, Last Name: HUMEAU MOUSSET ---
2026-08-11 20:02:48,501 [INFO] Orchestrator: Signup Only Mode: Using passenger name: Passenger HUMEAU MOUSSET
2026-08-11 20:02:50,757 [INFO] src.temp_mail: Generated fallback temp email offline: ejqmhyo24z@1secmail.com
2026-08-11 20:02:50,760 [INFO] Orchestrator: Waiting for Etihad e-ticket/confirmation mail to extract further details...
2026-08-11 20:02:50,760 [INFO] src.temp_mail: Waiting for email containing 'Etihad'...
2026-08-11 20:03:21,175 [ERROR] src.saudia_signup: Error during Saudia registration: Locator.fill: Timeout 45000ms exceeded.
Call log:
  - waiting for locator("input[name='firstName'], input#firstName")

2026-08-11 20:03:21,214 [INFO] root: Successfully saved data to Etihad passenger details 9th Aug_Processed.xlsx
2026-08-11 20:03:21,215 [INFO] Orchestrator: --- Processing Passenger 4/4: PNR Y8D57L, Last Name: PRATT ---
2026-08-11 20:03:21,215 [INFO] Orchestrator: Signup Only Mode: Using passenger name: Passenger PRATT
2026-08-11 20:03:23,101 [INFO] src.temp_mail: Generated fallback temp email offline: gqm2bp2mqt@1secmail.com
2026-08-11 20:03:23,104 [INFO] Orchestrator: Waiting for Etihad e-ticket/confirmation mail to extract further details...
2026-08-11 20:03:23,105 [INFO] src.temp_mail: Waiting for email containing 'Etihad'...
2026-08-11 20:03:24,975 [WARNING] src.temp_mail: Timeout waiting for email containing 'Etihad'
2026-08-11 20:03:24,975 [WARNING] Orchestrator: No Etihad ticket email received in time. Proceeding with extracted UI details.
2026-08-11 20:03:24,976 [INFO] src.saudia_signup: Initiating Saudia membership creation for Passenger JUDES
2026-08-11 20:03:27,332 [INFO] src.saudia_signup: Proceeding directly to registration form inputs...
2026-08-11 20:04:12,380 [ERROR] src.saudia_signup: Error during Saudia registration: Locator.fill: Timeout 45000ms exceeded.
Call log:
  - waiting for locator("input[name='firstName'], input#firstName")

2026-08-11 20:04:12,410 [INFO] root: Successfully saved data to Etihad passenger details 9th Aug_Processed.xlsx
2026-08-11 20:04:12,410 [INFO] Orchestrator: --- Processing Passenger 3/4: PNR 9W4PFY, Last Name: MOUSSET ---
2026-08-11 20:04:12,411 [INFO] Orchestrator: Signup Only Mode: Using passenger name: Passenger MOUSSET
2026-08-11 20:04:14,369 [INFO] src.temp_mail: Generated fallback temp email offline: 1wmugni9ud@1secmail.com
2026-08-11 20:04:14,372 [INFO] Orchestrator: Waiting for Etihad e-ticket/confirmation mail to extract further details...
2026-08-11 20:04:14,372 [INFO] src.temp_mail: Waiting for email containing 'Etihad'...
2026-08-11 20:04:26,603 [WARNING] src.temp_mail: Timeout waiting for email containing 'Etihad'
2026-08-11 20:04:26,604 [WARNING] Orchestrator: No Etihad ticket email received in time. Proceeding with extracted UI details.
2026-08-11 20:04:26,604 [INFO] src.saudia_signup: Initiating Saudia membership creation for Passenger HUMEAU MOUSSET
2026-08-11 20:04:29,473 [INFO] src.saudia_signup: Proceeding directly to registration form inputs...
2026-08-11 20:04:58,813 [WARNING] src.temp_mail: Timeout waiting for email containing 'Etihad'
2026-08-11 20:04:58,813 [WARNING] Orchestrator: No Etihad ticket email received in time. Proceeding with extracted UI details.
2026-08-11 20:04:58,813 [INFO] src.saudia_signup: Initiating Saudia membership creation for Passenger PRATT
2026-08-11 20:05:14,563 [ERROR] src.saudia_signup: Error during Saudia registration: Locator.fill: Timeout 45000ms exceeded.
Call log:
  - waiting for locator("input[name='firstName'], input#firstName")
    - waiting for "https://alfursan.saudia.com/en" navigation to finish...
    - navigated to "https://alfursan.saudia.com/en"

2026-08-11 20:05:14,603 [INFO] root: Successfully saved data to Etihad passenger details 9th Aug_Processed.xlsx
2026-08-11 20:05:14,604 [INFO] Orchestrator: --- Processing Passenger 2/4: PNR DSSP38, Last Name: JUDES ---
2026-08-11 20:05:14,604 [INFO] Orchestrator: Signup Only Mode: Using passenger name: Passenger JUDES
2026-08-11 20:05:16,414 [INFO] src.temp_mail: Generated fallback temp email offline: d1579ji6f6@1secmail.com
2026-08-11 20:05:16,417 [INFO] Orchestrator: Waiting for Etihad e-ticket/confirmation mail to extract further details...
2026-08-11 20:05:16,418 [INFO] src.temp_mail: Waiting for email containing 'Etihad'...
2026-08-11 20:05:41,737 [INFO] werkzeug:  * Detected change in 'D:\\etihad airways\\src\\saudia_signup.py', reloading
2026-08-11 20:05:42,259 [INFO] werkzeug:  * Restarting with stat
2026-08-11 20:05:46,389 [ERROR] src.saudia_signup: Error during Saudia registration: Locator.fill: Timeout 45000ms exceeded.
Call log:
  - waiting for locator("input[name='firstName'], input#firstName")

2026-08-11 20:05:46,429 [INFO] root: Successfully saved data to Etihad passenger details 9th Aug_Processed.xlsx
2026-08-11 20:05:46,429 [INFO] src.etihad_scraper: Etihad Scraper stopped.
2026-08-11 20:05:48,582 [WARNING] werkzeug:  * Debugger is active!
2026-08-11 20:05:48,593 [INFO] werkzeug:  * Debugger PIN: 794-833-364
2026-08-11 20:05:50,027 [WARNING] src.temp_mail: Timeout waiting for email containing 'Etihad'
2026-08-11 20:05:50,027 [WARNING] Orchestrator: No Etihad ticket email received in time. Proceeding with extracted UI details.
2026-08-11 20:05:50,027 [INFO] src.saudia_signup: Initiating Saudia membership creation for Passenger MOUSSET
2026-08-11 20:05:52,535 [INFO] src.saudia_signup: Proceeding directly to registration form inputs...
2026-08-11 20:05:54,568 [INFO] src.saudia_signup: Saudia Sign-up Manager stopped.
2026-08-11 20:05:54,594 [INFO] root: Successfully saved data to Etihad passenger details 9th Aug_Processed.xlsx
2026-08-11 20:05:54,596 [INFO] Orchestrator: Automation workflow completed.
2026-08-11 20:06:03,388 [INFO] Orchestrator: Starting Airline Passenger Automation process in mode: signup_only...
2026-08-11 20:06:03,388 [INFO] Orchestrator: Loading input file: Etihad passenger details 9th Aug.xlsx
2026-08-11 20:06:04,744 [INFO] Orchestrator: Loaded columns: ['nan', 'Last Name', 'PNR']
2026-08-11 20:06:04,744 [INFO] Orchestrator: Mapping columns: PNR -> 'PNR', Last Name -> 'Last Name'
2026-08-11 20:06:04,747 [INFO] Orchestrator: Initializing Saudia Signup browser session...
2026-08-11 20:06:04,748 [INFO] src.saudia_signup: Starting Playwright browser for Saudia registration...
2026-08-11 20:06:09,664 [INFO] Orchestrator: --- Processing Passenger 1/4: PNR 9W4PEY, Last Name: HUMEAU MOUSSET ---
2026-08-11 20:06:09,665 [INFO] Orchestrator: Signup Only Mode: Using passenger name: Passenger HUMEAU MOUSSET
2026-08-11 20:06:11,722 [INFO] src.temp_mail: Generated fallback temp email offline: 13psrh0j9s@1secmail.com
2026-08-11 20:06:11,730 [INFO] Orchestrator: Waiting for Etihad e-ticket/confirmation mail to extract further details...
2026-08-11 20:06:11,730 [INFO] src.temp_mail: Waiting for email containing 'Etihad'...
2026-08-11 20:06:37,602 [ERROR] src.saudia_signup: Error during Saudia registration: Locator.fill: Timeout 45000ms exceeded.
Call log:
  - waiting for locator("input[name='firstName'], input#firstName")

2026-08-11 20:06:37,625 [INFO] root: Successfully saved data to Etihad passenger details 9th Aug_Processed.xlsx
2026-08-11 20:06:37,626 [INFO] Orchestrator: --- Processing Passenger 4/4: PNR Y8D57L, Last Name: PRATT ---
2026-08-11 20:06:37,626 [INFO] Orchestrator: Signup Only Mode: Using passenger name: Passenger PRATT
2026-08-11 20:06:39,617 [INFO] src.temp_mail: Generated fallback temp email offline: ulvyrr6m00@1secmail.com
2026-08-11 20:06:39,621 [INFO] Orchestrator: Waiting for Etihad e-ticket/confirmation mail to extract further details...
2026-08-11 20:06:39,621 [INFO] src.temp_mail: Waiting for email containing 'Etihad'...
2026-08-11 20:06:53,843 [WARNING] src.temp_mail: Timeout waiting for email containing 'Etihad'
2026-08-11 20:06:53,843 [WARNING] Orchestrator: No Etihad ticket email received in time. Proceeding with extracted UI details.
2026-08-11 20:06:53,843 [INFO] src.saudia_signup: Initiating Saudia membership creation for Passenger JUDES
2026-08-11 20:06:56,425 [INFO] src.saudia_signup: Proceeding directly to registration form inputs...
2026-08-11 20:07:41,454 [ERROR] src.saudia_signup: Error during Saudia registration: Locator.fill: Timeout 45000ms exceeded.
Call log:
  - waiting for locator("input[name='firstName'], input#firstName")

2026-08-11 20:07:41,480 [INFO] root: Successfully saved data to Etihad passenger details 9th Aug_Processed.xlsx
2026-08-11 20:07:41,481 [INFO] Orchestrator: --- Processing Passenger 3/4: PNR 9W4PFY, Last Name: MOUSSET ---
2026-08-11 20:07:41,481 [INFO] Orchestrator: Signup Only Mode: Using passenger name: Passenger MOUSSET
2026-08-11 20:07:43,411 [INFO] src.temp_mail: Generated fallback temp email offline: j3sezuwtlh@1secmail.com
2026-08-11 20:07:43,414 [INFO] Orchestrator: Waiting for Etihad e-ticket/confirmation mail to extract further details...
2026-08-11 20:07:43,414 [INFO] src.temp_mail: Waiting for email containing 'Etihad'...
2026-08-11 20:07:47,475 [WARNING] src.temp_mail: Timeout waiting for email containing 'Etihad'
2026-08-11 20:07:47,475 [WARNING] Orchestrator: No Etihad ticket email received in time. Proceeding with extracted UI details.
2026-08-11 20:07:47,476 [INFO] src.saudia_signup: Initiating Saudia membership creation for Passenger HUMEAU MOUSSET
2026-08-11 20:07:59,029 [INFO] src.saudia_signup: Proceeding directly to registration form inputs or direct navigation...
2026-08-11 20:08:15,330 [WARNING] src.temp_mail: Timeout waiting for email containing 'Etihad'
2026-08-11 20:08:15,331 [WARNING] Orchestrator: No Etihad ticket email received in time. Proceeding with extracted UI details.
2026-08-11 20:08:15,331 [INFO] src.saudia_signup: Initiating Saudia membership creation for Passenger PRATT
2026-08-11 20:08:17,793 [INFO] src.saudia_signup: Proceeding directly to registration form inputs...
2026-08-11 20:08:44,053 [ERROR] src.saudia_signup: Error during Saudia registration: Locator.fill: Timeout 45000ms exceeded.
Call log:
  - waiting for locator("input[name='firstName'], input#firstName")

2026-08-11 20:08:44,098 [INFO] root: Successfully saved data to Etihad passenger details 9th Aug_Processed.xlsx
2026-08-11 20:08:44,099 [INFO] Orchestrator: --- Processing Passenger 2/4: PNR DSSP38, Last Name: JUDES ---
2026-08-11 20:08:44,099 [INFO] Orchestrator: Signup Only Mode: Using passenger name: Passenger JUDES
2026-08-11 20:08:46,029 [INFO] src.temp_mail: Generated fallback temp email offline: p158jfmsnf@1secmail.com
2026-08-11 20:08:46,033 [INFO] Orchestrator: Waiting for Etihad e-ticket/confirmation mail to extract further details...
2026-08-11 20:08:46,033 [INFO] src.temp_mail: Waiting for email containing 'Etihad'...
2026-08-11 20:09:02,817 [ERROR] src.saudia_signup: Error during Saudia registration: Locator.fill: Timeout 45000ms exceeded.
Call log:
  - waiting for locator("input[name='firstName'], input#firstName")

2026-08-11 20:09:02,842 [INFO] root: Successfully saved data to Etihad passenger details 9th Aug_Processed.xlsx
2026-08-11 20:09:02,842 [INFO] src.etihad_scraper: Etihad Scraper stopped.
2026-08-11 20:09:08,347 [INFO] src.saudia_signup: Saudia Sign-up Manager stopped.
2026-08-11 20:09:08,457 [INFO] root: Successfully saved data to Etihad passenger details 9th Aug_Processed.xlsx
2026-08-11 20:09:08,460 [INFO] Orchestrator: Automation workflow completed.
2026-08-11 20:09:19,770 [WARNING] src.temp_mail: Timeout waiting for email containing 'Etihad'
2026-08-11 20:09:19,771 [WARNING] Orchestrator: No Etihad ticket email received in time. Proceeding with extracted UI details.
2026-08-11 20:09:19,772 [INFO] src.saudia_signup: Initiating Saudia membership creation for Passenger MOUSSET
2026-08-11 20:09:22,468 [INFO] src.saudia_signup: Proceeding directly to registration form inputs...
2026-08-11 20:10:07,524 [ERROR] src.saudia_signup: Error during Saudia registration: Locator.fill: Timeout 45000ms exceeded.
Call log:
  - waiting for locator("input[name='firstName'], input#firstName")

2026-08-11 20:10:07,561 [INFO] root: Successfully saved data to Etihad passenger details 9th Aug_Processed.xlsx
2026-08-11 20:10:07,562 [INFO] Orchestrator: --- Processing Passenger 4/4: PNR Y8D57L, Last Name: PRATT ---
2026-08-11 20:10:07,562 [INFO] Orchestrator: Signup Only Mode: Using passenger name: Passenger PRATT
2026-08-11 20:10:10,516 [INFO] src.temp_mail: Generated fallback temp email offline: f2tnh00v16@1secmail.com
2026-08-11 20:10:10,519 [INFO] Orchestrator: Waiting for Etihad e-ticket/confirmation mail to extract further details...
2026-08-11 20:10:10,519 [INFO] src.temp_mail: Waiting for email containing 'Etihad'...
2026-08-11 20:10:23,918 [WARNING] src.temp_mail: Timeout waiting for email containing 'Etihad'
2026-08-11 20:10:23,918 [WARNING] Orchestrator: No Etihad ticket email received in time. Proceeding with extracted UI details.
2026-08-11 20:10:23,918 [INFO] src.saudia_signup: Initiating Saudia membership creation for Passenger JUDES
2026-08-11 20:10:35,810 [INFO] src.saudia_signup: Proceeding directly to registration form inputs or direct navigation...
2026-08-11 20:11:20,822 [ERROR] src.saudia_signup: Error during Saudia registration: Locator.fill: Timeout 45000ms exceeded.
Call log:
  - waiting for locator("input[name='firstName'], input#firstName")

2026-08-11 20:11:20,855 [INFO] root: Successfully saved data to Etihad passenger details 9th Aug_Processed.xlsx
2026-08-11 20:11:20,856 [INFO] Orchestrator: --- Processing Passenger 3/4: PNR 9W4PFY, Last Name: MOUSSET ---
2026-08-11 20:11:20,856 [INFO] Orchestrator: Signup Only Mode: Using passenger name: Passenger MOUSSET
2026-08-11 20:11:22,889 [INFO] src.temp_mail: Generated fallback temp email offline: 4dgkldcq2e@1secmail.com
2026-08-11 20:11:22,893 [INFO] Orchestrator: Waiting for Etihad e-ticket/confirmation mail to extract further details...
2026-08-11 20:11:22,893 [INFO] src.temp_mail: Waiting for email containing 'Etihad'...
2026-08-11 20:11:26,628 [INFO] werkzeug:  * Detected change in 'D:\\etihad airways\\src\\saudia_signup.py', reloading
2026-08-11 20:11:27,115 [INFO] werkzeug:  * Restarting with stat
2026-08-11 20:11:32,758 [WARNING] werkzeug:  * Debugger is active!
2026-08-11 20:11:32,772 [INFO] werkzeug:  * Debugger PIN: 794-833-364
2026-08-11 20:11:42,727 [WARNING] src.temp_mail: Timeout waiting for email containing 'Etihad'
2026-08-11 20:11:42,727 [WARNING] Orchestrator: No Etihad ticket email received in time. Proceeding with extracted UI details.
2026-08-11 20:11:42,727 [INFO] src.saudia_signup: Initiating Saudia membership creation for Passenger PRATT
2026-08-11 20:11:45,415 [INFO] src.saudia_signup: Proceeding directly to registration form inputs...
2026-08-11 20:12:30,451 [ERROR] src.saudia_signup: Error during Saudia registration: Locator.fill: Timeout 45000ms exceeded.
Call log:
  - waiting for locator("input[name='firstName'], input#firstName")

2026-08-11 20:12:30,474 [INFO] root: Successfully saved data to Etihad passenger details 9th Aug_Processed.xlsx
2026-08-11 20:12:30,475 [INFO] src.etihad_scraper: Etihad Scraper stopped.
2026-08-11 20:12:31,891 [INFO] src.saudia_signup: Saudia Sign-up Manager stopped.
2026-08-11 20:12:31,913 [INFO] root: Successfully saved data to Etihad passenger details 9th Aug_Processed.xlsx
2026-08-11 20:12:31,914 [INFO] Orchestrator: Automation workflow completed.
2026-08-11 20:12:58,582 [WARNING] src.temp_mail: Timeout waiting for email containing 'Etihad'
2026-08-11 20:12:58,582 [WARNING] Orchestrator: No Etihad ticket email received in time. Proceeding with extracted UI details.
2026-08-11 20:12:58,582 [INFO] src.saudia_signup: Initiating Saudia membership creation for Passenger MOUSSET
2026-08-11 20:13:10,511 [INFO] src.saudia_signup: Proceeding directly to registration form inputs or direct navigation...
2026-08-11 20:13:55,530 [ERROR] src.saudia_signup: Error during Saudia registration: Locator.fill: Timeout 45000ms exceeded.
Call log:
  - waiting for locator("input[name='firstName'], input#firstName")

2026-08-11 20:13:55,568 [INFO] root: Successfully saved data to Etihad passenger details 9th Aug_Processed.xlsx
2026-08-11 20:13:55,569 [INFO] Orchestrator: --- Processing Passenger 4/4: PNR Y8D57L, Last Name: PRATT ---
2026-08-11 20:13:55,569 [INFO] Orchestrator: Signup Only Mode: Using passenger name: Passenger PRATT
2026-08-11 20:13:57,466 [INFO] src.temp_mail: Generated fallback temp email offline: x332wdfpym@1secmail.com
2026-08-11 20:13:57,469 [INFO] Orchestrator: Waiting for Etihad e-ticket/confirmation mail to extract further details...
2026-08-11 20:13:57,469 [INFO] src.temp_mail: Waiting for email containing 'Etihad'...
2026-08-11 20:15:33,377 [WARNING] src.temp_mail: Timeout waiting for email containing 'Etihad'
2026-08-11 20:15:33,377 [WARNING] Orchestrator: No Etihad ticket email received in time. Proceeding with extracted UI details.
2026-08-11 20:15:33,377 [INFO] src.saudia_signup: Initiating Saudia membership creation for Passenger PRATT
2026-08-11 20:15:45,098 [INFO] src.saudia_signup: Proceeding directly to registration form inputs or direct navigation...
2026-08-11 20:16:30,121 [ERROR] src.saudia_signup: Error during Saudia registration: Locator.fill: Timeout 45000ms exceeded.
Call log:
  - waiting for locator("input[name='firstName'], input#firstName")

2026-08-11 20:16:30,145 [INFO] root: Successfully saved data to Etihad passenger details 9th Aug_Processed.xlsx
2026-08-11 20:16:30,145 [INFO] src.etihad_scraper: Etihad Scraper stopped.
2026-08-11 20:16:31,915 [INFO] src.saudia_signup: Saudia Sign-up Manager stopped.
2026-08-11 20:16:31,938 [INFO] root: Successfully saved data to Etihad passenger details 9th Aug_Processed.xlsx
2026-08-11 20:16:31,939 [INFO] Orchestrator: Automation workflow completed.
2026-08-11 20:19:24,583 [INFO] werkzeug: 127.0.0.1 - - [11/Aug/2026 20:19:24] "GET / HTTP/1.1" 200 -
2026-08-11 20:19:25,734 [INFO] werkzeug: 127.0.0.1 - - [11/Aug/2026 20:19:25] "GET /api/status HTTP/1.1" 200 -
2026-08-11 20:19:28,382 [INFO] werkzeug: 127.0.0.1 - - [11/Aug/2026 20:19:28] "GET /api/logs HTTP/1.1" 200 -
2026-08-11 20:19:28,870 [INFO] werkzeug: 127.0.0.1 - - [11/Aug/2026 20:19:28] "[33mGET /meta.json HTTP/1.1[0m" 404 -
2026-08-11 20:19:28,982 [INFO] werkzeug: 127.0.0.1 - - [11/Aug/2026 20:19:28] "[33mGET /favicon.ico HTTP/1.1[0m" 404 -
2026-08-11 20:19:29,123 [INFO] werkzeug: 127.0.0.1 - - [11/Aug/2026 20:19:29] "GET /api/status HTTP/1.1" 200 -
2026-08-11 20:19:29,302 [INFO] werkzeug: 127.0.0.1 - - [11/Aug/2026 20:19:29] "GET /api/logs HTTP/1.1" 200 -
2026-08-11 20:19:30,439 [INFO] werkzeug: 127.0.0.1 - - [11/Aug/2026 20:19:30] "GET /api/status HTTP/1.1" 200 -
2026-08-11 20:19:30,771 [INFO] werkzeug: 127.0.0.1 - - [11/Aug/2026 20:19:30] "GET /api/logs HTTP/1.1" 200 -
2026-08-11 20:19:31,234 [INFO] werkzeug: 127.0.0.1 - - [11/Aug/2026 20:19:31] "[33mGET /service-worker.js HTTP/1.1[0m" 404 -
2026-08-11 20:19:31,667 [INFO] werkzeug: 127.0.0.1 - - [11/Aug/2026 20:19:31] "GET /api/records HTTP/1.1" 200 -
2026-08-11 20:19:32,086 [INFO] werkzeug: 127.0.0.1 - - [11/Aug/2026 20:19:32] "GET /api/records HTTP/1.1" 200 -
2026-08-11 20:19:32,090 [INFO] werkzeug: 127.0.0.1 - - [11/Aug/2026 20:19:32] "GET /api/status HTTP/1.1" 200 -
2026-08-11 20:19:32,217 [INFO] werkzeug: 127.0.0.1 - - [11/Aug/2026 20:19:32] "GET /api/logs HTTP/1.1" 200 -
2026-08-11 20:19:34,102 [INFO] werkzeug: 127.0.0.1 - - [11/Aug/2026 20:19:34] "GET /api/status HTTP/1.1" 200 -
2026-08-11 20:19:34,288 [INFO] werkzeug: 127.0.0.1 - - [11/Aug/2026 20:19:34] "GET /api/logs HTTP/1.1" 200 -
2026-08-11 20:19:34,397 [INFO] werkzeug: 127.0.0.1 - - [11/Aug/2026 20:19:34] "GET /api/records HTTP/1.1" 200 -
2026-08-11 20:19:35,389 [INFO] werkzeug: 127.0.0.1 - - [11/Aug/2026 20:19:35] "[33mGET /meta.json HTTP/1.1[0m" 404 -
2026-08-11 20:19:35,618 [INFO] werkzeug: 127.0.0.1 - - [11/Aug/2026 20:19:35] "[33mGET /meta.json HTTP/1.1[0m" 404 -
2026-08-11 20:19:35,715 [INFO] werkzeug: 127.0.0.1 - - [11/Aug/2026 20:19:35] "GET /api/status HTTP/1.1" 200 -
2026-08-11 20:19:36,217 [INFO] werkzeug: 127.0.0.1 - - [11/Aug/2026 20:19:36] "GET /api/logs HTTP/1.1" 200 -
2026-08-11 20:19:38,348 [INFO] werkzeug: 127.0.0.1 - - [11/Aug/2026 20:19:38] "GET /api/status HTTP/1.1" 200 -
2026-08-11 20:19:38,421 [INFO] werkzeug: 127.0.0.1 - - [11/Aug/2026 20:19:38] "GET /api/logs HTTP/1.1" 200 -
2026-08-11 20:19:38,565 [INFO] werkzeug: 127.0.0.1 - - [11/Aug/2026 20:19:38] "GET /api/records HTTP/1.1" 200 -
2026-08-11 20:19:39,732 [INFO] werkzeug: 127.0.0.1 - - [11/Aug/2026 20:19:39] "GET /api/status HTTP/1.1" 200 -
2026-08-11 20:19:40,182 [INFO] werkzeug: 127.0.0.1 - - [11/Aug/2026 20:19:40] "GET /api/logs HTTP/1.1" 200 -
2026-08-11 20:19:42,039 [INFO] werkzeug: 127.0.0.1 - - [11/Aug/2026 20:19:42] "GET /api/status HTTP/1.1" 200 -
2026-08-11 20:19:42,132 [INFO] werkzeug: 127.0.0.1 - - [11/Aug/2026 20:19:42] "GET /api/records HTTP/1.1" 200 -
2026-08-11 20:19:42,151 [INFO] werkzeug: 127.0.0.1 - - [11/Aug/2026 20:19:42] "GET /api/logs HTTP/1.1" 200 -
2026-08-11 20:19:43,722 [INFO] werkzeug: 127.0.0.1 - - [11/Aug/2026 20:19:43] "GET /api/status HTTP/1.1" 200 -
2026-08-11 20:19:44,269 [INFO] werkzeug: 127.0.0.1 - - [11/Aug/2026 20:19:44] "GET /api/logs HTTP/1.1" 200 -
2026-08-11 20:19:46,118 [INFO] werkzeug: 127.0.0.1 - - [11/Aug/2026 20:19:46] "GET /api/status HTTP/1.1" 200 -
2026-08-11 20:19:46,231 [INFO] werkzeug: 127.0.0.1 - - [11/Aug/2026 20:19:46] "GET /api/logs HTTP/1.1" 200 -
2026-08-11 20:19:46,286 [INFO] werkzeug: 127.0.0.1 - - [11/Aug/2026 20:19:46] "GET /api/records HTTP/1.1" 200 -
2026-08-11 20:19:47,747 [INFO] werkzeug: 127.0.0.1 - - [11/Aug/2026 20:19:47] "GET /api/status HTTP/1.1" 200 -
2026-08-11 20:19:48,135 [INFO] werkzeug: 127.0.0.1 - - [11/Aug/2026 20:19:48] "GET /api/logs HTTP/1.1" 200 -
2026-08-11 20:19:50,148 [INFO] werkzeug: 127.0.0.1 - - [11/Aug/2026 20:19:50] "GET /api/status HTTP/1.1" 200 -
2026-08-11 20:19:50,304 [INFO] werkzeug: 127.0.0.1 - - [11/Aug/2026 20:19:50] "GET /api/logs HTTP/1.1" 200 -
2026-08-11 20:19:50,411 [INFO] werkzeug: 127.0.0.1 - - [11/Aug/2026 20:19:50] "GET /api/records HTTP/1.1" 200 -
2026-08-11 20:19:51,797 [INFO] werkzeug: 127.0.0.1 - - [11/Aug/2026 20:19:51] "GET /api/status HTTP/1.1" 200 -
2026-08-11 20:19:52,397 [INFO] werkzeug: 127.0.0.1 - - [11/Aug/2026 20:19:52] "GET /api/logs HTTP/1.1" 200 -
2026-08-11 20:19:54,082 [INFO] werkzeug: 127.0.0.1 - - [11/Aug/2026 20:19:54] "GET /api/status HTTP/1.1" 200 -
2026-08-11 20:19:54,189 [INFO] werkzeug: 127.0.0.1 - - [11/Aug/2026 20:19:54] "GET /api/logs HTTP/1.1" 200 -
2026-08-11 20:19:54,246 [INFO] werkzeug: 127.0.0.1 - - [11/Aug/2026 20:19:54] "GET /api/records HTTP/1.1" 200 -
2026-08-11 20:19:55,704 [INFO] werkzeug: 127.0.0.1 - - [11/Aug/2026 20:19:55] "GET /api/status HTTP/1.1" 200 -
2026-08-11 20:19:56,210 [INFO] werkzeug: 127.0.0.1 - - [11/Aug/2026 20:19:56] "GET /api/logs HTTP/1.1" 200 -
2026-08-11 20:19:58,098 [INFO] werkzeug: 127.0.0.1 - - [11/Aug/2026 20:19:58] "GET /api/status HTTP/1.1" 200 -
2026-08-11 20:19:58,221 [INFO] werkzeug: 127.0.0.1 - - [11/Aug/2026 20:19:58] "GET /api/logs HTTP/1.1" 200 -
2026-08-11 20:19:58,252 [INFO] werkzeug: 127.0.0.1 - - [11/Aug/2026 20:19:58] "GET /api/records HTTP/1.1" 200 -
2026-08-11 20:19:59,715 [INFO] werkzeug: 127.0.0.1 - - [11/Aug/2026 20:19:59] "GET /api/status HTTP/1.1" 200 -
2026-08-11 20:20:00,214 [INFO] werkzeug: 127.0.0.1 - - [11/Aug/2026 20:20:00] "GET /api/logs HTTP/1.1" 200 -
2026-08-11 20:20:02,070 [INFO] werkzeug: 127.0.0.1 - - [11/Aug/2026 20:20:02] "GET /api/status HTTP/1.1" 200 -
2026-08-11 20:20:02,217 [INFO] werkzeug: 127.0.0.1 - - [11/Aug/2026 20:20:02] "GET /api/logs HTTP/1.1" 200 -
2026-08-11 20:20:02,253 [INFO] werkzeug: 127.0.0.1 - - [11/Aug/2026 20:20:02] "GET /api/records HTTP/1.1" 200 -
2026-08-11 20:20:03,726 [INFO] werkzeug: 127.0.0.1 - - [11/Aug/2026 20:20:03] "GET /api/status HTTP/1.1" 200 -
2026-08-11 20:20:04,165 [INFO] werkzeug: 127.0.0.1 - - [11/Aug/2026 20:20:04] "GET /api/logs HTTP/1.1" 200 -
2026-08-11 20:20:06,233 [INFO] werkzeug: 127.0.0.1 - - [11/Aug/2026 20:20:06] "GET /api/status HTTP/1.1" 200 -
2026-08-11 20:20:06,399 [INFO] werkzeug: 127.0.0.1 - - [11/Aug/2026 20:20:06] "GET /api/logs HTTP/1.1" 200 -
2026-08-11 20:20:06,468 [INFO] werkzeug: 127.0.0.1 - - [11/Aug/2026 20:20:06] "GET /api/records HTTP/1.1" 200 -
2026-08-11 20:20:07,745 [INFO] werkzeug: 127.0.0.1 - - [11/Aug/2026 20:20:07] "GET /api/status HTTP/1.1" 200 -
2026-08-11 20:20:08,401 [INFO] werkzeug: 127.0.0.1 - - [11/Aug/2026 20:20:08] "GET /api/logs HTTP/1.1" 200 -
2026-08-11 20:20:10,044 [INFO] werkzeug: 127.0.0.1 - - [11/Aug/2026 20:20:10] "GET /api/status HTTP/1.1" 200 -
2026-08-11 20:20:10,160 [INFO] werkzeug: 127.0.0.1 - - [11/Aug/2026 20:20:10] "GET /api/logs HTTP/1.1" 200 -
2026-08-11 20:20:10,194 [INFO] werkzeug: 127.0.0.1 - - [11/Aug/2026 20:20:10] "GET /api/records HTTP/1.1" 200 -
2026-08-11 20:20:11,728 [INFO] werkzeug: 127.0.0.1 - - [11/Aug/2026 20:20:11] "GET /api/status HTTP/1.1" 200 -
2026-08-11 20:20:12,430 [INFO] werkzeug: 127.0.0.1 - - [11/Aug/2026 20:20:12] "GET /api/logs HTTP/1.1" 200 -
2026-08-11 20:20:20,472 [INFO] werkzeug: 127.0.0.1 - - [11/Aug/2026 20:20:20] "GET /api/status HTTP/1.1" 200 -
2026-08-11 20:20:20,478 [INFO] werkzeug: 127.0.0.1 - - [11/Aug/2026 20:20:20] "GET /api/logs HTTP/1.1" 200 -
2026-08-11 20:20:20,539 [INFO] werkzeug: 127.0.0.1 - - [11/Aug/2026 20:20:20] "GET /api/records HTTP/1.1" 200 -
2026-08-11 20:20:24,662 [INFO] werkzeug: 127.0.0.1 - - [11/Aug/2026 20:20:24] "GET /api/status HTTP/1.1" 200 -
2026-08-11 20:20:25,130 [INFO] werkzeug: 127.0.0.1 - - [11/Aug/2026 20:20:25] "GET /api/records HTTP/1.1" 200 -
2026-08-11 20:20:25,138 [INFO] werkzeug: 127.0.0.1 - - [11/Aug/2026 20:20:25] "GET /api/logs HTTP/1.1" 200 -
2026-08-11 20:20:26,708 [INFO] werkzeug: 127.0.0.1 - - [11/Aug/2026 20:20:26] "GET /api/status HTTP/1.1" 200 -
2026-08-11 20:20:26,792 [INFO] werkzeug: 127.0.0.1 - - [11/Aug/2026 20:20:26] "GET /api/logs HTTP/1.1" 200 -
2026-08-11 20:20:26,820 [INFO] werkzeug: 127.0.0.1 - - [11/Aug/2026 20:20:26] "GET /api/records HTTP/1.1" 200 -
2026-08-11 20:20:30,741 [INFO] werkzeug: 127.0.0.1 - - [11/Aug/2026 20:20:30] "GET /api/status HTTP/1.1" 200 -
2026-08-11 20:20:31,385 [INFO] werkzeug: 127.0.0.1 - - [11/Aug/2026 20:20:31] "GET /api/logs HTTP/1.1" 200 -
2026-08-11 20:20:31,446 [INFO] werkzeug: 127.0.0.1 - - [11/Aug/2026 20:20:31] "GET /api/records HTTP/1.1" 200 -
2026-08-11 20:20:35,336 [INFO] werkzeug: 127.0.0.1 - - [11/Aug/2026 20:20:35] "GET /api/status HTTP/1.1" 200 -
2026-08-11 20:20:35,929 [INFO] werkzeug: 127.0.0.1 - - [11/Aug/2026 20:20:35] "GET /api/records HTTP/1.1" 200 -
2026-08-11 20:20:35,975 [INFO] werkzeug: 127.0.0.1 - - [11/Aug/2026 20:20:35] "GET /api/logs HTTP/1.1" 200 -
2026-08-11 20:20:38,545 [INFO] werkzeug: 127.0.0.1 - - [11/Aug/2026 20:20:38] "GET /api/status HTTP/1.1" 200 -
2026-08-11 20:20:39,010 [INFO] werkzeug: 127.0.0.1 - - [11/Aug/2026 20:20:39] "GET /api/logs HTTP/1.1" 200 -
2026-08-11 20:20:39,072 [INFO] werkzeug: 127.0.0.1 - - [11/Aug/2026 20:20:39] "GET /api/records HTTP/1.1" 200 -
2026-08-11 20:20:40,092 [INFO] werkzeug: 127.0.0.1 - - [11/Aug/2026 20:20:40] "GET /api/status HTTP/1.1" 200 -
2026-08-11 20:20:40,149 [INFO] werkzeug: 127.0.0.1 - - [11/Aug/2026 20:20:40] "GET /api/logs HTTP/1.1" 200 -
2026-08-11 20:20:40,395 [INFO] Orchestrator: Starting Airline Passenger Automation process in mode: flight_only...
2026-08-11 20:20:40,396 [INFO] Dashboard: Automation thread started via dashboard in mode: flight_only
2026-08-11 20:20:40,396 [INFO] Orchestrator: Loading input file: Etihad passenger details 9th Aug.xlsx
2026-08-11 20:20:40,397 [INFO] werkzeug: 127.0.0.1 - - [11/Aug/2026 20:20:40] "POST /api/start?mode=flight_only HTTP/1.1" 200 -
2026-08-11 20:20:40,540 [INFO] Orchestrator: Loaded columns: ['nan', 'Last Name', 'PNR']
2026-08-11 20:20:40,540 [INFO] Orchestrator: Mapping columns: PNR -> 'PNR', Last Name -> 'Last Name'
2026-08-11 20:20:40,544 [INFO] Orchestrator: Initializing Etihad Scraper browser session...
2026-08-11 20:20:40,545 [INFO] src.etihad_scraper: Starting Playwright browser for Etihad Scraper...
2026-08-11 20:20:40,594 [INFO] werkzeug: 127.0.0.1 - - [11/Aug/2026 20:20:40] "GET /api/status HTTP/1.1" 200 -
2026-08-11 20:20:42,260 [INFO] werkzeug: 127.0.0.1 - - [11/Aug/2026 20:20:42] "GET /api/records HTTP/1.1" 200 -
2026-08-11 20:20:42,489 [INFO] werkzeug: 127.0.0.1 - - [11/Aug/2026 20:20:42] "GET /api/logs HTTP/1.1" 200 -
2026-08-11 20:20:42,610 [INFO] werkzeug: 127.0.0.1 - - [11/Aug/2026 20:20:42] "GET /api/status HTTP/1.1" 200 -
2026-08-11 20:20:43,730 [INFO] werkzeug: 127.0.0.1 - - [11/Aug/2026 20:20:43] "GET /api/status HTTP/1.1" 200 -
2026-08-11 20:20:44,760 [INFO] werkzeug: 127.0.0.1 - - [11/Aug/2026 20:20:44] "GET /api/logs HTTP/1.1" 200 -
2026-08-11 20:20:46,143 [INFO] werkzeug: 127.0.0.1 - - [11/Aug/2026 20:20:46] "GET /api/status HTTP/1.1" 200 -
2026-08-11 20:20:46,245 [INFO] werkzeug: 127.0.0.1 - - [11/Aug/2026 20:20:46] "GET /api/logs HTTP/1.1" 200 -
2026-08-11 20:20:46,349 [INFO] werkzeug: 127.0.0.1 - - [11/Aug/2026 20:20:46] "GET /api/records HTTP/1.1" 200 -
2026-08-11 20:20:47,845 [INFO] werkzeug: 127.0.0.1 - - [11/Aug/2026 20:20:47] "GET /api/status HTTP/1.1" 200 -
2026-08-11 20:20:48,459 [INFO] werkzeug: 127.0.0.1 - - [11/Aug/2026 20:20:48] "GET /api/logs HTTP/1.1" 200 -
2026-08-11 20:20:49,051 [INFO] Orchestrator: --- Processing Passenger 1/4: PNR 9W4PEY, Last Name: HUMEAU MOUSSET ---
2026-08-11 20:20:49,052 [INFO] src.etihad_scraper: Accessing booking for PNR: 9W4PEY, Last Name: HUMEAU MOUSSET
2026-08-11 20:20:52,442 [INFO] werkzeug: 127.0.0.1 - - [11/Aug/2026 20:20:52] "GET /api/logs HTTP/1.1" 200 -
2026-08-11 20:20:52,784 [INFO] werkzeug: 127.0.0.1 - - [11/Aug/2026 20:20:52] "GET /api/status HTTP/1.1" 200 -
2026-08-11 20:20:53,076 [INFO] werkzeug: 127.0.0.1 - - [11/Aug/2026 20:20:53] "GET /api/records HTTP/1.1" 200 -
2026-08-11 20:20:53,249 [INFO] werkzeug: 127.0.0.1 - - [11/Aug/2026 20:20:53] "GET /api/logs HTTP/1.1" 200 -
2026-08-11 20:20:54,763 [INFO] werkzeug: 127.0.0.1 - - [11/Aug/2026 20:20:54] "GET /api/status HTTP/1.1" 200 -
2026-08-11 20:20:55,332 [INFO] werkzeug: 127.0.0.1 - - [11/Aug/2026 20:20:55] "GET /api/logs HTTP/1.1" 200 -
2026-08-11 20:20:55,633 [INFO] werkzeug: 127.0.0.1 - - [11/Aug/2026 20:20:55] "GET /api/records HTTP/1.1" 200 -
2026-08-11 20:20:56,582 [INFO] werkzeug: 127.0.0.1 - - [11/Aug/2026 20:20:56] "GET /api/status HTTP/1.1" 200 -
2026-08-11 20:20:57,883 [INFO] werkzeug: 127.0.0.1 - - [11/Aug/2026 20:20:57] "GET /api/logs HTTP/1.1" 200 -
2026-08-11 20:20:57,950 [INFO] werkzeug: 127.0.0.1 - - [11/Aug/2026 20:20:57] "GET /api/status HTTP/1.1" 200 -
2026-08-11 20:20:59,016 [INFO] werkzeug: 127.0.0.1 - - [11/Aug/2026 20:20:59] "GET /api/records HTTP/1.1" 200 -
2026-08-11 20:20:59,509 [INFO] werkzeug: 127.0.0.1 - - [11/Aug/2026 20:20:59] "GET /api/logs HTTP/1.1" 200 -
2026-08-11 20:20:59,979 [INFO] werkzeug: 127.0.0.1 - - [11/Aug/2026 20:20:59] "GET /api/status HTTP/1.1" 200 -
2026-08-11 20:21:01,883 [INFO] werkzeug: 127.0.0.1 - - [11/Aug/2026 20:21:01] "GET /api/logs HTTP/1.1" 200 -
2026-08-11 20:21:03,201 [INFO] werkzeug: 127.0.0.1 - - [11/Aug/2026 20:21:03] "GET /api/status HTTP/1.1" 200 -
2026-08-11 20:21:04,091 [INFO] werkzeug: 127.0.0.1 - - [11/Aug/2026 20:21:04] "GET /api/records HTTP/1.1" 200 -
2026-08-11 20:21:04,711 [INFO] werkzeug: 127.0.0.1 - - [11/Aug/2026 20:21:04] "GET /api/logs HTTP/1.1" 200 -
2026-08-11 20:21:04,779 [INFO] werkzeug: 127.0.0.1 - - [11/Aug/2026 20:21:04] "GET /api/status HTTP/1.1" 200 -
2026-08-11 20:21:05,964 [INFO] werkzeug: 127.0.0.1 - - [11/Aug/2026 20:21:05] "GET /api/status HTTP/1.1" 200 -
2026-08-11 20:21:07,958 [INFO] werkzeug: 127.0.0.1 - - [11/Aug/2026 20:21:07] "GET /api/logs HTTP/1.1" 200 -
2026-08-11 20:21:08,182 [INFO] werkzeug: 127.0.0.1 - - [11/Aug/2026 20:21:08] "GET /api/records HTTP/1.1" 200 -
2026-08-11 20:21:08,589 [INFO] werkzeug: 127.0.0.1 - - [11/Aug/2026 20:21:08] "GET /api/status HTTP/1.1" 200 -
2026-08-11 20:21:10,546 [INFO] werkzeug: 127.0.0.1 - - [11/Aug/2026 20:21:10] "GET /api/logs HTTP/1.1" 200 -
2026-08-11 20:21:10,796 [INFO] werkzeug: 127.0.0.1 - - [11/Aug/2026 20:21:10] "GET /api/status HTTP/1.1" 200 -
2026-08-11 20:21:11,392 [INFO] werkzeug: 127.0.0.1 - - [11/Aug/2026 20:21:11] "GET /api/records HTTP/1.1" 200 -
2026-08-11 20:21:11,730 [INFO] werkzeug: 127.0.0.1 - - [11/Aug/2026 20:21:11] "GET /api/logs HTTP/1.1" 200 -
2026-08-11 20:21:11,783 [INFO] werkzeug: 127.0.0.1 - - [11/Aug/2026 20:21:11] "GET /api/status HTTP/1.1" 200 -
2026-08-11 20:21:12,615 [INFO] werkzeug: 127.0.0.1 - - [11/Aug/2026 20:21:12] "GET /api/logs HTTP/1.1" 200 -
2026-08-11 20:21:12,625 [INFO] werkzeug: 127.0.0.1 - - [11/Aug/2026 20:21:12] "GET /api/status HTTP/1.1" 200 -
2026-08-11 20:21:14,797 [INFO] werkzeug: 127.0.0.1 - - [11/Aug/2026 20:21:14] "GET /api/logs HTTP/1.1" 200 -
2026-08-11 20:21:16,199 [INFO] werkzeug: 127.0.0.1 - - [11/Aug/2026 20:21:16] "GET /api/records HTTP/1.1" 200 -
2026-08-11 20:21:16,300 [INFO] werkzeug: 127.0.0.1 - - [11/Aug/2026 20:21:16] "GET /api/status HTTP/1.1" 200 -
2026-08-11 20:21:16,729 [INFO] werkzeug: 127.0.0.1 - - [11/Aug/2026 20:21:16] "GET /api/logs HTTP/1.1" 200 -
2026-08-11 20:21:17,166 [INFO] werkzeug: 127.0.0.1 - - [11/Aug/2026 20:21:17] "GET /api/status HTTP/1.1" 200 -
2026-08-11 20:21:18,488 [INFO] werkzeug: 127.0.0.1 - - [11/Aug/2026 20:21:18] "GET /api/logs HTTP/1.1" 200 -
2026-08-11 20:21:19,222 [INFO] werkzeug: 127.0.0.1 - - [11/Aug/2026 20:21:19] "GET /api/status HTTP/1.1" 200 -
2026-08-11 20:21:20,077 [INFO] werkzeug: 127.0.0.1 - - [11/Aug/2026 20:21:20] "GET /api/records HTTP/1.1" 200 -
2026-08-11 20:21:21,083 [INFO] werkzeug: 127.0.0.1 - - [11/Aug/2026 20:21:21] "GET /api/logs HTTP/1.1" 200 -
2026-08-11 20:21:21,276 [INFO] werkzeug: 127.0.0.1 - - [11/Aug/2026 20:21:21] "GET /api/status HTTP/1.1" 200 -
2026-08-11 20:21:23,063 [INFO] werkzeug: 127.0.0.1 - - [11/Aug/2026 20:21:23] "GET /api/status HTTP/1.1" 200 -
2026-08-11 20:21:24,779 [INFO] werkzeug: 127.0.0.1 - - [11/Aug/2026 20:21:24] "GET /api/records HTTP/1.1" 200 -
2026-08-11 20:21:26,762 [INFO] werkzeug: 127.0.0.1 - - [11/Aug/2026 20:21:26] "GET /api/logs HTTP/1.1" 200 -
2026-08-11 20:21:27,380 [INFO] werkzeug: 127.0.0.1 - - [11/Aug/2026 20:21:27] "GET /api/status HTTP/1.1" 200 -
2026-08-11 20:21:29,976 [INFO] werkzeug: 127.0.0.1 - - [11/Aug/2026 20:21:29] "GET /api/records HTTP/1.1" 200 -
2026-08-11 20:21:32,340 [INFO] werkzeug: 127.0.0.1 - - [11/Aug/2026 20:21:32] "GET /api/logs HTTP/1.1" 200 -
2026-08-11 20:21:33,079 [INFO] werkzeug: 127.0.0.1 - - [11/Aug/2026 20:21:33] "GET /api/status HTTP/1.1" 200 -
2026-08-11 20:21:34,380 [INFO] werkzeug: 127.0.0.1 - - [11/Aug/2026 20:21:34] "GET /api/records HTTP/1.1" 200 -
2026-08-11 20:21:36,005 [INFO] src.etihad_scraper: Successfully accessed booking for PNR: 9W4PEY
2026-08-11 20:21:36,373 [INFO] werkzeug: 127.0.0.1 - - [11/Aug/2026 20:21:36] "GET /api/logs HTTP/1.1" 200 -
2026-08-11 20:21:36,598 [INFO] werkzeug: 127.0.0.1 - - [11/Aug/2026 20:21:36] "GET /api/records HTTP/1.1" 200 -
2026-08-11 20:21:36,799 [INFO] src.etihad_scraper: Extracted details for HUMEAU MOUSSET: {'passenger_name': 'Passenger HUMEAU MOUSSET', 'flight_number': 'Flight Info'}
2026-08-11 20:21:37,027 [INFO] werkzeug: 127.0.0.1 - - [11/Aug/2026 20:21:37] "GET /api/status HTTP/1.1" 200 -
2026-08-11 20:21:37,037 [INFO] root: Successfully saved data to Etihad passenger details 9th Aug_Processed.xlsx
2026-08-11 20:21:37,038 [INFO] Orchestrator: --- Processing Passenger 2/4: PNR DSSP38, Last Name: JUDES ---
2026-08-11 20:21:37,038 [INFO] src.etihad_scraper: Accessing booking for PNR: DSSP38, Last Name: JUDES
2026-08-11 20:21:38,278 [INFO] werkzeug: 127.0.0.1 - - [11/Aug/2026 20:21:38] "GET /api/logs HTTP/1.1" 200 -
2026-08-11 20:21:38,892 [INFO] werkzeug: 127.0.0.1 - - [11/Aug/2026 20:21:38] "GET /api/status HTTP/1.1" 200 -
2026-08-11 20:21:39,371 [INFO] werkzeug: 127.0.0.1 - - [11/Aug/2026 20:21:39] "GET /api/records HTTP/1.1" 200 -
2026-08-11 20:21:41,082 [INFO] werkzeug: 127.0.0.1 - - [11/Aug/2026 20:21:41] "GET /api/logs HTTP/1.1" 200 -
2026-08-11 20:21:42,861 [INFO] werkzeug: 127.0.0.1 - - [11/Aug/2026 20:21:42] "GET /api/status HTTP/1.1" 200 -
2026-08-11 20:21:44,182 [INFO] werkzeug: 127.0.0.1 - - [11/Aug/2026 20:21:44] "GET /api/logs HTTP/1.1" 200 -
2026-08-11 20:21:44,664 [INFO] werkzeug: 127.0.0.1 - - [11/Aug/2026 20:21:44] "GET /api/records HTTP/1.1" 200 -
2026-08-11 20:21:45,028 [INFO] werkzeug: 127.0.0.1 - - [11/Aug/2026 20:21:45] "GET /api/status HTTP/1.1" 200 -
2026-08-11 20:21:45,470 [INFO] werkzeug: 127.0.0.1 - - [11/Aug/2026 20:21:45] "GET /api/logs HTTP/1.1" 200 -
2026-08-11 20:21:45,680 [INFO] werkzeug: 127.0.0.1 - - [11/Aug/2026 20:21:45] "GET /api/status HTTP/1.1" 200 -
2026-08-11 20:21:47,620 [INFO] werkzeug: 127.0.0.1 - - [11/Aug/2026 20:21:47] "GET /api/status HTTP/1.1" 200 -
2026-08-11 20:21:48,194 [INFO] werkzeug: 127.0.0.1 - - [11/Aug/2026 20:21:48] "GET /api/records HTTP/1.1" 200 -
2026-08-11 20:21:52,342 [INFO] werkzeug: 127.0.0.1 - - [11/Aug/2026 20:21:52] "GET /api/logs HTTP/1.1" 200 -
2026-08-11 20:21:53,446 [INFO] werkzeug: 127.0.0.1 - - [11/Aug/2026 20:21:53] "GET /api/status HTTP/1.1" 200 -
2026-08-11 20:21:59,477 [INFO] werkzeug: 127.0.0.1 - - [11/Aug/2026 20:21:59] "GET /api/status HTTP/1.1" 200 -
2026-08-11 20:21:59,623 [INFO] werkzeug: 127.0.0.1 - - [11/Aug/2026 20:21:59] "GET /api/logs HTTP/1.1" 200 -
2026-08-11 20:22:01,976 [INFO] src.etihad_scraper: Successfully accessed booking for PNR: DSSP38
2026-08-11 20:22:02,926 [INFO] werkzeug: 127.0.0.1 - - [11/Aug/2026 20:22:02] "GET /api/logs HTTP/1.1" 200 -
2026-08-11 20:22:05,774 [INFO] werkzeug: 127.0.0.1 - - [11/Aug/2026 20:22:05] "GET /api/logs HTTP/1.1" 200 -
2026-08-11 20:22:06,595 [INFO] src.etihad_scraper: Scanning lines below passenger JUDES: ['Tours & activities', 'Explore Tours And Activities', 'Add', 'Download the Etihad app']
2026-08-11 20:22:07,295 [INFO] werkzeug: 127.0.0.1 - - [11/Aug/2026 20:22:07] "GET /api/logs HTTP/1.1" 200 -
2026-08-11 20:22:07,562 [INFO] werkzeug: 127.0.0.1 - - [11/Aug/2026 20:22:07] "GET /api/records HTTP/1.1" 200 -
2026-08-11 20:22:08,261 [INFO] werkzeug: 127.0.0.1 - - [11/Aug/2026 20:22:08] "GET /api/status HTTP/1.1" 200 -
2026-08-11 20:22:09,909 [INFO] werkzeug: 127.0.0.1 - - [11/Aug/2026 20:22:09] "GET /api/logs HTTP/1.1" 200 -
2026-08-11 20:22:10,041 [INFO] werkzeug: 127.0.0.1 - - [11/Aug/2026 20:22:10] "GET /api/status HTTP/1.1" 200 -
2026-08-11 20:22:10,962 [INFO] werkzeug: 127.0.0.1 - - [11/Aug/2026 20:22:10] "GET /api/logs HTTP/1.1" 200 -
2026-08-11 20:22:10,994 [INFO] werkzeug: 127.0.0.1 - - [11/Aug/2026 20:22:10] "GET /api/status HTTP/1.1" 200 -
2026-08-11 20:22:13,595 [INFO] src.etihad_scraper: Extracted details for JUDES: {'passenger_name': 'Ruthms Judes', 'flight_number': 'Sydney to Tel Aviv'}
2026-08-11 20:22:13,662 [INFO] root: Successfully saved data to Etihad passenger details 9th Aug_Processed.xlsx
2026-08-11 20:22:13,663 [INFO] Orchestrator: --- Processing Passenger 3/4: PNR 9W4PFY, Last Name: MOUSSET ---
2026-08-11 20:22:13,666 [INFO] src.etihad_scraper: Accessing booking for PNR: 9W4PFY, Last Name: MOUSSET
2026-08-11 20:22:14,306 [INFO] werkzeug: 127.0.0.1 - - [11/Aug/2026 20:22:14] "GET /api/logs HTTP/1.1" 200 -
2026-08-11 20:22:15,677 [INFO] werkzeug: 127.0.0.1 - - [11/Aug/2026 20:22:15] "GET /api/records HTTP/1.1" 200 -
2026-08-11 20:22:16,525 [INFO] werkzeug: 127.0.0.1 - - [11/Aug/2026 20:22:16] "GET /api/status HTTP/1.1" 200 -
2026-08-11 20:22:17,072 [INFO] werkzeug: 127.0.0.1 - - [11/Aug/2026 20:22:17] "GET /api/logs HTTP/1.1" 200 -
2026-08-11 20:22:19,512 [INFO] werkzeug: 127.0.0.1 - - [11/Aug/2026 20:22:19] "GET /api/records HTTP/1.1" 200 -
2026-08-11 20:22:22,425 [INFO] werkzeug: 127.0.0.1 - - [11/Aug/2026 20:22:22] "GET /api/status HTTP/1.1" 200 -
2026-08-11 20:22:25,123 [INFO] werkzeug: 127.0.0.1 - - [11/Aug/2026 20:22:25] "GET /api/logs HTTP/1.1" 200 -
2026-08-11 20:22:25,523 [INFO] werkzeug: 127.0.0.1 - - [11/Aug/2026 20:22:25] "GET /api/status HTTP/1.1" 200 -
2026-08-11 20:22:26,458 [INFO] werkzeug: 127.0.0.1 - - [11/Aug/2026 20:22:26] "GET /api/logs HTTP/1.1" 200 -
2026-08-11 20:22:26,779 [INFO] werkzeug: 127.0.0.1 - - [11/Aug/2026 20:22:26] "GET /api/status HTTP/1.1" 200 -
2026-08-11 20:22:27,378 [INFO] werkzeug: 127.0.0.1 - - [11/Aug/2026 20:22:27] "GET /api/records HTTP/1.1" 200 -
2026-08-11 20:22:27,402 [INFO] werkzeug: 127.0.0.1 - - [11/Aug/2026 20:22:27] "GET /api/logs HTTP/1.1" 200 -
2026-08-11 20:22:27,594 [INFO] werkzeug: 127.0.0.1 - - [11/Aug/2026 20:22:27] "GET /api/status HTTP/1.1" 200 -
2026-08-11 20:22:28,773 [INFO] werkzeug: 127.0.0.1 - - [11/Aug/2026 20:22:28] "GET /api/logs HTTP/1.1" 200 -
2026-08-11 20:22:30,958 [INFO] werkzeug: 127.0.0.1 - - [11/Aug/2026 20:22:30] "GET /api/status HTTP/1.1" 200 -
2026-08-11 20:22:33,374 [INFO] werkzeug: 127.0.0.1 - - [11/Aug/2026 20:22:33] "GET /api/logs HTTP/1.1" 200 -
2026-08-11 20:22:35,777 [INFO] werkzeug: 127.0.0.1 - - [11/Aug/2026 20:22:35] "GET /api/logs HTTP/1.1" 200 -
2026-08-11 20:22:36,262 [INFO] werkzeug: 127.0.0.1 - - [11/Aug/2026 20:22:36] "GET /api/status HTTP/1.1" 200 -
2026-08-11 20:22:37,424 [INFO] werkzeug: 127.0.0.1 - - [11/Aug/2026 20:22:37] "GET /api/status HTTP/1.1" 200 -
2026-08-11 20:22:39,061 [INFO] werkzeug: 127.0.0.1 - - [11/Aug/2026 20:22:39] "GET /api/logs HTTP/1.1" 200 -
2026-08-11 20:22:39,577 [INFO] werkzeug: 127.0.0.1 - - [11/Aug/2026 20:22:39] "GET /api/records HTTP/1.1" 200 -
2026-08-11 20:22:40,325 [INFO] werkzeug: 127.0.0.1 - - [11/Aug/2026 20:22:40] "GET /api/status HTTP/1.1" 200 -
2026-08-11 20:22:42,859 [INFO] werkzeug: 127.0.0.1 - - [11/Aug/2026 20:22:42] "GET /api/logs HTTP/1.1" 200 -
2026-08-11 20:22:43,807 [INFO] werkzeug: 127.0.0.1 - - [11/Aug/2026 20:22:43] "GET /api/status HTTP/1.1" 200 -
2026-08-11 20:22:44,031 [INFO] src.etihad_scraper: Successfully accessed booking for PNR: 9W4PFY
2026-08-11 20:22:45,924 [INFO] werkzeug: 127.0.0.1 - - [11/Aug/2026 20:22:45] "GET /api/logs HTTP/1.1" 200 -
2026-08-11 20:22:46,971 [INFO] werkzeug: 127.0.0.1 - - [11/Aug/2026 20:22:46] "GET /api/status HTTP/1.1" 200 -
2026-08-11 20:22:48,077 [INFO] werkzeug: 127.0.0.1 - - [11/Aug/2026 20:22:48] "GET /api/logs HTTP/1.1" 200 -
2026-08-11 20:22:48,793 [INFO] werkzeug: 127.0.0.1 - - [11/Aug/2026 20:22:48] "GET /api/records HTTP/1.1" 200 -
2026-08-11 20:22:51,407 [INFO] src.etihad_scraper: Scanning lines below passenger MOUSSET: ['SAUDIA Loyalty No: 1006489375', 'Sydney to Abu Dhabi', 'Economy Comfort', '26G']
2026-08-11 20:22:51,407 [INFO] src.etihad_scraper: Frequent flyer loyalty number found below passenger name: SAUDIA Loyalty No: 1006489375
2026-08-11 20:22:51,407 [INFO] Orchestrator: Frequent Flyer already present on Etihad for PNR 9W4PFY. Skipping.
2026-08-11 20:22:51,408 [INFO] Orchestrator: --- Processing Passenger 4/4: PNR Y8D57L, Last Name: PRATT ---
2026-08-11 20:22:51,409 [INFO] src.etihad_scraper: Accessing booking for PNR: Y8D57L, Last Name: PRATT
2026-08-11 20:22:51,593 [INFO] werkzeug: 127.0.0.1 - - [11/Aug/2026 20:22:51] "GET /api/status HTTP/1.1" 200 -
2026-08-11 20:22:52,805 [INFO] werkzeug: 127.0.0.1 - - [11/Aug/2026 20:22:52] "GET /api/logs HTTP/1.1" 200 -
2026-08-11 20:22:54,455 [INFO] werkzeug: 127.0.0.1 - - [11/Aug/2026 20:22:54] "GET /api/logs HTTP/1.1" 200 -
2026-08-11 20:22:55,190 [INFO] werkzeug: 127.0.0.1 - - [11/Aug/2026 20:22:55] "GET /api/status HTTP/1.1" 200 -
2026-08-11 20:22:56,291 [INFO] werkzeug: 127.0.0.1 - - [11/Aug/2026 20:22:56] "GET /api/records HTTP/1.1" 200 -
2026-08-11 20:22:57,156 [INFO] werkzeug: 127.0.0.1 - - [11/Aug/2026 20:22:57] "GET /api/status HTTP/1.1" 200 -
2026-08-11 20:22:59,469 [INFO] werkzeug: 127.0.0.1 - - [11/Aug/2026 20:22:59] "GET /api/logs HTTP/1.1" 200 -
2026-08-11 20:22:59,853 [INFO] werkzeug: 127.0.0.1 - - [11/Aug/2026 20:22:59] "GET /api/records HTTP/1.1" 200 -
2026-08-11 20:23:01,026 [INFO] werkzeug: 127.0.0.1 - - [11/Aug/2026 20:23:01] "GET /api/status HTTP/1.1" 200 -
2026-08-11 20:23:01,889 [INFO] werkzeug: 127.0.0.1 - - [11/Aug/2026 20:23:01] "GET /api/logs HTTP/1.1" 200 -
2026-08-11 20:23:01,975 [INFO] werkzeug: 127.0.0.1 - - [11/Aug/2026 20:23:01] "GET /api/status HTTP/1.1" 200 -
2026-08-11 20:23:02,555 [INFO] werkzeug: 127.0.0.1 - - [11/Aug/2026 20:23:02] "GET /api/logs HTTP/1.1" 200 -
2026-08-11 20:23:02,808 [INFO] werkzeug: 127.0.0.1 - - [11/Aug/2026 20:23:02] "GET /api/status HTTP/1.1" 200 -
2026-08-11 20:23:04,107 [INFO] werkzeug: 127.0.0.1 - - [11/Aug/2026 20:23:04] "GET /api/logs HTTP/1.1" 200 -
2026-08-11 20:23:04,819 [INFO] werkzeug: 127.0.0.1 - - [11/Aug/2026 20:23:04] "GET /api/records HTTP/1.1" 200 -
2026-08-11 20:23:06,190 [INFO] werkzeug: 127.0.0.1 - - [11/Aug/2026 20:23:06] "GET /api/status HTTP/1.1" 200 -
2026-08-11 20:23:08,988 [INFO] werkzeug: 127.0.0.1 - - [11/Aug/2026 20:23:08] "GET /api/logs HTTP/1.1" 200 -
2026-08-11 20:23:09,125 [INFO] werkzeug: 127.0.0.1 - - [11/Aug/2026 20:23:09] "GET /api/status HTTP/1.1" 200 -
2026-08-11 20:23:10,156 [INFO] werkzeug: 127.0.0.1 - - [11/Aug/2026 20:23:10] "GET /api/logs HTTP/1.1" 200 -
2026-08-11 20:23:10,808 [INFO] werkzeug: 127.0.0.1 - - [11/Aug/2026 20:23:10] "GET /api/records HTTP/1.1" 200 -
2026-08-11 20:23:12,754 [INFO] werkzeug: 127.0.0.1 - - [11/Aug/2026 20:23:12] "GET /api/status HTTP/1.1" 200 -
2026-08-11 20:23:14,391 [INFO] werkzeug: 127.0.0.1 - - [11/Aug/2026 20:23:14] "GET /api/logs HTTP/1.1" 200 -
2026-08-11 20:23:14,920 [INFO] werkzeug: 127.0.0.1 - - [11/Aug/2026 20:23:14] "GET /api/status HTTP/1.1" 200 -
2026-08-11 20:23:16,152 [INFO] src.etihad_scraper: Successfully accessed booking for PNR: Y8D57L
2026-08-11 20:23:16,772 [INFO] werkzeug: 127.0.0.1 - - [11/Aug/2026 20:23:16] "GET /api/logs HTTP/1.1" 200 -
2026-08-11 20:23:18,073 [INFO] werkzeug: 127.0.0.1 - - [11/Aug/2026 20:23:18] "GET /api/records HTTP/1.1" 200 -
2026-08-11 20:23:19,121 [INFO] werkzeug: 127.0.0.1 - - [11/Aug/2026 20:23:19] "GET /api/logs HTTP/1.1" 200 -
2026-08-11 20:23:20,303 [INFO] werkzeug: 127.0.0.1 - - [11/Aug/2026 20:23:20] "GET /api/status HTTP/1.1" 200 -
2026-08-11 20:23:21,151 [INFO] werkzeug: 127.0.0.1 - - [11/Aug/2026 20:23:21] "GET /api/status HTTP/1.1" 200 -
2026-08-11 20:23:21,739 [INFO] werkzeug: 127.0.0.1 - - [11/Aug/2026 20:23:21] "GET /api/logs HTTP/1.1" 200 -
2026-08-11 20:23:22,889 [INFO] werkzeug: 127.0.0.1 - - [11/Aug/2026 20:23:22] "GET /api/records HTTP/1.1" 200 -
2026-08-11 20:23:23,670 [INFO] werkzeug: 127.0.0.1 - - [11/Aug/2026 20:23:23] "GET /api/status HTTP/1.1" 200 -
2026-08-11 20:23:25,136 [INFO] src.etihad_scraper: Scanning lines below passenger PRATT: ['Bronze', '500116084440', 'Sydney to Abu Dhabi', 'Business Comfort']
2026-08-11 20:23:25,137 [INFO] src.etihad_scraper: Frequent flyer loyalty indicator 'Bronze' found below passenger name: Bronze
2026-08-11 20:23:25,137 [INFO] Orchestrator: Frequent Flyer already present on Etihad for PNR Y8D57L. Skipping.
2026-08-11 20:23:25,425 [INFO] werkzeug: 127.0.0.1 - - [11/Aug/2026 20:23:25] "GET /api/logs HTTP/1.1" 200 -
2026-08-11 20:23:25,464 [INFO] werkzeug: 127.0.0.1 - - [11/Aug/2026 20:23:25] "GET /api/records HTTP/1.1" 200 -
2026-08-11 20:23:25,742 [INFO] werkzeug: 127.0.0.1 - - [11/Aug/2026 20:23:25] "GET /api/status HTTP/1.1" 200 -
2026-08-11 20:23:26,240 [INFO] werkzeug: 127.0.0.1 - - [11/Aug/2026 20:23:26] "GET /api/logs HTTP/1.1" 200 -
2026-08-11 20:23:26,304 [INFO] werkzeug: 127.0.0.1 - - [11/Aug/2026 20:23:26] "GET /api/status HTTP/1.1" 200 -
2026-08-11 20:23:26,549 [INFO] werkzeug: 127.0.0.1 - - [11/Aug/2026 20:23:26] "GET /api/status HTTP/1.1" 200 -
2026-08-11 20:23:26,607 [INFO] werkzeug: 127.0.0.1 - - [11/Aug/2026 20:23:26] "GET /api/logs HTTP/1.1" 200 -
2026-08-11 20:23:26,780 [INFO] werkzeug: 127.0.0.1 - - [11/Aug/2026 20:23:26] "GET /api/records HTTP/1.1" 200 -
2026-08-11 20:23:26,849 [INFO] werkzeug: 127.0.0.1 - - [11/Aug/2026 20:23:26] "GET /api/logs HTTP/1.1" 200 -
2026-08-11 20:23:26,915 [INFO] werkzeug: 127.0.0.1 - - [11/Aug/2026 20:23:26] "GET /api/status HTTP/1.1" 200 -
2026-08-11 20:23:27,068 [INFO] werkzeug: 127.0.0.1 - - [11/Aug/2026 20:23:27] "GET /api/logs HTTP/1.1" 200 -
2026-08-11 20:23:27,108 [INFO] werkzeug: 127.0.0.1 - - [11/Aug/2026 20:23:27] "GET /api/status HTTP/1.1" 200 -
2026-08-11 20:23:27,253 [INFO] werkzeug: 127.0.0.1 - - [11/Aug/2026 20:23:27] "GET /api/logs HTTP/1.1" 200 -
2026-08-11 20:23:27,340 [INFO] werkzeug: 127.0.0.1 - - [11/Aug/2026 20:23:27] "GET /api/records HTTP/1.1" 200 -
2026-08-11 20:23:27,415 [INFO] werkzeug: 127.0.0.1 - - [11/Aug/2026 20:23:27] "GET /api/status HTTP/1.1" 200 -
2026-08-11 20:23:27,653 [INFO] werkzeug: 127.0.0.1 - - [11/Aug/2026 20:23:27] "GET /api/status HTTP/1.1" 200 -
2026-08-11 20:23:27,658 [INFO] werkzeug: 127.0.0.1 - - [11/Aug/2026 20:23:27] "GET /api/logs HTTP/1.1" 200 -
2026-08-11 20:23:27,834 [INFO] werkzeug: 127.0.0.1 - - [11/Aug/2026 20:23:27] "GET /api/logs HTTP/1.1" 200 -
2026-08-11 20:23:27,950 [INFO] werkzeug: 127.0.0.1 - - [11/Aug/2026 20:23:27] "GET /api/records HTTP/1.1" 200 -
2026-08-11 20:23:28,038 [INFO] werkzeug: 127.0.0.1 - - [11/Aug/2026 20:23:28] "GET /api/status HTTP/1.1" 200 -
2026-08-11 20:23:28,127 [INFO] werkzeug: 127.0.0.1 - - [11/Aug/2026 20:23:28] "GET /api/logs HTTP/1.1" 200 -
2026-08-11 20:23:28,148 [INFO] werkzeug: 127.0.0.1 - - [11/Aug/2026 20:23:28] "GET /api/status HTTP/1.1" 200 -
2026-08-11 20:23:28,285 [INFO] werkzeug: 127.0.0.1 - - [11/Aug/2026 20:23:28] "GET /api/logs HTTP/1.1" 200 -
2026-08-11 20:23:28,324 [INFO] werkzeug: 127.0.0.1 - - [11/Aug/2026 20:23:28] "GET /api/records HTTP/1.1" 200 -
2026-08-11 20:23:28,437 [INFO] werkzeug: 127.0.0.1 - - [11/Aug/2026 20:23:28] "GET /api/status HTTP/1.1" 200 -
2026-08-11 20:23:28,540 [INFO] werkzeug: 127.0.0.1 - - [11/Aug/2026 20:23:28] "GET /api/logs HTTP/1.1" 200 -
2026-08-11 20:23:28,668 [INFO] werkzeug: 127.0.0.1 - - [11/Aug/2026 20:23:28] "GET /api/status HTTP/1.1" 200 -
2026-08-11 20:23:28,705 [INFO] werkzeug: 127.0.0.1 - - [11/Aug/2026 20:23:28] "GET /api/logs HTTP/1.1" 200 -
2026-08-11 20:23:28,756 [INFO] werkzeug: 127.0.0.1 - - [11/Aug/2026 20:23:28] "GET /api/records HTTP/1.1" 200 -
2026-08-11 20:23:28,831 [INFO] werkzeug: 127.0.0.1 - - [11/Aug/2026 20:23:28] "GET /api/status HTTP/1.1" 200 -
2026-08-11 20:23:29,156 [INFO] werkzeug: 127.0.0.1 - - [11/Aug/2026 20:23:29] "GET /api/logs HTTP/1.1" 200 -
2026-08-11 20:23:29,170 [INFO] werkzeug: 127.0.0.1 - - [11/Aug/2026 20:23:29] "GET /api/status HTTP/1.1" 200 -
2026-08-11 20:23:29,337 [INFO] werkzeug: 127.0.0.1 - - [11/Aug/2026 20:23:29] "GET /api/logs HTTP/1.1" 200 -
2026-08-11 20:23:29,415 [INFO] werkzeug: 127.0.0.1 - - [11/Aug/2026 20:23:29] "GET /api/records HTTP/1.1" 200 -
2026-08-11 20:23:29,484 [INFO] werkzeug: 127.0.0.1 - - [11/Aug/2026 20:23:29] "GET /api/records HTTP/1.1" 200 -
2026-08-11 20:23:29,529 [INFO] werkzeug: 127.0.0.1 - - [11/Aug/2026 20:23:29] "GET /api/status HTTP/1.1" 200 -
2026-08-11 20:23:29,748 [INFO] werkzeug: 127.0.0.1 - - [11/Aug/2026 20:23:29] "GET /api/logs HTTP/1.1" 200 -
2026-08-11 20:23:29,856 [INFO] werkzeug: 127.0.0.1 - - [11/Aug/2026 20:23:29] "GET /api/logs HTTP/1.1" 200 -
2026-08-11 20:23:30,373 [INFO] werkzeug: 127.0.0.1 - - [11/Aug/2026 20:23:30] "GET /api/records HTTP/1.1" 200 -
2026-08-11 20:23:30,434 [INFO] werkzeug: 127.0.0.1 - - [11/Aug/2026 20:23:30] "GET /api/status HTTP/1.1" 200 -
2026-08-11 20:23:30,540 [INFO] werkzeug: 127.0.0.1 - - [11/Aug/2026 20:23:30] "GET /api/logs HTTP/1.1" 200 -
2026-08-11 20:23:30,941 [INFO] werkzeug: 127.0.0.1 - - [11/Aug/2026 20:23:30] "GET /api/records HTTP/1.1" 200 -
2026-08-11 20:23:31,089 [INFO] werkzeug: 127.0.0.1 - - [11/Aug/2026 20:23:31] "GET /api/status HTTP/1.1" 200 -
2026-08-11 20:23:31,401 [INFO] werkzeug: 127.0.0.1 - - [11/Aug/2026 20:23:31] "GET /api/logs HTTP/1.1" 200 -
2026-08-11 20:23:31,566 [INFO] werkzeug: 127.0.0.1 - - [11/Aug/2026 20:23:31] "GET /api/records HTTP/1.1" 200 -
2026-08-11 20:23:31,763 [INFO] werkzeug: 127.0.0.1 - - [11/Aug/2026 20:23:31] "GET /api/status HTTP/1.1" 200 -
2026-08-11 20:23:31,964 [INFO] werkzeug: 127.0.0.1 - - [11/Aug/2026 20:23:31] "GET /api/logs HTTP/1.1" 200 -
2026-08-11 20:23:32,169 [INFO] werkzeug: 127.0.0.1 - - [11/Aug/2026 20:23:32] "GET /api/records HTTP/1.1" 200 -
2026-08-11 20:23:32,184 [INFO] werkzeug: 127.0.0.1 - - [11/Aug/2026 20:23:32] "GET /api/status HTTP/1.1" 200 -
2026-08-11 20:23:32,667 [INFO] werkzeug: 127.0.0.1 - - [11/Aug/2026 20:23:32] "GET /api/logs HTTP/1.1" 200 -
2026-08-11 20:23:32,824 [INFO] werkzeug: 127.0.0.1 - - [11/Aug/2026 20:23:32] "GET /api/records HTTP/1.1" 200 -
2026-08-11 20:23:33,836 [INFO] werkzeug: 127.0.0.1 - - [11/Aug/2026 20:23:33] "GET /api/status HTTP/1.1" 200 -
2026-08-11 20:23:35,743 [INFO] werkzeug: 127.0.0.1 - - [11/Aug/2026 20:23:35] "GET /api/logs HTTP/1.1" 200 -
2026-08-11 20:23:36,025 [INFO] werkzeug: 127.0.0.1 - - [11/Aug/2026 20:23:36] "GET /api/status HTTP/1.1" 200 -
2026-08-11 20:23:36,852 [INFO] werkzeug: 127.0.0.1 - - [11/Aug/2026 20:23:36] "GET /api/logs HTTP/1.1" 200 -
2026-08-11 20:23:36,869 [INFO] werkzeug: 127.0.0.1 - - [11/Aug/2026 20:23:36] "GET /api/status HTTP/1.1" 200 -
2026-08-11 20:23:37,372 [INFO] werkzeug: 127.0.0.1 - - [11/Aug/2026 20:23:37] "GET /api/logs HTTP/1.1" 200 -
2026-08-11 20:23:37,436 [INFO] werkzeug: 127.0.0.1 - - [11/Aug/2026 20:23:37] "GET /api/status HTTP/1.1" 200 -
2026-08-11 20:23:38,068 [INFO] werkzeug: 127.0.0.1 - - [11/Aug/2026 20:23:38] "GET /api/status HTTP/1.1" 200 -
2026-08-11 20:23:38,078 [INFO] werkzeug: 127.0.0.1 - - [11/Aug/2026 20:23:38] "GET /api/logs HTTP/1.1" 200 -
2026-08-11 20:23:38,426 [INFO] werkzeug: 127.0.0.1 - - [11/Aug/2026 20:23:38] "GET /api/status HTTP/1.1" 200 -
2026-08-11 20:23:38,603 [INFO] werkzeug: 127.0.0.1 - - [11/Aug/2026 20:23:38] "GET /api/logs HTTP/1.1" 200 -
2026-08-11 20:23:39,036 [INFO] werkzeug: 127.0.0.1 - - [11/Aug/2026 20:23:39] "GET /api/status HTTP/1.1" 200 -
2026-08-11 20:23:39,116 [INFO] werkzeug: 127.0.0.1 - - [11/Aug/2026 20:23:39] "GET /api/logs HTTP/1.1" 200 -
2026-08-11 20:23:39,785 [INFO] werkzeug: 127.0.0.1 - - [11/Aug/2026 20:23:39] "GET /api/status HTTP/1.1" 200 -
2026-08-11 20:23:39,996 [INFO] werkzeug: 127.0.0.1 - - [11/Aug/2026 20:23:39] "GET /api/logs HTTP/1.1" 200 -
2026-08-11 20:23:40,736 [INFO] werkzeug: 127.0.0.1 - - [11/Aug/2026 20:23:40] "GET /api/records HTTP/1.1" 200 -
2026-08-11 20:23:41,237 [INFO] werkzeug: 127.0.0.1 - - [11/Aug/2026 20:23:41] "GET /api/status HTTP/1.1" 200 -
2026-08-11 20:23:42,176 [INFO] werkzeug: 127.0.0.1 - - [11/Aug/2026 20:23:42] "GET /api/logs HTTP/1.1" 200 -
2026-08-11 20:23:42,527 [INFO] werkzeug: 127.0.0.1 - - [11/Aug/2026 20:23:42] "GET /api/status HTTP/1.1" 200 -
2026-08-11 20:23:43,032 [INFO] werkzeug: 127.0.0.1 - - [11/Aug/2026 20:23:43] "GET /api/records HTTP/1.1" 200 -
2026-08-11 20:23:43,289 [INFO] werkzeug: 127.0.0.1 - - [11/Aug/2026 20:23:43] "GET /api/logs HTTP/1.1" 200 -
2026-08-11 20:23:43,539 [INFO] werkzeug: 127.0.0.1 - - [11/Aug/2026 20:23:43] "GET /api/status HTTP/1.1" 200 -
2026-08-11 20:23:44,081 [INFO] werkzeug: 127.0.0.1 - - [11/Aug/2026 20:23:44] "GET /api/logs HTTP/1.1" 200 -
2026-08-11 20:23:57,022 [INFO] werkzeug: 127.0.0.1 - - [11/Aug/2026 20:23:57] "GET /api/status HTTP/1.1" 200 -
2026-08-11 20:23:58,310 [INFO] werkzeug: 127.0.0.1 - - [11/Aug/2026 20:23:58] "GET /api/logs HTTP/1.1" 200 -
2026-08-11 20:23:58,591 [INFO] werkzeug: 127.0.0.1 - - [11/Aug/2026 20:23:58] "GET /api/records HTTP/1.1" 200 -
2026-08-11 20:24:01,358 [INFO] werkzeug: 127.0.0.1 - - [11/Aug/2026 20:24:01] "GET /api/status HTTP/1.1" 200 -
2026-08-11 20:24:02,135 [INFO] werkzeug: 127.0.0.1 - - [11/Aug/2026 20:24:02] "GET /api/records HTTP/1.1" 200 -
2026-08-11 20:24:02,535 [INFO] werkzeug: 127.0.0.1 - - [11/Aug/2026 20:24:02] "GET /api/logs HTTP/1.1" 200 -
2026-08-11 20:24:03,130 [INFO] werkzeug: 127.0.0.1 - - [11/Aug/2026 20:24:03] "GET /api/status HTTP/1.1" 200 -
2026-08-11 20:24:03,350 [INFO] werkzeug: 127.0.0.1 - - [11/Aug/2026 20:24:03] "GET /api/records HTTP/1.1" 200 -
2026-08-11 20:24:04,239 [INFO] werkzeug: 127.0.0.1 - - [11/Aug/2026 20:24:04] "GET /api/logs HTTP/1.1" 200 -
2026-08-11 20:24:05,133 [INFO] werkzeug: 127.0.0.1 - - [11/Aug/2026 20:24:05] "GET /api/status HTTP/1.1" 200 -
2026-08-11 20:24:05,289 [INFO] werkzeug: 127.0.0.1 - - [11/Aug/2026 20:24:05] "GET /api/logs HTTP/1.1" 200 -
2026-08-11 20:24:07,946 [INFO] werkzeug: 127.0.0.1 - - [11/Aug/2026 20:24:07] "GET /api/status HTTP/1.1" 200 -
2026-08-11 20:24:08,972 [INFO] werkzeug: 127.0.0.1 - - [11/Aug/2026 20:24:08] "GET /api/logs HTTP/1.1" 200 -
2026-08-11 20:24:09,848 [INFO] werkzeug: 127.0.0.1 - - [11/Aug/2026 20:24:09] "GET /api/records HTTP/1.1" 200 -
2026-08-11 20:24:10,230 [INFO] werkzeug: 127.0.0.1 - - [11/Aug/2026 20:24:10] "GET /api/status HTTP/1.1" 200 -
2026-08-11 20:24:10,400 [INFO] src.etihad_scraper: Etihad Scraper stopped.
2026-08-11 20:24:10,400 [INFO] src.saudia_signup: Saudia Sign-up Manager stopped.
2026-08-11 20:24:10,722 [INFO] root: Successfully saved data to Etihad passenger details 9th Aug_Processed.xlsx
2026-08-11 20:24:10,884 [INFO] Orchestrator: Automation workflow completed.
2026-08-11 20:24:11,016 [INFO] werkzeug: 127.0.0.1 - - [11/Aug/2026 20:24:11] "GET /api/logs HTTP/1.1" 200 -
2026-08-11 20:24:11,108 [INFO] werkzeug: 127.0.0.1 - - [11/Aug/2026 20:24:11] "GET /api/records HTTP/1.1" 200 -
2026-08-11 20:24:11,363 [INFO] werkzeug: 127.0.0.1 - - [11/Aug/2026 20:24:11] "GET /api/status HTTP/1.1" 200 -
2026-08-11 20:24:12,037 [INFO] werkzeug: 127.0.0.1 - - [11/Aug/2026 20:24:12] "GET /api/logs HTTP/1.1" 200 -
2026-08-11 20:24:18,700 [INFO] werkzeug: 127.0.0.1 - - [11/Aug/2026 20:24:18] "GET /api/status HTTP/1.1" 200 -
2026-08-11 20:24:18,931 [INFO] werkzeug: 127.0.0.1 - - [11/Aug/2026 20:24:18] "GET /api/logs HTTP/1.1" 200 -
2026-08-11 20:24:19,137 [INFO] werkzeug: 127.0.0.1 - - [11/Aug/2026 20:24:19] "GET /api/records HTTP/1.1" 200 -
2026-08-11 20:24:19,211 [INFO] werkzeug: 127.0.0.1 - - [11/Aug/2026 20:24:19] "GET /api/status HTTP/1.1" 200 -
2026-08-11 20:24:19,504 [INFO] werkzeug: 127.0.0.1 - - [11/Aug/2026 20:24:19] "GET /api/logs HTTP/1.1" 200 -
2026-08-11 20:24:20,001 [INFO] werkzeug: 127.0.0.1 - - [11/Aug/2026 20:24:20] "GET /api/records HTTP/1.1" 200 -
2026-08-11 20:24:20,677 [INFO] werkzeug: 127.0.0.1 - - [11/Aug/2026 20:24:20] "GET /api/status HTTP/1.1" 200 -
2026-08-11 20:24:20,827 [INFO] werkzeug: 127.0.0.1 - - [11/Aug/2026 20:24:20] "GET /api/logs HTTP/1.1" 200 -
2026-08-11 20:24:25,053 [INFO] werkzeug: 127.0.0.1 - - [11/Aug/2026 20:24:25] "[33mGET /service-worker.js HTTP/1.1[0m" 404 -
2026-08-11 20:24:29,269 [INFO] werkzeug: 127.0.0.1 - - [11/Aug/2026 20:24:29] "GET /api/status HTTP/1.1" 200 -
2026-08-11 20:24:29,735 [INFO] werkzeug: 127.0.0.1 - - [11/Aug/2026 20:24:29] "GET /api/logs HTTP/1.1" 200 -
2026-08-11 20:24:29,803 [INFO] werkzeug: 127.0.0.1 - - [11/Aug/2026 20:24:29] "GET /api/records HTTP/1.1" 200 -
2026-08-11 20:24:35,610 [INFO] werkzeug: 127.0.0.1 - - [11/Aug/2026 20:24:35] "GET /api/status HTTP/1.1" 200 -
2026-08-11 20:24:36,438 [INFO] werkzeug: 127.0.0.1 - - [11/Aug/2026 20:24:36] "GET /api/records HTTP/1.1" 200 -
2026-08-11 20:24:36,440 [INFO] werkzeug: 127.0.0.1 - - [11/Aug/2026 20:24:36] "GET /api/logs HTTP/1.1" 200 -
2026-08-11 20:24:46,717 [INFO] werkzeug: 127.0.0.1 - - [11/Aug/2026 20:24:46] "GET /api/status HTTP/1.1" 200 -
2026-08-11 20:24:46,968 [INFO] werkzeug: 127.0.0.1 - - [11/Aug/2026 20:24:46] "GET /api/logs HTTP/1.1" 200 -
2026-08-11 20:24:46,992 [INFO] werkzeug: 127.0.0.1 - - [11/Aug/2026 20:24:46] "GET /api/records HTTP/1.1" 200 -
2026-08-11 20:25:23,050 [INFO] werkzeug: 127.0.0.1 - - [11/Aug/2026 20:25:23] "[33mGET /service-worker.js HTTP/1.1[0m" 404 -
2026-08-11 20:25:41,714 [INFO] werkzeug: 127.0.0.1 - - [11/Aug/2026 20:25:41] "GET /api/status HTTP/1.1" 200 -
2026-08-11 20:25:45,324 [INFO] werkzeug: 127.0.0.1 - - [11/Aug/2026 20:25:45] "GET /api/logs HTTP/1.1" 200 -
2026-08-11 20:25:47,952 [INFO] werkzeug: 127.0.0.1 - - [11/Aug/2026 20:25:47] "GET /api/records HTTP/1.1" 200 -
2026-08-11 20:25:49,714 [INFO] werkzeug: 127.0.0.1 - - [11/Aug/2026 20:25:49] "GET /api/status HTTP/1.1" 200 -
2026-08-11 20:25:50,776 [INFO] werkzeug: 127.0.0.1 - - [11/Aug/2026 20:25:50] "GET /api/records HTTP/1.1" 200 -
2026-08-11 20:25:52,815 [INFO] werkzeug: 127.0.0.1 - - [11/Aug/2026 20:25:52] "GET /api/logs HTTP/1.1" 200 -
2026-08-11 20:25:53,192 [INFO] werkzeug: 127.0.0.1 - - [11/Aug/2026 20:25:53] "GET /api/status HTTP/1.1" 200 -
2026-08-11 20:25:54,011 [INFO] werkzeug: 127.0.0.1 - - [11/Aug/2026 20:25:54] "GET /api/records HTTP/1.1" 200 -
2026-08-11 20:25:54,270 [INFO] werkzeug: 127.0.0.1 - - [11/Aug/2026 20:25:54] "GET /api/status HTTP/1.1" 200 -
2026-08-11 20:25:54,805 [INFO] werkzeug: 127.0.0.1 - - [11/Aug/2026 20:25:54] "GET /api/logs HTTP/1.1" 200 -
2026-08-11 20:25:55,245 [INFO] werkzeug: 127.0.0.1 - - [11/Aug/2026 20:25:55] "GET /api/records HTTP/1.1" 200 -
2026-08-11 20:25:55,379 [INFO] werkzeug: 127.0.0.1 - - [11/Aug/2026 20:25:55] "GET /api/status HTTP/1.1" 200 -
2026-08-11 20:25:55,831 [INFO] werkzeug: 127.0.0.1 - - [11/Aug/2026 20:25:55] "GET /api/logs HTTP/1.1" 200 -
2026-08-11 20:25:56,993 [INFO] werkzeug: 127.0.0.1 - - [11/Aug/2026 20:25:56] "GET /api/status HTTP/1.1" 200 -
2026-08-11 20:25:57,738 [INFO] werkzeug: 127.0.0.1 - - [11/Aug/2026 20:25:57] "GET /api/logs HTTP/1.1" 200 -
2026-08-11 20:25:58,454 [INFO] werkzeug: 127.0.0.1 - - [11/Aug/2026 20:25:58] "GET /api/status HTTP/1.1" 200 -
2026-08-11 20:25:58,710 [INFO] werkzeug: 127.0.0.1 - - [11/Aug/2026 20:25:58] "GET /api/records HTTP/1.1" 200 -
2026-08-11 20:25:58,893 [INFO] werkzeug: 127.0.0.1 - - [11/Aug/2026 20:25:58] "GET /api/logs HTTP/1.1" 200 -
2026-08-11 20:25:59,745 [INFO] werkzeug: 127.0.0.1 - - [11/Aug/2026 20:25:59] "GET /api/logs HTTP/1.1" 200 -
2026-08-11 20:26:00,296 [INFO] werkzeug: 127.0.0.1 - - [11/Aug/2026 20:26:00] "GET /api/status HTTP/1.1" 200 -
2026-08-11 20:26:00,896 [INFO] werkzeug: 127.0.0.1 - - [11/Aug/2026 20:26:00] "GET /api/logs HTTP/1.1" 200 -
2026-08-11 20:26:02,211 [INFO] werkzeug: 127.0.0.1 - - [11/Aug/2026 20:26:02] "GET /api/status HTTP/1.1" 200 -
2026-08-11 20:26:02,594 [INFO] werkzeug: 127.0.0.1 - - [11/Aug/2026 20:26:02] "GET /api/logs HTTP/1.1" 200 -
2026-08-11 20:26:02,743 [INFO] werkzeug: 127.0.0.1 - - [11/Aug/2026 20:26:02] "GET /api/records HTTP/1.1" 200 -
2026-08-11 20:26:03,742 [INFO] werkzeug: 127.0.0.1 - - [11/Aug/2026 20:26:03] "GET /api/status HTTP/1.1" 200 -
2026-08-11 20:26:04,258 [INFO] werkzeug: 127.0.0.1 - - [11/Aug/2026 20:26:04] "GET /api/logs HTTP/1.1" 200 -
2026-08-11 20:26:06,328 [INFO] werkzeug: 127.0.0.1 - - [11/Aug/2026 20:26:06] "GET /api/status HTTP/1.1" 200 -
2026-08-11 20:26:06,508 [INFO] werkzeug: 127.0.0.1 - - [11/Aug/2026 20:26:06] "GET /api/logs HTTP/1.1" 200 -
2026-08-11 20:26:06,589 [INFO] werkzeug: 127.0.0.1 - - [11/Aug/2026 20:26:06] "GET /api/records HTTP/1.1" 200 -
2026-08-11 20:26:08,223 [INFO] werkzeug: 127.0.0.1 - - [11/Aug/2026 20:26:08] "GET /api/status HTTP/1.1" 200 -
2026-08-11 20:26:09,059 [INFO] werkzeug: 127.0.0.1 - - [11/Aug/2026 20:26:09] "GET /api/logs HTTP/1.1" 200 -
2026-08-11 20:26:10,306 [INFO] werkzeug: 127.0.0.1 - - [11/Aug/2026 20:26:10] "GET /api/status HTTP/1.1" 200 -
2026-08-11 20:26:10,473 [INFO] werkzeug: 127.0.0.1 - - [11/Aug/2026 20:26:10] "GET /api/logs HTTP/1.1" 200 -
2026-08-11 20:26:10,557 [INFO] werkzeug: 127.0.0.1 - - [11/Aug/2026 20:26:10] "GET /api/records HTTP/1.1" 200 -
2026-08-11 20:26:11,744 [INFO] werkzeug: 127.0.0.1 - - [11/Aug/2026 20:26:11] "GET /api/status HTTP/1.1" 200 -
2026-08-11 20:26:12,309 [INFO] werkzeug: 127.0.0.1 - - [11/Aug/2026 20:26:12] "GET /api/logs HTTP/1.1" 200 -
2026-08-11 20:26:14,389 [INFO] werkzeug: 127.0.0.1 - - [11/Aug/2026 20:26:14] "GET /api/status HTTP/1.1" 200 -
2026-08-11 20:26:17,412 [INFO] werkzeug: 127.0.0.1 - - [11/Aug/2026 20:26:17] "GET /api/records HTTP/1.1" 200 -
2026-08-11 20:26:17,656 [INFO] werkzeug: 127.0.0.1 - - [11/Aug/2026 20:26:17] "GET /api/logs HTTP/1.1" 200 -
2026-08-11 20:26:17,885 [INFO] werkzeug: 127.0.0.1 - - [11/Aug/2026 20:26:17] "GET /api/status HTTP/1.1" 200 -
2026-08-11 20:26:19,349 [INFO] werkzeug: 127.0.0.1 - - [11/Aug/2026 20:26:19] "GET /api/status HTTP/1.1" 200 -
2026-08-11 20:26:20,234 [INFO] werkzeug: 127.0.0.1 - - [11/Aug/2026 20:26:20] "GET /api/logs HTTP/1.1" 200 -
2026-08-11 20:26:20,806 [INFO] werkzeug: 127.0.0.1 - - [11/Aug/2026 20:26:20] "GET /api/records HTTP/1.1" 200 -
2026-08-11 20:26:24,301 [INFO] werkzeug: 127.0.0.1 - - [11/Aug/2026 20:26:24] "GET /api/logs HTTP/1.1" 200 -
2026-08-11 20:26:27,702 [INFO] werkzeug: 127.0.0.1 - - [11/Aug/2026 20:26:27] "GET /api/status HTTP/1.1" 200 -
2026-08-11 20:26:29,034 [INFO] werkzeug: 127.0.0.1 - - [11/Aug/2026 20:26:29] "GET /api/logs HTTP/1.1" 200 -
2026-08-11 20:26:29,164 [INFO] werkzeug: 127.0.0.1 - - [11/Aug/2026 20:26:29] "GET /api/records HTTP/1.1" 200 -
2026-08-11 20:26:34,839 [INFO] werkzeug: 127.0.0.1 - - [11/Aug/2026 20:26:34] "GET /api/status HTTP/1.1" 200 -
2026-08-11 20:26:36,703 [INFO] werkzeug: 127.0.0.1 - - [11/Aug/2026 20:26:36] "GET /api/logs HTTP/1.1" 200 -
2026-08-11 20:26:36,907 [INFO] werkzeug: 127.0.0.1 - - [11/Aug/2026 20:26:36] "GET /api/records HTTP/1.1" 200 -
2026-08-11 20:26:37,386 [INFO] werkzeug: 127.0.0.1 - - [11/Aug/2026 20:26:37] "GET /api/status HTTP/1.1" 200 -
2026-08-11 20:26:38,038 [INFO] werkzeug: 127.0.0.1 - - [11/Aug/2026 20:26:38] "GET /api/logs HTTP/1.1" 200 -
2026-08-11 20:26:39,388 [INFO] werkzeug: 127.0.0.1 - - [11/Aug/2026 20:26:39] "GET /api/status HTTP/1.1" 200 -
2026-08-11 20:26:39,473 [INFO] werkzeug: 127.0.0.1 - - [11/Aug/2026 20:26:39] "GET /api/records HTTP/1.1" 200 -
2026-08-11 20:26:39,585 [INFO] werkzeug: 127.0.0.1 - - [11/Aug/2026 20:26:39] "GET /api/logs HTTP/1.1" 200 -
2026-08-11 20:26:45,331 [INFO] werkzeug: 127.0.0.1 - - [11/Aug/2026 20:26:45] "GET /api/status HTTP/1.1" 200 -
2026-08-11 20:26:45,376 [INFO] werkzeug: 127.0.0.1 - - [11/Aug/2026 20:26:45] "GET /api/logs HTTP/1.1" 200 -
2026-08-11 20:26:45,410 [INFO] werkzeug: 127.0.0.1 - - [11/Aug/2026 20:26:45] "GET /api/records HTTP/1.1" 200 -
2026-08-11 20:26:52,172 [INFO] werkzeug: 127.0.0.1 - - [11/Aug/2026 20:26:52] "GET /api/status HTTP/1.1" 200 -
2026-08-11 20:26:52,859 [INFO] werkzeug: 127.0.0.1 - - [11/Aug/2026 20:26:52] "GET /api/records HTTP/1.1" 200 -
2026-08-11 20:26:53,325 [INFO] werkzeug: 127.0.0.1 - - [11/Aug/2026 20:26:53] "GET /api/logs HTTP/1.1" 200 -
2026-08-11 20:26:54,043 [INFO] werkzeug: 127.0.0.1 - - [11/Aug/2026 20:26:54] "GET /api/status HTTP/1.1" 200 -
2026-08-11 20:26:54,641 [INFO] werkzeug: 127.0.0.1 - - [11/Aug/2026 20:26:54] "GET /api/logs HTTP/1.1" 200 -
2026-08-11 20:26:54,716 [INFO] werkzeug: 127.0.0.1 - - [11/Aug/2026 20:26:54] "GET /api/records HTTP/1.1" 200 -
2026-08-11 20:26:55,769 [INFO] werkzeug: 127.0.0.1 - - [11/Aug/2026 20:26:55] "GET /api/status HTTP/1.1" 200 -
2026-08-11 20:26:56,325 [INFO] werkzeug: 127.0.0.1 - - [11/Aug/2026 20:26:56] "GET /api/logs HTTP/1.1" 200 -
2026-08-11 20:26:58,123 [INFO] werkzeug: 127.0.0.1 - - [11/Aug/2026 20:26:58] "GET /api/status HTTP/1.1" 200 -
2026-08-11 20:26:58,334 [INFO] werkzeug: 127.0.0.1 - - [11/Aug/2026 20:26:58] "GET /api/logs HTTP/1.1" 200 -
2026-08-11 20:26:58,373 [INFO] werkzeug: 127.0.0.1 - - [11/Aug/2026 20:26:58] "GET /api/records HTTP/1.1" 200 -
2026-08-11 20:26:59,710 [INFO] werkzeug: 127.0.0.1 - - [11/Aug/2026 20:26:59] "GET /api/status HTTP/1.1" 200 -
2026-08-11 20:27:00,190 [INFO] werkzeug: 127.0.0.1 - - [11/Aug/2026 20:27:00] "GET /api/logs HTTP/1.1" 200 -
2026-08-11 20:27:02,174 [INFO] werkzeug: 127.0.0.1 - - [11/Aug/2026 20:27:02] "GET /api/status HTTP/1.1" 200 -
2026-08-11 20:27:02,324 [INFO] werkzeug: 127.0.0.1 - - [11/Aug/2026 20:27:02] "GET /api/logs HTTP/1.1" 200 -
2026-08-11 20:27:02,372 [INFO] werkzeug: 127.0.0.1 - - [11/Aug/2026 20:27:02] "GET /api/records HTTP/1.1" 200 -
2026-08-11 20:27:03,691 [INFO] werkzeug: 127.0.0.1 - - [11/Aug/2026 20:27:03] "GET /api/status HTTP/1.1" 200 -
2026-08-11 20:27:04,193 [INFO] werkzeug: 127.0.0.1 - - [11/Aug/2026 20:27:04] "GET /api/logs HTTP/1.1" 200 -
2026-08-11 20:27:06,039 [INFO] werkzeug: 127.0.0.1 - - [11/Aug/2026 20:27:06] "GET /api/status HTTP/1.1" 200 -
2026-08-11 20:27:06,182 [INFO] werkzeug: 127.0.0.1 - - [11/Aug/2026 20:27:06] "GET /api/logs HTTP/1.1" 200 -
2026-08-11 20:27:06,290 [INFO] werkzeug: 127.0.0.1 - - [11/Aug/2026 20:27:06] "GET /api/records HTTP/1.1" 200 -
2026-08-11 20:27:07,742 [INFO] werkzeug: 127.0.0.1 - - [11/Aug/2026 20:27:07] "GET /api/status HTTP/1.1" 200 -
2026-08-11 20:27:08,202 [INFO] werkzeug: 127.0.0.1 - - [11/Aug/2026 20:27:08] "GET /api/logs HTTP/1.1" 200 -
2026-08-11 20:27:10,142 [INFO] werkzeug: 127.0.0.1 - - [11/Aug/2026 20:27:10] "GET /api/status HTTP/1.1" 200 -
2026-08-11 20:27:10,289 [INFO] werkzeug: 127.0.0.1 - - [11/Aug/2026 20:27:10] "GET /api/logs HTTP/1.1" 200 -
2026-08-11 20:27:10,421 [INFO] werkzeug: 127.0.0.1 - - [11/Aug/2026 20:27:10] "GET /api/records HTTP/1.1" 200 -
2026-08-11 20:27:11,703 [INFO] werkzeug: 127.0.0.1 - - [11/Aug/2026 20:27:11] "GET /api/status HTTP/1.1" 200 -
2026-08-11 20:27:12,260 [INFO] werkzeug: 127.0.0.1 - - [11/Aug/2026 20:27:12] "GET /api/logs HTTP/1.1" 200 -
2026-08-11 20:27:14,193 [INFO] werkzeug: 127.0.0.1 - - [11/Aug/2026 20:27:14] "GET /api/status HTTP/1.1" 200 -
2026-08-11 20:27:14,349 [INFO] werkzeug: 127.0.0.1 - - [11/Aug/2026 20:27:14] "GET /api/logs HTTP/1.1" 200 -
2026-08-11 20:27:14,438 [INFO] werkzeug: 127.0.0.1 - - [11/Aug/2026 20:27:14] "GET /api/records HTTP/1.1" 200 -
2026-08-11 20:27:15,703 [INFO] werkzeug: 127.0.0.1 - - [11/Aug/2026 20:27:15] "GET /api/status HTTP/1.1" 200 -
2026-08-11 20:27:16,201 [INFO] werkzeug: 127.0.0.1 - - [11/Aug/2026 20:27:16] "GET /api/logs HTTP/1.1" 200 -
2026-08-11 20:27:18,123 [INFO] werkzeug: 127.0.0.1 - - [11/Aug/2026 20:27:18] "GET /api/status HTTP/1.1" 200 -
2026-08-11 20:27:18,315 [INFO] werkzeug: 127.0.0.1 - - [11/Aug/2026 20:27:18] "GET /api/records HTTP/1.1" 200 -
2026-08-11 20:27:18,320 [INFO] werkzeug: 127.0.0.1 - - [11/Aug/2026 20:27:18] "GET /api/logs HTTP/1.1" 200 -
2026-08-11 20:27:19,738 [INFO] werkzeug: 127.0.0.1 - - [11/Aug/2026 20:27:19] "GET /api/status HTTP/1.1" 200 -
2026-08-11 20:27:20,558 [INFO] werkzeug: 127.0.0.1 - - [11/Aug/2026 20:27:20] "GET /api/logs HTTP/1.1" 200 -
2026-08-11 20:27:22,116 [INFO] werkzeug: 127.0.0.1 - - [11/Aug/2026 20:27:22] "GET /api/status HTTP/1.1" 200 -
2026-08-11 20:27:22,358 [INFO] werkzeug: 127.0.0.1 - - [11/Aug/2026 20:27:22] "GET /api/logs HTTP/1.1" 200 -
2026-08-11 20:27:22,471 [INFO] werkzeug: 127.0.0.1 - - [11/Aug/2026 20:27:22] "GET /api/records HTTP/1.1" 200 -
2026-08-11 20:27:23,995 [INFO] werkzeug: 127.0.0.1 - - [11/Aug/2026 20:27:23] "GET /api/status HTTP/1.1" 200 -
2026-08-11 20:27:24,576 [INFO] werkzeug: 127.0.0.1 - - [11/Aug/2026 20:27:24] "GET /api/logs HTTP/1.1" 200 -
2026-08-11 20:27:26,459 [INFO] werkzeug: 127.0.0.1 - - [11/Aug/2026 20:27:26] "GET /api/status HTTP/1.1" 200 -
2026-08-11 20:27:26,574 [INFO] werkzeug: 127.0.0.1 - - [11/Aug/2026 20:27:26] "GET /api/logs HTTP/1.1" 200 -
2026-08-11 20:27:26,790 [INFO] werkzeug: 127.0.0.1 - - [11/Aug/2026 20:27:26] "GET /api/records HTTP/1.1" 200 -
2026-08-11 20:27:27,869 [INFO] werkzeug: 127.0.0.1 - - [11/Aug/2026 20:27:27] "GET /api/status HTTP/1.1" 200 -
2026-08-11 20:27:28,452 [INFO] werkzeug: 127.0.0.1 - - [11/Aug/2026 20:27:28] "GET /api/logs HTTP/1.1" 200 -
2026-08-11 20:27:30,155 [INFO] werkzeug: 127.0.0.1 - - [11/Aug/2026 20:27:30] "GET /api/status HTTP/1.1" 200 -
2026-08-11 20:27:30,300 [INFO] werkzeug: 127.0.0.1 - - [11/Aug/2026 20:27:30] "GET /api/logs HTTP/1.1" 200 -
2026-08-11 20:27:30,338 [INFO] werkzeug: 127.0.0.1 - - [11/Aug/2026 20:27:30] "GET /api/records HTTP/1.1" 200 -
2026-08-11 20:27:32,022 [INFO] werkzeug: 127.0.0.1 - - [11/Aug/2026 20:27:32] "GET /api/status HTTP/1.1" 200 -
2026-08-11 20:27:33,155 [INFO] werkzeug: 127.0.0.1 - - [11/Aug/2026 20:27:33] "GET /api/logs HTTP/1.1" 200 -
2026-08-11 20:27:34,190 [INFO] werkzeug: 127.0.0.1 - - [11/Aug/2026 20:27:34] "GET /api/status HTTP/1.1" 200 -
2026-08-11 20:27:34,265 [INFO] werkzeug: 127.0.0.1 - - [11/Aug/2026 20:27:34] "GET /api/records HTTP/1.1" 200 -
2026-08-11 20:27:34,322 [INFO] werkzeug: 127.0.0.1 - - [11/Aug/2026 20:27:34] "GET /api/logs HTTP/1.1" 200 -
2026-08-11 20:27:35,725 [INFO] werkzeug: 127.0.0.1 - - [11/Aug/2026 20:27:35] "GET /api/status HTTP/1.1" 200 -
2026-08-11 20:27:36,456 [INFO] werkzeug: 127.0.0.1 - - [11/Aug/2026 20:27:36] "GET /api/logs HTTP/1.1" 200 -
2026-08-11 20:27:38,184 [INFO] werkzeug: 127.0.0.1 - - [11/Aug/2026 20:27:38] "GET /api/status HTTP/1.1" 200 -
2026-08-11 20:27:38,375 [INFO] werkzeug: 127.0.0.1 - - [11/Aug/2026 20:27:38] "GET /api/logs HTTP/1.1" 200 -
2026-08-11 20:27:38,422 [INFO] werkzeug: 127.0.0.1 - - [11/Aug/2026 20:27:38] "GET /api/records HTTP/1.1" 200 -
2026-08-11 20:38:38,072 [INFO] werkzeug: [31m[1mWARNING: This is a development server. Do not use it in a production deployment. Use a production WSGI server instead.[0m
 * Running on http://127.0.0.1:5000
2026-08-11 20:38:38,080 [INFO] werkzeug: [33mPress CTRL+C to quit[0m
2026-08-11 20:38:38,086 [INFO] werkzeug:  * Restarting with stat
2026-08-11 20:38:55,690 [WARNING] werkzeug:  * Debugger is active!
2026-08-11 20:38:55,710 [INFO] werkzeug:  * Debugger PIN: 794-833-364
2026-08-11 20:39:01,915 [INFO] werkzeug:  * Detected change in 'D:\\etihad airways\\src\\saudia_signup.py', reloading
2026-08-11 20:39:02,674 [INFO] werkzeug:  * Restarting with stat
2026-08-11 20:39:47,144 [WARNING] werkzeug:  * Debugger is active!
2026-08-11 20:39:47,164 [INFO] werkzeug:  * Debugger PIN: 794-833-364
2026-08-11 20:39:52,592 [INFO] werkzeug: 127.0.0.1 - - [11/Aug/2026 20:39:52] "[33mGET /service-worker.js HTTP/1.1[0m" 404 -
2026-08-11 20:39:52,763 [INFO] werkzeug: 127.0.0.1 - - [11/Aug/2026 20:39:52] "GET /api/status HTTP/1.1" 200 -
2026-08-11 20:39:54,135 [INFO] werkzeug: 127.0.0.1 - - [11/Aug/2026 20:39:54] "GET /api/logs HTTP/1.1" 200 -
2026-08-11 20:39:56,448 [INFO] werkzeug: 127.0.0.1 - - [11/Aug/2026 20:39:56] "GET /api/records HTTP/1.1" 200 -
2026-08-11 20:40:03,717 [INFO] werkzeug: 127.0.0.1 - - [11/Aug/2026 20:40:03] "[33mGET /service-worker.js HTTP/1.1[0m" 404 -
2026-08-11 20:40:08,496 [INFO] Orchestrator: Starting Airline Passenger Automation process in mode: signup_only...
2026-08-11 20:40:08,497 [INFO] Orchestrator: Loading input file: Etihad passenger details 9th Aug.xlsx
2026-08-11 20:40:15,669 [INFO] Orchestrator: Loaded columns: ['nan', 'Last Name', 'PNR']
2026-08-11 20:40:15,669 [INFO] Orchestrator: Mapping columns: PNR -> 'PNR', Last Name -> 'Last Name'
2026-08-11 20:40:15,678 [INFO] Orchestrator: Initializing Saudia Signup browser session...
2026-08-11 20:40:15,678 [INFO] src.saudia_signup: Starting Playwright browser for Saudia registration...
2026-08-11 20:40:37,302 [INFO] werkzeug: 127.0.0.1 - - [11/Aug/2026 20:40:37] "GET /api/status HTTP/1.1" 200 -
2026-08-11 20:40:38,432 [INFO] werkzeug: 127.0.0.1 - - [11/Aug/2026 20:40:38] "GET /api/records HTTP/1.1" 200 -
2026-08-11 20:40:42,152 [INFO] werkzeug: 127.0.0.1 - - [11/Aug/2026 20:40:42] "GET /api/logs HTTP/1.1" 200 -
2026-08-11 20:40:56,720 [INFO] Orchestrator: --- Processing Passenger 1/4: PNR 9W4PEY, Last Name: HUMEAU MOUSSET ---
2026-08-11 20:40:56,721 [INFO] Orchestrator: Signup Only Mode: Using passenger name: Passenger HUMEAU MOUSSET
2026-08-11 20:41:01,834 [INFO] src.temp_mail: Generated fallback temp email offline: ulaso2a0vd@1secmail.com
2026-08-11 20:41:01,838 [INFO] Orchestrator: Waiting for Etihad e-ticket/confirmation mail to extract further details...
2026-08-11 20:41:01,839 [INFO] src.temp_mail: Waiting for email containing 'Etihad'...
2026-08-11 20:41:07,348 [INFO] werkzeug: 127.0.0.1 - - [11/Aug/2026 20:41:07] "[33mGET /service-worker.js HTTP/1.1[0m" 404 -
2026-08-11 20:41:33,442 [INFO] werkzeug: 127.0.0.1 - - [11/Aug/2026 20:41:33] "GET /api/status HTTP/1.1" 200 -
2026-08-11 20:41:42,515 [INFO] werkzeug: 127.0.0.1 - - [11/Aug/2026 20:41:42] "GET /api/logs HTTP/1.1" 200 -
2026-08-11 20:41:43,185 [INFO] werkzeug: 127.0.0.1 - - [11/Aug/2026 20:41:43] "GET /api/records HTTP/1.1" 200 -
2026-08-11 20:42:04,840 [INFO] werkzeug: 127.0.0.1 - - [11/Aug/2026 20:42:04] "[33mGET /service-worker.js HTTP/1.1[0m" 404 -
2026-08-11 20:42:36,464 [INFO] werkzeug: 127.0.0.1 - - [11/Aug/2026 20:42:36] "GET /api/status HTTP/1.1" 200 -
2026-08-11 20:42:36,948 [INFO] werkzeug: 127.0.0.1 - - [11/Aug/2026 20:42:36] "GET /api/logs HTTP/1.1" 200 -
2026-08-11 20:42:36,976 [INFO] werkzeug: 127.0.0.1 - - [11/Aug/2026 20:42:36] "GET /api/records HTTP/1.1" 200 -
2026-08-11 20:42:37,121 [INFO] werkzeug: 127.0.0.1 - - [11/Aug/2026 20:42:37] "GET /api/status HTTP/1.1" 200 -
2026-08-11 20:42:37,682 [INFO] werkzeug: 127.0.0.1 - - [11/Aug/2026 20:42:37] "GET /api/logs HTTP/1.1" 200 -
2026-08-11 20:42:37,821 [INFO] werkzeug: 127.0.0.1 - - [11/Aug/2026 20:42:37] "GET /api/records HTTP/1.1" 200 -
2026-08-11 20:42:37,932 [INFO] werkzeug: 127.0.0.1 - - [11/Aug/2026 20:42:37] "GET /api/status HTTP/1.1" 200 -
2026-08-11 20:42:38,623 [INFO] werkzeug: 127.0.0.1 - - [11/Aug/2026 20:42:38] "GET /api/logs HTTP/1.1" 200 -
2026-08-11 20:42:39,349 [WARNING] src.temp_mail: Timeout waiting for email containing 'Etihad'
2026-08-11 20:42:39,350 [WARNING] Orchestrator: No Etihad ticket email received in time. Proceeding with extracted UI details.
2026-08-11 20:42:39,350 [INFO] src.saudia_signup: Initiating Saudia membership creation for Passenger HUMEAU MOUSSET
2026-08-11 20:42:47,193 [INFO] werkzeug: 127.0.0.1 - - [11/Aug/2026 20:42:47] "GET /api/status HTTP/1.1" 200 -
2026-08-11 20:42:48,192 [INFO] werkzeug: 127.0.0.1 - - [11/Aug/2026 20:42:48] "GET /api/logs HTTP/1.1" 200 -
2026-08-11 20:42:48,297 [INFO] werkzeug: 127.0.0.1 - - [11/Aug/2026 20:42:48] "GET /api/records HTTP/1.1" 200 -
2026-08-11 20:42:48,723 [INFO] werkzeug: 127.0.0.1 - - [11/Aug/2026 20:42:48] "GET /api/status HTTP/1.1" 200 -
2026-08-11 20:42:49,834 [INFO] werkzeug: 127.0.0.1 - - [11/Aug/2026 20:42:49] "GET /api/records HTTP/1.1" 200 -
2026-08-11 20:42:49,844 [INFO] werkzeug: 127.0.0.1 - - [11/Aug/2026 20:42:49] "GET /api/logs HTTP/1.1" 200 -
2026-08-11 20:42:49,938 [INFO] werkzeug: 127.0.0.1 - - [11/Aug/2026 20:42:49] "GET /api/status HTTP/1.1" 200 -
2026-08-11 20:42:50,657 [INFO] werkzeug: 127.0.0.1 - - [11/Aug/2026 20:42:50] "GET /api/logs HTTP/1.1" 200 -
2026-08-11 20:42:52,431 [INFO] werkzeug: 127.0.0.1 - - [11/Aug/2026 20:42:52] "GET /api/status HTTP/1.1" 200 -
2026-08-11 20:42:52,670 [INFO] werkzeug: 127.0.0.1 - - [11/Aug/2026 20:42:52] "GET /api/logs HTTP/1.1" 200 -
2026-08-11 20:42:52,836 [INFO] werkzeug: 127.0.0.1 - - [11/Aug/2026 20:42:52] "GET /api/records HTTP/1.1" 200 -
2026-08-11 20:42:52,953 [INFO] werkzeug: 127.0.0.1 - - [11/Aug/2026 20:42:52] "GET /api/status HTTP/1.1" 200 -
2026-08-11 20:42:54,168 [INFO] werkzeug: 127.0.0.1 - - [11/Aug/2026 20:42:54] "GET /api/logs HTTP/1.1" 200 -
2026-08-11 20:42:55,071 [INFO] src.saudia_signup: Proceeding directly to registration form inputs or direct navigation...
2026-08-11 20:43:01,501 [INFO] werkzeug: 127.0.0.1 - - [11/Aug/2026 20:43:01] "GET /api/status HTTP/1.1" 200 -
2026-08-11 20:43:01,654 [INFO] werkzeug: 127.0.0.1 - - [11/Aug/2026 20:43:01] "GET /api/logs HTTP/1.1" 200 -
2026-08-11 20:43:01,764 [INFO] werkzeug: 127.0.0.1 - - [11/Aug/2026 20:43:01] "GET /api/records HTTP/1.1" 200 -
2026-08-11 20:43:02,314 [INFO] werkzeug: 127.0.0.1 - - [11/Aug/2026 20:43:02] "GET /api/status HTTP/1.1" 200 -
2026-08-11 20:43:02,941 [INFO] werkzeug: 127.0.0.1 - - [11/Aug/2026 20:43:02] "GET /api/logs HTTP/1.1" 200 -
2026-08-11 20:43:03,126 [INFO] werkzeug: 127.0.0.1 - - [11/Aug/2026 20:43:03] "GET /api/records HTTP/1.1" 200 -
2026-08-11 20:43:04,653 [INFO] werkzeug: 127.0.0.1 - - [11/Aug/2026 20:43:04] "GET /api/status HTTP/1.1" 200 -
2026-08-11 20:43:04,807 [INFO] werkzeug: 127.0.0.1 - - [11/Aug/2026 20:43:04] "GET /api/logs HTTP/1.1" 200 -
2026-08-11 20:43:06,239 [INFO] werkzeug: 127.0.0.1 - - [11/Aug/2026 20:43:06] "GET /api/status HTTP/1.1" 200 -
2026-08-11 20:43:06,794 [INFO] werkzeug: 127.0.0.1 - - [11/Aug/2026 20:43:06] "GET /api/records HTTP/1.1" 200 -
2026-08-11 20:43:06,803 [INFO] werkzeug: 127.0.0.1 - - [11/Aug/2026 20:43:06] "GET /api/logs HTTP/1.1" 200 -
2026-08-11 20:43:12,402 [INFO] werkzeug: 127.0.0.1 - - [11/Aug/2026 20:43:12] "GET /api/status HTTP/1.1" 200 -
2026-08-11 20:43:12,483 [INFO] werkzeug: 127.0.0.1 - - [11/Aug/2026 20:43:12] "GET /api/logs HTTP/1.1" 200 -
2026-08-11 20:43:12,596 [INFO] werkzeug: 127.0.0.1 - - [11/Aug/2026 20:43:12] "GET /api/records HTTP/1.1" 200 -
2026-08-11 20:43:14,453 [INFO] werkzeug: 127.0.0.1 - - [11/Aug/2026 20:43:14] "GET /api/status HTTP/1.1" 200 -
2026-08-11 20:43:15,139 [INFO] werkzeug: 127.0.0.1 - - [11/Aug/2026 20:43:15] "GET /api/logs HTTP/1.1" 200 -
2026-08-11 20:43:15,217 [INFO] werkzeug: 127.0.0.1 - - [11/Aug/2026 20:43:15] "GET /api/records HTTP/1.1" 200 -
2026-08-11 20:43:16,807 [INFO] werkzeug: 127.0.0.1 - - [11/Aug/2026 20:43:16] "GET /api/status HTTP/1.1" 200 -
2026-08-11 20:43:17,029 [INFO] werkzeug: 127.0.0.1 - - [11/Aug/2026 20:43:17] "GET /api/logs HTTP/1.1" 200 -
2026-08-11 20:43:18,248 [INFO] werkzeug: 127.0.0.1 - - [11/Aug/2026 20:43:18] "GET /api/status HTTP/1.1" 200 -
2026-08-11 20:43:18,842 [INFO] werkzeug: 127.0.0.1 - - [11/Aug/2026 20:43:18] "GET /api/logs HTTP/1.1" 200 -
2026-08-11 20:43:18,868 [INFO] werkzeug: 127.0.0.1 - - [11/Aug/2026 20:43:18] "GET /api/records HTTP/1.1" 200 -
2026-08-11 20:43:40,215 [ERROR] src.saudia_signup: Error during Saudia registration: Locator.fill: Timeout 45000ms exceeded.
Call log:
  - waiting for locator("input[name='firstName'], input#firstName")

2026-08-11 20:43:40,330 [INFO] root: Successfully saved data to Etihad passenger details 9th Aug_Processed.xlsx
2026-08-11 20:43:40,332 [INFO] Orchestrator: --- Processing Passenger 2/4: PNR DSSP38, Last Name: JUDES ---
2026-08-11 20:43:40,332 [INFO] Orchestrator: Signup Only Mode: Using passenger name: Passenger JUDES
2026-08-11 20:43:42,400 [INFO] src.temp_mail: Generated fallback temp email offline: x2i202ux7k@1secmail.com
2026-08-11 20:43:42,404 [INFO] Orchestrator: Waiting for Etihad e-ticket/confirmation mail to extract further details...
2026-08-11 20:43:42,404 [INFO] src.temp_mail: Waiting for email containing 'Etihad'...
2026-08-11 20:45:22,940 [WARNING] src.temp_mail: Timeout waiting for email containing 'Etihad'
2026-08-11 20:45:22,941 [WARNING] Orchestrator: No Etihad ticket email received in time. Proceeding with extracted UI details.
2026-08-11 20:45:22,941 [INFO] src.saudia_signup: Initiating Saudia membership creation for Passenger JUDES
2026-08-11 20:45:37,223 [INFO] src.saudia_signup: Proceeding directly to registration form inputs or direct navigation...
2026-08-11 20:46:22,561 [ERROR] src.saudia_signup: Error during Saudia registration: Locator.fill: Timeout 45000ms exceeded.
Call log:
  - waiting for locator("input[name='firstName'], input#firstName")

2026-08-11 20:46:22,621 [INFO] root: Successfully saved data to Etihad passenger details 9th Aug_Processed.xlsx
2026-08-11 20:46:22,622 [INFO] Orchestrator: --- Processing Passenger 3/4: PNR 9W4PFY, Last Name: MOUSSET ---
2026-08-11 20:46:22,622 [INFO] Orchestrator: Signup Only Mode: Using passenger name: Passenger MOUSSET
2026-08-11 20:46:33,070 [INFO] src.temp_mail: Generated fallback temp email offline: 1zz6qetf1i@1secmail.com
2026-08-11 20:46:33,073 [INFO] Orchestrator: Waiting for Etihad e-ticket/confirmation mail to extract further details...
2026-08-11 20:46:33,073 [INFO] src.temp_mail: Waiting for email containing 'Etihad'...
2026-08-11 20:48:11,243 [WARNING] src.temp_mail: Timeout waiting for email containing 'Etihad'
2026-08-11 20:48:11,243 [WARNING] Orchestrator: No Etihad ticket email received in time. Proceeding with extracted UI details.
2026-08-11 20:48:11,244 [INFO] src.saudia_signup: Initiating Saudia membership creation for Passenger MOUSSET
2026-08-11 20:48:25,202 [INFO] src.saudia_signup: Proceeding directly to registration form inputs or direct navigation...
2026-08-11 20:49:12,330 [ERROR] src.saudia_signup: Error during Saudia registration: Locator.fill: Timeout 45000ms exceeded.
Call log:
  - waiting for locator("input[name='firstName'], input#firstName")

2026-08-11 20:49:12,380 [INFO] root: Successfully saved data to Etihad passenger details 9th Aug_Processed.xlsx
2026-08-11 20:49:12,380 [INFO] Orchestrator: --- Processing Passenger 4/4: PNR Y8D57L, Last Name: PRATT ---
2026-08-11 20:49:12,381 [INFO] Orchestrator: Signup Only Mode: Using passenger name: Passenger PRATT
2026-08-11 20:49:14,743 [INFO] src.temp_mail: Generated fallback temp email offline: gtxazfeu66@1secmail.com
2026-08-11 20:49:14,747 [INFO] Orchestrator: Waiting for Etihad e-ticket/confirmation mail to extract further details...
2026-08-11 20:49:14,748 [INFO] src.temp_mail: Waiting for email containing 'Etihad'...
2026-08-11 20:49:31,999 [INFO] werkzeug:  * Detected change in 'D:\\etihad airways\\src\\saudia_signup.py', reloading
2026-08-11 20:49:37,339 [INFO] werkzeug:  * Restarting with stat
2026-08-11 20:50:41,951 [WARNING] werkzeug:  * Debugger is active!
2026-08-11 20:50:41,970 [INFO] werkzeug:  * Debugger PIN: 794-833-364
2026-08-11 20:50:51,096 [WARNING] src.temp_mail: Timeout waiting for email containing 'Etihad'
2026-08-11 20:50:51,097 [WARNING] Orchestrator: No Etihad ticket email received in time. Proceeding with extracted UI details.
2026-08-11 20:50:51,098 [INFO] src.saudia_signup: Initiating Saudia membership creation for Passenger PRATT
2026-08-11 20:51:04,900 [INFO] src.saudia_signup: Proceeding directly to registration form inputs or direct navigation...
2026-08-11 20:51:12,468 [INFO] werkzeug:  * Detected change in 'D:\\etihad airways\\src\\etihad_scraper.py', reloading
2026-08-11 20:51:24,632 [INFO] werkzeug:  * Restarting with stat
2026-08-11 20:51:50,364 [ERROR] src.saudia_signup: Error during Saudia registration: Locator.fill: Timeout 45000ms exceeded.
Call log:
  - waiting for locator("input[name='firstName'], input#firstName")

2026-08-11 20:51:50,406 [INFO] root: Successfully saved data to Etihad passenger details 9th Aug_Processed.xlsx
2026-08-11 20:51:50,406 [INFO] src.etihad_scraper: Etihad Scraper stopped.
2026-08-11 20:52:20,181 [INFO] src.saudia_signup: Saudia Sign-up Manager stopped.
2026-08-11 20:52:20,206 [INFO] root: Successfully saved data to Etihad passenger details 9th Aug_Processed.xlsx
2026-08-11 20:52:20,208 [INFO] Orchestrator: Automation workflow completed.
2026-08-11 20:52:35,401 [WARNING] werkzeug:  * Debugger is active!
2026-08-11 20:52:35,414 [INFO] werkzeug:  * Debugger PIN: 794-833-364
2026-08-11 20:52:41,378 [INFO] werkzeug:  * Detected change in 'D:\\etihad airways\\src\\etihad_scraper.py', reloading
2026-08-11 20:52:42,499 [INFO] werkzeug:  * Restarting with stat
2026-08-11 20:53:15,288 [WARNING] werkzeug:  * Debugger is active!
2026-08-11 20:53:15,302 [INFO] werkzeug:  * Debugger PIN: 794-833-364
2026-08-11 20:53:49,873 [INFO] Orchestrator: Starting Airline Passenger Automation process in mode: signup_only...
2026-08-11 20:53:49,875 [INFO] Orchestrator: Loading input file: Etihad passenger details 9th Aug.xlsx
2026-08-11 20:53:58,111 [INFO] Orchestrator: Loaded columns: ['nan', 'Last Name', 'PNR']
2026-08-11 20:53:58,111 [INFO] Orchestrator: Mapping columns: PNR -> 'PNR', Last Name -> 'Last Name'
2026-08-11 20:53:58,339 [INFO] Orchestrator: Initializing Saudia Signup browser session...
2026-08-11 20:53:58,339 [INFO] src.saudia_signup: Starting Playwright browser for Saudia registration...
2026-08-11 20:54:51,830 [ERROR] Orchestrator: Critical error during run: 'module' object is not callable
Traceback (most recent call last):
  File "D:\etihad airways\main.py", line 91, in run_automation
    saudia.start()
    ~~~~~~~~~~~~^^
  File "D:\etihad airways\src\saudia_signup.py", line 32, in start
    stealth(self.page)
    ~~~~~~~^^^^^^^^^^^
TypeError: 'module' object is not callable
2026-08-11 20:54:51,834 [INFO] src.etihad_scraper: Etihad Scraper stopped.
2026-08-11 20:55:32,042 [INFO] src.saudia_signup: Saudia Sign-up Manager stopped.
2026-08-11 20:55:32,141 [INFO] root: Successfully saved data to Etihad passenger details 9th Aug_Processed.xlsx
2026-08-11 20:55:32,143 [INFO] Orchestrator: Automation workflow completed.
2026-08-11 20:56:14,561 [INFO] werkzeug:  * Detected change in 'D:\\etihad airways\\src\\saudia_signup.py', reloading
2026-08-11 20:56:15,901 [INFO] werkzeug:  * Restarting with stat
2026-08-11 21:07:36,972 [INFO] werkzeug: [31m[1mWARNING: This is a development server. Do not use it in a production deployment. Use a production WSGI server instead.[0m
 * Running on http://127.0.0.1:5000
2026-08-11 21:07:36,973 [INFO] werkzeug: [33mPress CTRL+C to quit[0m
2026-08-11 21:07:36,978 [INFO] werkzeug:  * Restarting with stat
2026-08-11 21:07:51,533 [WARNING] werkzeug:  * Debugger is active!
2026-08-11 21:07:51,546 [INFO] werkzeug:  * Debugger PIN: 794-833-364
2026-08-11 21:08:05,672 [INFO] Orchestrator: Starting Airline Passenger Automation process in mode: signup_only...
2026-08-11 21:08:05,672 [INFO] Orchestrator: Loading input file: Etihad passenger details 9th Aug.xlsx
2026-08-11 21:08:08,941 [INFO] Orchestrator: Loaded columns: ['nan', 'Last Name', 'PNR']
2026-08-11 21:08:08,941 [INFO] Orchestrator: Mapping columns: PNR -> 'PNR', Last Name -> 'Last Name'
2026-08-11 21:08:08,945 [INFO] Orchestrator: Initializing Saudia Signup browser session...
2026-08-11 21:08:08,945 [INFO] src.saudia_signup: Starting Playwright browser for Saudia registration...
2026-08-11 21:08:17,284 [INFO] Orchestrator: --- Processing Passenger 1/4: PNR 9W4PEY, Last Name: HUMEAU MOUSSET ---
2026-08-11 21:08:17,284 [INFO] Orchestrator: Signup Only Mode: Using passenger name: Passenger HUMEAU MOUSSET
2026-08-11 21:08:19,758 [INFO] src.temp_mail: Generated fallback temp email offline: qlk39zb6mw@1secmail.com
2026-08-11 21:08:19,761 [INFO] Orchestrator: Waiting for Etihad e-ticket/confirmation mail to extract further details...
2026-08-11 21:08:19,762 [INFO] src.temp_mail: Waiting for email containing 'Etihad'...
2026-08-11 21:09:57,175 [WARNING] src.temp_mail: Timeout waiting for email containing 'Etihad'
2026-08-11 21:09:57,175 [WARNING] Orchestrator: No Etihad ticket email received in time. Proceeding with extracted UI details.
2026-08-11 21:09:57,176 [INFO] src.saudia_signup: Initiating Saudia membership creation for Passenger HUMEAU MOUSSET
2026-08-11 21:10:12,256 [INFO] src.saudia_signup: Proceeding directly to registration form inputs or direct navigation...
2026-08-11 21:10:57,584 [ERROR] src.saudia_signup: Error during Saudia registration: Locator.fill: Timeout 45000ms exceeded.
Call log:
  - waiting for locator("input[name='firstName'], input#firstName")

2026-08-11 21:10:57,641 [INFO] root: Successfully saved data to Etihad passenger details 9th Aug_Processed.xlsx
2026-08-11 21:10:57,642 [INFO] Orchestrator: --- Processing Passenger 2/4: PNR DSSP38, Last Name: JUDES ---
2026-08-11 21:10:57,642 [INFO] Orchestrator: Signup Only Mode: Using passenger name: Passenger JUDES
2026-08-11 21:11:01,643 [INFO] src.temp_mail: Generated fallback temp email offline: 4d1f31vy17@1secmail.com
2026-08-11 21:11:01,648 [INFO] Orchestrator: Waiting for Etihad e-ticket/confirmation mail to extract further details...
2026-08-11 21:11:01,648 [INFO] src.temp_mail: Waiting for email containing 'Etihad'...
2026-08-11 21:12:34,958 [WARNING] src.temp_mail: Timeout waiting for email containing 'Etihad'
2026-08-11 21:12:34,959 [WARNING] Orchestrator: No Etihad ticket email received in time. Proceeding with extracted UI details.
2026-08-11 21:12:34,959 [INFO] src.saudia_signup: Initiating Saudia membership creation for Passenger JUDES
2026-08-11 21:12:46,991 [INFO] src.saudia_signup: Proceeding directly to registration form inputs or direct navigation...
2026-08-11 21:13:32,053 [ERROR] src.saudia_signup: Error during Saudia registration: Locator.fill: Timeout 45000ms exceeded.
Call log:
  - waiting for locator("input[name='firstName'], input#firstName")

2026-08-11 21:13:32,082 [INFO] root: Successfully saved data to Etihad passenger details 9th Aug_Processed.xlsx
2026-08-11 21:13:32,082 [INFO] Orchestrator: --- Processing Passenger 3/4: PNR 9W4PFY, Last Name: MOUSSET ---
2026-08-11 21:13:32,083 [INFO] Orchestrator: Signup Only Mode: Using passenger name: Passenger MOUSSET
2026-08-11 21:13:34,484 [INFO] src.temp_mail: Generated fallback temp email offline: mo5tf88gq3@1secmail.com
2026-08-11 21:13:34,491 [INFO] Orchestrator: Waiting for Etihad e-ticket/confirmation mail to extract further details...
2026-08-11 21:13:34,491 [INFO] src.temp_mail: Waiting for email containing 'Etihad'...
2026-08-11 21:15:12,339 [WARNING] src.temp_mail: Timeout waiting for email containing 'Etihad'
2026-08-11 21:15:12,339 [WARNING] Orchestrator: No Etihad ticket email received in time. Proceeding with extracted UI details.
2026-08-11 21:15:12,340 [INFO] src.saudia_signup: Initiating Saudia membership creation for Passenger MOUSSET
2026-08-11 21:15:24,341 [INFO] src.saudia_signup: Proceeding directly to registration form inputs or direct navigation...
2026-08-11 21:16:09,394 [ERROR] src.saudia_signup: Error during Saudia registration: Locator.fill: Timeout 45000ms exceeded.
Call log:
  - waiting for locator("input[name='firstName'], input#firstName")

2026-08-11 21:16:09,421 [INFO] root: Successfully saved data to Etihad passenger details 9th Aug_Processed.xlsx
2026-08-11 21:16:09,422 [INFO] Orchestrator: --- Processing Passenger 4/4: PNR Y8D57L, Last Name: PRATT ---
2026-08-11 21:16:09,422 [INFO] Orchestrator: Signup Only Mode: Using passenger name: Passenger PRATT
2026-08-11 21:16:11,461 [INFO] src.temp_mail: Generated fallback temp email offline: vio1zqpcub@1secmail.com
2026-08-11 21:16:11,465 [INFO] Orchestrator: Waiting for Etihad e-ticket/confirmation mail to extract further details...
2026-08-11 21:16:11,465 [INFO] src.temp_mail: Waiting for email containing 'Etihad'...
2026-08-11 21:17:47,789 [WARNING] src.temp_mail: Timeout waiting for email containing 'Etihad'
2026-08-11 21:17:47,789 [WARNING] Orchestrator: No Etihad ticket email received in time. Proceeding with extracted UI details.
2026-08-11 21:17:47,789 [INFO] src.saudia_signup: Initiating Saudia membership creation for Passenger PRATT
2026-08-11 21:17:59,670 [INFO] src.saudia_signup: Proceeding directly to registration form inputs or direct navigation...
2026-08-11 21:18:44,848 [ERROR] src.saudia_signup: Error during Saudia registration: Locator.fill: Timeout 45000ms exceeded.
Call log:
  - waiting for locator("input[name='firstName'], input#firstName")

2026-08-11 21:18:44,886 [INFO] root: Successfully saved data to Etihad passenger details 9th Aug_Processed.xlsx
2026-08-11 21:18:44,887 [INFO] src.etihad_scraper: Etihad Scraper stopped.
2026-08-11 21:19:15,584 [INFO] src.saudia_signup: Saudia Sign-up Manager stopped.
2026-08-11 21:19:15,614 [INFO] root: Successfully saved data to Etihad passenger details 9th Aug_Processed.xlsx
2026-08-11 21:19:15,615 [INFO] Orchestrator: Automation workflow completed.
2026-08-12 18:31:44,187 [INFO] werkzeug: [31m[1mWARNING: This is a development server. Do not use it in a production deployment. Use a production WSGI server instead.[0m
 * Running on http://127.0.0.1:5000
2026-08-12 18:31:44,196 [INFO] werkzeug: [33mPress CTRL+C to quit[0m
2026-08-12 18:31:44,200 [INFO] werkzeug:  * Restarting with stat
2026-08-12 18:31:47,969 [WARNING] werkzeug:  * Debugger is active!
2026-08-12 18:31:47,982 [INFO] werkzeug:  * Debugger PIN: 794-833-364
2026-08-12 22:03:48,830 [INFO] werkzeug: [31m[1mWARNING: This is a development server. Do not use it in a production deployment. Use a production WSGI server instead.[0m
 * Running on http://127.0.0.1:5000
2026-08-12 22:03:48,830 [INFO] werkzeug: [33mPress CTRL+C to quit[0m
2026-08-12 22:03:48,835 [INFO] werkzeug:  * Restarting with stat
2026-08-12 22:03:58,544 [WARNING] werkzeug:  * Debugger is active!
2026-08-12 22:03:58,560 [INFO] werkzeug:  * Debugger PIN: 794-833-364
2026-08-12 22:14:07,180 [INFO] werkzeug:  * Detected change in 'D:\\etihad airways\\src\\config.py', reloading
2026-08-12 22:14:08,154 [INFO] werkzeug:  * Restarting with stat
2026-08-12 22:14:23,331 [WARNING] werkzeug:  * Debugger is active!
2026-08-12 22:14:23,341 [INFO] werkzeug:  * Debugger PIN: 794-833-364
2026-08-12 22:14:59,294 [INFO] Orchestrator: Starting Airline Passenger Automation process in mode: signup_only...
2026-08-12 22:14:59,294 [INFO] Orchestrator: Loading input file: Etihad passenger details 9th Aug.xlsx
2026-08-12 22:15:01,839 [INFO] Orchestrator: Loaded columns: ['nan', 'Last Name', 'PNR']
2026-08-12 22:15:01,840 [INFO] Orchestrator: Mapping columns: PNR -> 'PNR', Last Name -> 'Last Name'
2026-08-12 22:15:01,847 [INFO] Orchestrator: Initializing Saudia Signup browser session...
2026-08-12 22:15:01,847 [INFO] src.saudia_signup: Starting Playwright browser for Saudia registration...
2026-08-12 22:15:12,606 [INFO] Orchestrator: --- Processing Passenger 1/4: PNR 9W4PEY, Last Name: HUMEAU MOUSSET ---
2026-08-12 22:15:12,607 [INFO] Orchestrator: Signup Only Mode: Using passenger name: Passenger HUMEAU MOUSSET
2026-08-12 22:15:15,350 [INFO] src.temp_mail: Generated fallback temp email offline: 49d166f1ev@1secmail.com
2026-08-12 22:15:15,355 [INFO] Orchestrator: Waiting for Etihad e-ticket/confirmation mail to extract further details...
2026-08-12 22:15:15,356 [INFO] src.temp_mail: Waiting for email containing 'Etihad'...
2026-08-12 22:16:53,381 [WARNING] src.temp_mail: Timeout waiting for email containing 'Etihad'
2026-08-12 22:16:53,381 [WARNING] Orchestrator: No Etihad ticket email received in time. Proceeding with extracted UI details.
2026-08-12 22:16:53,381 [INFO] src.saudia_signup: Initiating Saudia membership creation for Passenger HUMEAU MOUSSET
2026-08-12 22:17:00,272 [INFO] src.saudia_signup: Enroll/Join button found. Accessing sign-up form...
2026-08-12 22:17:51,895 [ERROR] src.saudia_signup: Error during Saudia registration: Locator.fill: Timeout 45000ms exceeded.
Call log:
  - waiting for locator("input[name='firstName'], input#firstName")

2026-08-12 22:17:51,990 [INFO] root: Successfully saved data to Etihad passenger details 9th Aug_Processed.xlsx
2026-08-12 22:17:51,991 [INFO] Orchestrator: --- Processing Passenger 2/4: PNR DSSP38, Last Name: JUDES ---
2026-08-12 22:17:51,991 [INFO] Orchestrator: Signup Only Mode: Using passenger name: Passenger JUDES
2026-08-12 22:17:54,016 [INFO] src.temp_mail: Generated fallback temp email offline: k8pcjsd0ks@1secmail.com
2026-08-12 22:17:54,020 [INFO] Orchestrator: Waiting for Etihad e-ticket/confirmation mail to extract further details...
2026-08-12 22:17:54,020 [INFO] src.temp_mail: Waiting for email containing 'Etihad'...
2026-08-12 22:19:30,498 [WARNING] src.temp_mail: Timeout waiting for email containing 'Etihad'
2026-08-12 22:19:30,498 [WARNING] Orchestrator: No Etihad ticket email received in time. Proceeding with extracted UI details.
2026-08-12 22:19:30,498 [INFO] src.saudia_signup: Initiating Saudia membership creation for Passenger JUDES
2026-08-12 22:19:56,573 [INFO] src.saudia_signup: Mobile menu button detected. Opening header navigation menu...
2026-08-12 22:20:10,957 [INFO] src.saudia_signup: Proceeding directly to registration form inputs or direct navigation: Locator.wait_for: Timeout 10000ms exceeded.
Call log:
  - waiting for locator("a:has-text('Join AlFursan'), a.subnav-link:has-text('Join AlFursan'), a:has-text('Join'), button:has-text('Join'), a:has-text('Enroll')").first to be visible
    6 × locator resolved to hidden <a rel="" target="_self" class="externalmenu" href="/en-PK/loyalty" title="Join AlFursan">…</a>

2026-08-12 22:20:58,633 [ERROR] src.saudia_signup: Error during Saudia registration: Locator.fill: Timeout 45000ms exceeded.
Call log:
  - waiting for locator("input[name='firstName'], input#firstName")

2026-08-12 22:20:58,683 [INFO] root: Successfully saved data to Etihad passenger details 9th Aug_Processed.xlsx
2026-08-12 22:20:58,684 [INFO] Orchestrator: --- Processing Passenger 3/4: PNR 9W4PFY, Last Name: MOUSSET ---
2026-08-12 22:20:58,684 [INFO] Orchestrator: Signup Only Mode: Using passenger name: Passenger MOUSSET
2026-08-12 22:21:00,742 [INFO] src.temp_mail: Generated fallback temp email offline: cjhutn8eqr@1secmail.com
2026-08-12 22:21:00,745 [INFO] Orchestrator: Waiting for Etihad e-ticket/confirmation mail to extract further details...
2026-08-12 22:21:00,745 [INFO] src.temp_mail: Waiting for email containing 'Etihad'...
2026-08-12 22:22:38,358 [WARNING] src.temp_mail: Timeout waiting for email containing 'Etihad'
2026-08-12 22:22:38,359 [WARNING] Orchestrator: No Etihad ticket email received in time. Proceeding with extracted UI details.
2026-08-12 22:22:38,359 [INFO] src.saudia_signup: Initiating Saudia membership creation for Passenger MOUSSET
2026-08-12 22:22:49,541 [INFO] src.saudia_signup: Mobile menu button detected. Opening header navigation menu...
2026-08-12 22:23:02,147 [INFO] src.saudia_signup: Proceeding directly to registration form inputs or direct navigation: Locator.wait_for: Timeout 10000ms exceeded.
Call log:
  - waiting for locator("a:has-text('Join AlFursan'), a.subnav-link:has-text('Join AlFursan'), a:has-text('Join'), button:has-text('Join'), a:has-text('Enroll')").first to be visible
    22 × locator resolved to hidden <a rel="" target="_self" class="externalmenu" href="/en-PK/loyalty" title="Join AlFursan">…</a>

2026-08-12 22:23:47,193 [ERROR] src.saudia_signup: Error during Saudia registration: Locator.fill: Timeout 45000ms exceeded.
Call log:
  - waiting for locator("input[name='firstName'], input#firstName")

2026-08-12 22:23:47,240 [INFO] root: Successfully saved data to Etihad passenger details 9th Aug_Processed.xlsx
2026-08-12 22:23:47,241 [INFO] Orchestrator: --- Processing Passenger 4/4: PNR Y8D57L, Last Name: PRATT ---
2026-08-12 22:23:47,241 [INFO] Orchestrator: Signup Only Mode: Using passenger name: Passenger PRATT
2026-08-12 22:23:49,202 [INFO] src.temp_mail: Generated fallback temp email offline: qxdbghihqk@1secmail.com
2026-08-12 22:23:49,205 [INFO] Orchestrator: Waiting for Etihad e-ticket/confirmation mail to extract further details...
2026-08-12 22:23:49,205 [INFO] src.temp_mail: Waiting for email containing 'Etihad'...
2026-08-12 22:25:48,133 [WARNING] src.temp_mail: Timeout waiting for email containing 'Etihad'
2026-08-12 22:25:48,133 [WARNING] Orchestrator: No Etihad ticket email received in time. Proceeding with extracted UI details.
2026-08-12 22:25:48,134 [INFO] src.saudia_signup: Initiating Saudia membership creation for Passenger PRATT
2026-08-12 22:25:56,120 [INFO] src.saudia_signup: Mobile menu button detected. Opening header navigation menu...
2026-08-12 22:26:08,878 [INFO] src.saudia_signup: Proceeding directly to registration form inputs or direct navigation: Locator.wait_for: Timeout 10000ms exceeded.
Call log:
  - waiting for locator("a:has-text('Join AlFursan'), a.subnav-link:has-text('Join AlFursan'), a:has-text('Join'), button:has-text('Join'), a:has-text('Enroll')").first to be visible
    18 × locator resolved to hidden <a rel="" target="_self" class="externalmenu" href="/en-PK/loyalty" title="Join AlFursan">…</a>

2026-08-12 22:26:54,061 [ERROR] src.saudia_signup: Error during Saudia registration: Locator.fill: Timeout 45000ms exceeded.
Call log:
  - waiting for locator("input[name='firstName'], input#firstName")

2026-08-12 22:26:54,106 [INFO] root: Successfully saved data to Etihad passenger details 9th Aug_Processed.xlsx
2026-08-12 22:26:54,106 [INFO] src.etihad_scraper: Etihad Scraper stopped.
2026-08-12 22:27:22,809 [INFO] src.saudia_signup: Saudia Sign-up Manager stopped.
2026-08-12 22:27:22,832 [INFO] root: Successfully saved data to Etihad passenger details 9th Aug_Processed.xlsx
2026-08-12 22:27:22,833 [INFO] Orchestrator: Automation workflow completed.
2026-08-12 22:30:31,436 [INFO] werkzeug:  * Detected change in 'D:\\etihad airways\\src\\saudia_signup.py', reloading
2026-08-12 22:30:31,978 [INFO] werkzeug:  * Restarting with stat
2026-08-12 22:30:39,112 [WARNING] werkzeug:  * Debugger is active!
2026-08-12 22:30:39,122 [INFO] werkzeug:  * Debugger PIN: 794-833-364
2026-08-12 22:30:55,939 [INFO] werkzeug:  * Detected change in 'D:\\etihad airways\\src\\saudia_signup.py', reloading
2026-08-12 22:30:56,448 [INFO] werkzeug:  * Restarting with stat
2026-08-12 22:31:05,144 [WARNING] werkzeug:  * Debugger is active!
2026-08-12 22:31:05,155 [INFO] werkzeug:  * Debugger PIN: 794-833-364
2026-08-12 22:31:10,590 [INFO] Orchestrator: Starting Airline Passenger Automation process in mode: signup_only...
2026-08-12 22:31:10,591 [INFO] Orchestrator: Loading input file: Etihad passenger details 9th Aug.xlsx
2026-08-12 22:31:12,941 [INFO] Orchestrator: Loaded columns: ['nan', 'Last Name', 'PNR']
2026-08-12 22:31:12,941 [INFO] Orchestrator: Mapping columns: PNR -> 'PNR', Last Name -> 'Last Name'
2026-08-12 22:31:12,945 [INFO] Orchestrator: Initializing Saudia Signup browser session...
2026-08-12 22:31:12,946 [INFO] src.saudia_signup: Starting Playwright browser for Saudia registration...
2026-08-12 22:31:18,843 [INFO] Orchestrator: --- Processing Passenger 1/4: PNR 9W4PEY, Last Name: HUMEAU MOUSSET ---
2026-08-12 22:31:18,843 [INFO] Orchestrator: Signup Only Mode: Using passenger name: Passenger HUMEAU MOUSSET
2026-08-12 22:31:22,350 [INFO] src.temp_mail: Generated fallback temp email offline: whvn4l2k0i@1secmail.com
2026-08-12 22:31:22,353 [INFO] Orchestrator: Waiting for Etihad e-ticket/confirmation mail to extract further details...
2026-08-12 22:31:22,354 [INFO] src.temp_mail: Waiting for email containing 'Etihad'...
2026-08-12 22:32:58,348 [WARNING] src.temp_mail: Timeout waiting for email containing 'Etihad'
2026-08-12 22:32:58,349 [WARNING] Orchestrator: No Etihad ticket email received in time. Proceeding with extracted UI details.
2026-08-12 22:32:58,349 [INFO] src.saudia_signup: Initiating Saudia membership creation for Passenger HUMEAU MOUSSET
2026-08-12 22:33:11,294 [INFO] src.saudia_signup: Enroll/Join button found. Expecting new page tab context...
2026-08-12 22:33:16,308 [INFO] src.saudia_signup: No new tab opened. Clicking join button on current tab...
2026-08-12 22:34:20,453 [ERROR] src.saudia_signup: Error during Saudia registration: Locator.fill: Timeout 45000ms exceeded.
Call log:
  - waiting for locator("input[name='firstName'], input#firstName")

2026-08-12 22:34:20,563 [INFO] root: Successfully saved data to Etihad passenger details 9th Aug_Processed.xlsx
2026-08-12 22:34:20,563 [INFO] Orchestrator: --- Processing Passenger 2/4: PNR DSSP38, Last Name: JUDES ---
2026-08-12 22:34:20,564 [INFO] Orchestrator: Signup Only Mode: Using passenger name: Passenger JUDES
2026-08-12 22:34:28,607 [INFO] src.temp_mail: Generated fallback temp email offline: 6ax2jzaggn@1secmail.com
2026-08-12 22:34:28,610 [INFO] Orchestrator: Waiting for Etihad e-ticket/confirmation mail to extract further details...
2026-08-12 22:34:28,611 [INFO] src.temp_mail: Waiting for email containing 'Etihad'...
2026-08-12 22:36:02,928 [WARNING] src.temp_mail: Timeout waiting for email containing 'Etihad'
2026-08-12 22:36:02,928 [WARNING] Orchestrator: No Etihad ticket email received in time. Proceeding with extracted UI details.
2026-08-12 22:36:02,928 [INFO] src.saudia_signup: Initiating Saudia membership creation for Passenger JUDES
2026-08-12 22:36:12,376 [INFO] src.saudia_signup: Mobile menu button detected. Opening header navigation menu...
2026-08-12 22:36:16,154 [INFO] src.saudia_signup: Expanding Loyalty sub-menu...
2026-08-12 22:36:21,861 [INFO] src.saudia_signup: Enroll/Join button found. Expecting new page tab context...
2026-08-12 22:36:26,877 [INFO] src.saudia_signup: No new tab opened. Clicking join button on current tab...
2026-08-12 22:37:11,901 [INFO] src.saudia_signup: Proceeding directly to registration form: Locator.click: Timeout 45000ms exceeded.
Call log:
  - waiting for locator("a:has-text('Join AlFursan'), a.subnav-link:has-text('Join AlFursan'), a:has-text('Join'), button:has-text('Join'), a:has-text('Enroll')").first
    - locator resolved to <a rel="" href="" target="_self" class="subnav-link" title="Join AlFursan">…</a>
  - attempting click action
    - waiting for element to be visible, enabled and stable
    - element is visible, enabled and stable
    - scrolling into view if needed
    - done scrolling
  - element was detached from the DOM, retrying
    - locator resolved to <a rel="" target="_self" class="externalmenu" href="/en-PK/loyalty" title="Join AlFursan">…</a>
  - attempting click action
    2 × waiting for element to be visible, enabled and stable
      - element is not visible
    - retrying click action
    - waiting 20ms
    2 × waiting for element to be visible, enabled and stable
      - element is not visible
    - retrying click action
      - waiting 100ms
    67 × waiting for element to be visible, enabled and stable
       - element is not visible
     - retrying click action
       - waiting 500ms

2026-08-12 22:37:56,987 [ERROR] src.saudia_signup: Error during Saudia registration: Locator.fill: Timeout 45000ms exceeded.
Call log:
  - waiting for locator("input[name='firstName'], input#firstName")

2026-08-12 22:37:57,015 [INFO] root: Successfully saved data to Etihad passenger details 9th Aug_Processed.xlsx
2026-08-12 22:37:57,016 [INFO] Orchestrator: --- Processing Passenger 3/4: PNR 9W4PFY, Last Name: MOUSSET ---
2026-08-12 22:37:57,016 [INFO] Orchestrator: Signup Only Mode: Using passenger name: Passenger MOUSSET
2026-08-12 22:38:02,074 [INFO] src.temp_mail: Generated fallback temp email offline: wovmxf4kkr@1secmail.com
2026-08-12 22:38:02,077 [INFO] Orchestrator: Waiting for Etihad e-ticket/confirmation mail to extract further details...
2026-08-12 22:38:02,077 [INFO] src.temp_mail: Waiting for email containing 'Etihad'...
2026-08-12 22:39:34,064 [WARNING] src.temp_mail: Timeout waiting for email containing 'Etihad'
2026-08-12 22:39:34,065 [WARNING] Orchestrator: No Etihad ticket email received in time. Proceeding with extracted UI details.
2026-08-12 22:39:34,065 [INFO] src.saudia_signup: Initiating Saudia membership creation for Passenger MOUSSET
2026-08-12 22:39:43,020 [INFO] src.saudia_signup: Mobile menu button detected. Opening header navigation menu...
2026-08-12 22:39:46,282 [INFO] src.saudia_signup: Expanding Loyalty sub-menu...
2026-08-12 22:39:49,088 [INFO] src.saudia_signup: Enroll/Join button found. Expecting new page tab context...
2026-08-12 22:39:54,101 [INFO] src.saudia_signup: No new tab opened. Clicking join button on current tab...
2026-08-12 22:40:41,449 [ERROR] src.saudia_signup: Error during Saudia registration: Locator.fill: Timeout 45000ms exceeded.
Call log:
  - waiting for locator("input[name='firstName'], input#firstName")

2026-08-12 22:40:41,475 [INFO] root: Successfully saved data to Etihad passenger details 9th Aug_Processed.xlsx
2026-08-12 22:40:41,475 [INFO] Orchestrator: --- Processing Passenger 4/4: PNR Y8D57L, Last Name: PRATT ---
2026-08-12 22:40:41,476 [INFO] Orchestrator: Signup Only Mode: Using passenger name: Passenger PRATT
2026-08-12 22:40:49,266 [INFO] src.temp_mail: Generated fallback temp email offline: u9jl57kkdj@1secmail.com
2026-08-12 22:40:49,269 [INFO] Orchestrator: Waiting for Etihad e-ticket/confirmation mail to extract further details...
2026-08-12 22:40:49,269 [INFO] src.temp_mail: Waiting for email containing 'Etihad'...
2026-08-12 22:42:26,198 [ERROR] src.temp_mail: Error fetching mail messages: HTTPSConnectionPool(host='www.1secmail.com', port=443): Read timed out. (read timeout=None)
2026-08-12 22:42:36,200 [WARNING] src.temp_mail: Timeout waiting for email containing 'Etihad'
2026-08-12 22:42:36,200 [WARNING] Orchestrator: No Etihad ticket email received in time. Proceeding with extracted UI details.
2026-08-12 22:42:36,200 [INFO] src.saudia_signup: Initiating Saudia membership creation for Passenger PRATT
2026-08-12 22:42:44,538 [INFO] src.saudia_signup: Mobile menu button detected. Opening header navigation menu...
2026-08-12 22:42:48,318 [INFO] src.saudia_signup: Expanding Loyalty sub-menu...
2026-08-12 22:42:50,763 [INFO] src.saudia_signup: Enroll/Join button found. Expecting new page tab context...
2026-08-12 22:42:55,769 [INFO] src.saudia_signup: No new tab opened. Clicking join button on current tab...
2026-08-12 22:43:40,793 [INFO] src.saudia_signup: Proceeding directly to registration form: Locator.click: Timeout 45000ms exceeded.
Call log:
  - waiting for locator("a:has-text('Join AlFursan'), a.subnav-link:has-text('Join AlFursan'), a:has-text('Join'), button:has-text('Join'), a:has-text('Enroll')").first
    - locator resolved to <a rel="" target="_self" class="externalmenu" href="/en-PK/loyalty" title="Join AlFursan">…</a>
  - attempting click action
    2 × waiting for element to be visible, enabled and stable
      - element is not visible
    - retrying click action
    - waiting 20ms
    2 × waiting for element to be visible, enabled and stable
      - element is not visible
    - retrying click action
      - waiting 100ms
    71 × waiting for element to be visible, enabled and stable
       - element is not visible
     - retrying click action
       - waiting 500ms

2026-08-12 22:44:25,886 [ERROR] src.saudia_signup: Error during Saudia registration: Locator.fill: Timeout 45000ms exceeded.
Call log:
  - waiting for locator("input[name='firstName'], input#firstName")

2026-08-12 22:44:25,951 [INFO] root: Successfully saved data to Etihad passenger details 9th Aug_Processed.xlsx
2026-08-12 22:44:25,951 [INFO] src.etihad_scraper: Etihad Scraper stopped.
2026-08-12 22:44:55,517 [INFO] src.saudia_signup: Saudia Sign-up Manager stopped.
2026-08-12 22:44:55,541 [INFO] root: Successfully saved data to Etihad passenger details 9th Aug_Processed.xlsx
2026-08-12 22:44:55,541 [INFO] Orchestrator: Automation workflow completed.
2026-08-12 23:03:45,187 [INFO] werkzeug: 127.0.0.1 - - [12/Aug/2026 23:03:45] "[33mGET /service-worker.js HTTP/1.1[0m" 404 -
2026-08-12 23:03:55,504 [INFO] werkzeug: 127.0.0.1 - - [12/Aug/2026 23:03:55] "[33mGET /service-worker.js HTTP/1.1[0m" 404 -
2026-08-12 23:18:59,477 [INFO] werkzeug: [31m[1mWARNING: This is a development server. Do not use it in a production deployment. Use a production WSGI server instead.[0m
 * Running on http://127.0.0.1:5000
2026-08-12 23:18:59,490 [INFO] werkzeug: [33mPress CTRL+C to quit[0m
2026-08-12 23:18:59,495 [INFO] werkzeug:  * Restarting with stat
2026-08-12 23:19:03,781 [WARNING] werkzeug:  * Debugger is active!
2026-08-12 23:19:03,803 [INFO] werkzeug:  * Debugger PIN: 794-833-364
2026-08-12 23:28:18,465 [INFO] werkzeug:  * Detected change in 'D:\\etihad airways\\src\\saudia_signup.py', reloading
2026-08-12 23:28:18,913 [INFO] werkzeug:  * Restarting with stat
2026-08-12 23:28:23,373 [WARNING] werkzeug:  * Debugger is active!
2026-08-12 23:28:23,383 [INFO] werkzeug:  * Debugger PIN: 794-833-364
2026-08-12 23:28:38,827 [INFO] werkzeug:  * Detected change in 'D:\\etihad airways\\src\\saudia_signup.py', reloading
2026-08-12 23:28:39,246 [INFO] werkzeug:  * Restarting with stat
2026-08-12 23:28:43,215 [WARNING] werkzeug:  * Debugger is active!
2026-08-12 23:28:43,228 [INFO] werkzeug:  * Debugger PIN: 794-833-364
2026-08-12 23:28:55,779 [INFO] Orchestrator: Starting Airline Passenger Automation process in mode: signup_only...
2026-08-12 23:28:55,779 [INFO] Orchestrator: Loading input file: Etihad passenger details 9th Aug.xlsx
2026-08-12 23:28:57,069 [INFO] Orchestrator: Loaded columns: ['nan', 'Last Name', 'PNR']
2026-08-12 23:28:57,070 [INFO] Orchestrator: Mapping columns: PNR -> 'PNR', Last Name -> 'Last Name'
2026-08-12 23:28:57,074 [INFO] Orchestrator: Initializing Saudia Signup browser session...
2026-08-12 23:28:57,076 [INFO] src.saudia_signup: Starting Playwright browser for Saudia registration...
2026-08-12 23:29:01,278 [INFO] Orchestrator: --- Processing Passenger 1/4: PNR 9W4PEY, Last Name: HUMEAU MOUSSET ---
2026-08-12 23:29:01,278 [INFO] Orchestrator: Signup Only Mode: Using passenger name: Passenger HUMEAU MOUSSET
2026-08-12 23:29:05,430 [INFO] src.temp_mail: Generated fallback temp email offline: jkzl4wttgn@1secmail.com
2026-08-12 23:29:05,434 [INFO] Orchestrator: Waiting for Etihad e-ticket/confirmation mail to extract further details...
2026-08-12 23:29:05,434 [INFO] src.temp_mail: Waiting for email containing 'Etihad'...
2026-08-12 23:30:45,370 [WARNING] src.temp_mail: Timeout waiting for email containing 'Etihad'
2026-08-12 23:30:45,371 [WARNING] Orchestrator: No Etihad ticket email received in time. Proceeding with extracted UI details.
2026-08-12 23:30:45,371 [INFO] src.saudia_signup: Initiating Saudia membership creation for Passenger HUMEAU MOUSSET
2026-08-12 23:30:59,041 [INFO] src.saudia_signup: No cookie banner overlay detected.
2026-08-12 23:31:04,896 [INFO] src.saudia_signup: Enroll/Join button found. Expecting new page tab context...
2026-08-12 23:31:09,909 [INFO] src.saudia_signup: No new tab opened. Clicking join button on current tab...
2026-08-12 23:32:12,862 [ERROR] src.saudia_signup: Error during Saudia registration: Locator.fill: Timeout 45000ms exceeded.
Call log:
  - waiting for locator("input[name='firstName'], input#firstName")

2026-08-12 23:32:12,916 [INFO] root: Successfully saved data to Etihad passenger details 9th Aug_Processed.xlsx
2026-08-12 23:32:12,917 [INFO] Orchestrator: --- Processing Passenger 2/4: PNR DSSP38, Last Name: JUDES ---
2026-08-12 23:32:12,917 [INFO] Orchestrator: Signup Only Mode: Using passenger name: Passenger JUDES
2026-08-12 23:32:17,119 [INFO] src.temp_mail: Generated fallback temp email offline: sbzygi5oea@1secmail.com
2026-08-12 23:32:17,122 [INFO] Orchestrator: Waiting for Etihad e-ticket/confirmation mail to extract further details...
2026-08-12 23:32:17,122 [INFO] src.temp_mail: Waiting for email containing 'Etihad'...
2026-08-12 23:33:53,708 [WARNING] src.temp_mail: Timeout waiting for email containing 'Etihad'
2026-08-12 23:33:53,708 [WARNING] Orchestrator: No Etihad ticket email received in time. Proceeding with extracted UI details.
2026-08-12 23:33:53,708 [INFO] src.saudia_signup: Initiating Saudia membership creation for Passenger JUDES
2026-08-12 23:34:05,768 [INFO] src.saudia_signup: Cookie policy banner overlay detected. Accepting cookie terms...
2026-08-12 23:34:08,721 [INFO] src.saudia_signup: Expanding Loyalty navigation panel...
2026-08-12 23:34:11,785 [INFO] src.saudia_signup: Enroll/Join button found. Expecting new page tab context...
2026-08-12 23:34:16,800 [INFO] src.saudia_signup: No new tab opened. Clicking join button on current tab...
2026-08-12 23:35:10,401 [ERROR] src.saudia_signup: Error during Saudia registration: Locator.fill: Timeout 45000ms exceeded.
Call log:
  - waiting for locator("input[name='firstName'], input#firstName")

2026-08-12 23:35:10,440 [INFO] root: Successfully saved data to Etihad passenger details 9th Aug_Processed.xlsx
2026-08-12 23:35:10,441 [INFO] Orchestrator: --- Processing Passenger 3/4: PNR 9W4PFY, Last Name: MOUSSET ---
2026-08-12 23:35:10,441 [INFO] Orchestrator: Signup Only Mode: Using passenger name: Passenger MOUSSET
2026-08-12 23:35:12,419 [INFO] src.temp_mail: Generated fallback temp email offline: vddictm0f4@1secmail.com
2026-08-12 23:35:12,422 [INFO] Orchestrator: Waiting for Etihad e-ticket/confirmation mail to extract further details...
2026-08-12 23:35:12,423 [INFO] src.temp_mail: Waiting for email containing 'Etihad'...
2026-08-12 23:36:49,061 [WARNING] src.temp_mail: Timeout waiting for email containing 'Etihad'
2026-08-12 23:36:49,061 [WARNING] Orchestrator: No Etihad ticket email received in time. Proceeding with extracted UI details.
2026-08-12 23:36:49,061 [INFO] src.saudia_signup: Initiating Saudia membership creation for Passenger MOUSSET
2026-08-12 23:37:16,295 [INFO] src.saudia_signup: No cookie banner overlay detected.
2026-08-12 23:37:17,069 [INFO] src.saudia_signup: Expanding Loyalty navigation panel...
2026-08-12 23:37:25,235 [INFO] src.saudia_signup: Enroll/Join button found. Expecting new page tab context...
2026-08-12 23:37:30,249 [INFO] src.saudia_signup: No new tab opened. Clicking join button on current tab...
2026-08-12 23:38:24,284 [ERROR] src.saudia_signup: Error during Saudia registration: Locator.fill: Timeout 45000ms exceeded.
Call log:
  - waiting for locator("input[name='firstName'], input#firstName")

2026-08-12 23:38:24,316 [INFO] root: Successfully saved data to Etihad passenger details 9th Aug_Processed.xlsx
2026-08-12 23:38:24,317 [INFO] Orchestrator: --- Processing Passenger 4/4: PNR Y8D57L, Last Name: PRATT ---
2026-08-12 23:38:24,318 [INFO] Orchestrator: Signup Only Mode: Using passenger name: Passenger PRATT
2026-08-12 23:38:27,867 [INFO] src.temp_mail: Generated fallback temp email offline: 038nx0c3tk@1secmail.com
2026-08-12 23:38:27,876 [INFO] Orchestrator: Waiting for Etihad e-ticket/confirmation mail to extract further details...
2026-08-12 23:38:27,876 [INFO] src.temp_mail: Waiting for email containing 'Etihad'...
2026-08-12 23:40:04,440 [WARNING] src.temp_mail: Timeout waiting for email containing 'Etihad'
2026-08-12 23:40:04,440 [WARNING] Orchestrator: No Etihad ticket email received in time. Proceeding with extracted UI details.
2026-08-12 23:40:04,440 [INFO] src.saudia_signup: Initiating Saudia membership creation for Passenger PRATT
2026-08-12 23:40:22,268 [INFO] src.saudia_signup: No cookie banner overlay detected.
2026-08-12 23:40:22,324 [INFO] src.saudia_signup: Expanding Loyalty navigation panel...
2026-08-12 23:40:25,013 [INFO] src.saudia_signup: Enroll/Join button found. Expecting new page tab context...
2026-08-12 23:40:30,038 [INFO] src.saudia_signup: No new tab opened. Clicking join button on current tab...
2026-08-12 23:41:20,335 [ERROR] src.saudia_signup: Error during Saudia registration: Locator.fill: Timeout 45000ms exceeded.
Call log:
  - waiting for locator("input[name='firstName'], input#firstName")

2026-08-12 23:41:20,358 [INFO] root: Successfully saved data to Etihad passenger details 9th Aug_Processed.xlsx
2026-08-12 23:41:20,359 [INFO] src.etihad_scraper: Etihad Scraper stopped.
2026-08-12 23:41:41,989 [INFO] src.saudia_signup: Saudia Sign-up Manager stopped.
2026-08-12 23:41:42,014 [INFO] root: Successfully saved data to Etihad passenger details 9th Aug_Processed.xlsx
2026-08-12 23:41:42,015 [INFO] Orchestrator: Automation workflow completed.
2026-08-12 23:57:47,007 [INFO] werkzeug:  * Detected change in 'D:\\etihad airways\\main.py', reloading
2026-08-12 23:57:47,464 [INFO] werkzeug:  * Restarting with stat
2026-08-12 23:57:58,587 [WARNING] werkzeug:  * Debugger is active!
2026-08-12 23:57:58,618 [INFO] werkzeug:  * Debugger PIN: 794-833-364
2026-08-12 23:58:15,762 [INFO] Orchestrator: Starting Airline Passenger Automation process in mode: all...
2026-08-12 23:58:15,762 [INFO] Orchestrator: Loading input file: Etihad passenger details 9th Aug.xlsx
2026-08-12 23:58:18,434 [INFO] Orchestrator: Loaded columns: ['nan', 'Last Name', 'PNR']
2026-08-12 23:58:18,434 [INFO] Orchestrator: Mapping columns: PNR -> 'PNR', Last Name -> 'Last Name'
2026-08-12 23:58:18,452 [INFO] Orchestrator: Initializing Etihad Scraper browser session...
2026-08-12 23:58:18,452 [INFO] src.etihad_scraper: Starting Playwright browser for Etihad Scraper...
2026-08-12 23:58:24,785 [INFO] Orchestrator: Initializing Saudia Signup browser session...
2026-08-12 23:58:24,785 [INFO] src.saudia_signup: Starting Playwright browser for Saudia registration...
2026-08-12 23:58:24,786 [ERROR] Orchestrator: Critical error during run: It looks like you are using Playwright Sync API inside the asyncio loop.
Please use the Async API instead.
Traceback (most recent call last):
  File "D:\etihad airways\main.py", line 91, in run_automation
    saudia.start()
    ~~~~~~~~~~~~^^
  File "D:\etihad airways\src\saudia_signup.py", line 17, in start
    self.playwright = sync_playwright().start()
                      ~~~~~~~~~~~~~~~~~~~~~~~^^
  File "C:\Users\IC\AppData\Local\Python\pythoncore-3.14-64\Lib\site-packages\playwright\sync_api\_context_manager.py", line 84, in start
    return self.__enter__()
           ~~~~~~~~~~~~~~^^
  File "C:\Users\IC\AppData\Local\Python\pythoncore-3.14-64\Lib\site-packages\playwright\sync_api\_context_manager.py", line 47, in __enter__
                raise Error(
    ...<2 lines>...
                )
playwright._impl._errors.Error: It looks like you are using Playwright Sync API inside the asyncio loop.
Please use the Async API instead.
2026-08-12 23:58:31,846 [INFO] src.etihad_scraper: Etihad Scraper stopped.
2026-08-12 23:58:31,846 [INFO] src.saudia_signup: Saudia Sign-up Manager stopped.
2026-08-12 23:58:31,914 [INFO] root: Successfully saved data to Etihad passenger details 9th Aug_Processed.xlsx
2026-08-12 23:58:31,915 [INFO] Orchestrator: Automation workflow completed.
2026-08-12 23:59:19,893 [INFO] werkzeug:  * Detected change in 'D:\\etihad airways\\main.py', reloading
2026-08-12 23:59:20,726 [INFO] werkzeug:  * Restarting with stat
2026-08-12 23:59:29,158 [WARNING] werkzeug:  * Debugger is active!
2026-08-12 23:59:29,170 [INFO] werkzeug:  * Debugger PIN: 794-833-364
2026-08-12 23:59:43,370 [INFO] Orchestrator: Starting Airline Passenger Automation process in mode: all...
2026-08-12 23:59:43,371 [INFO] Orchestrator: Loading input file: Etihad passenger details 9th Aug.xlsx
2026-08-12 23:59:44,399 [INFO] Orchestrator: Loaded columns: ['nan', 'Last Name', 'PNR']
2026-08-12 23:59:44,399 [INFO] Orchestrator: Mapping columns: PNR -> 'PNR', Last Name -> 'Last Name'
2026-08-12 23:59:44,405 [INFO] Orchestrator: Initializing Etihad Scraper browser session...
2026-08-12 23:59:44,405 [INFO] src.etihad_scraper: Starting Playwright browser for Etihad Scraper...
2026-08-12 23:59:49,239 [INFO] Orchestrator: Initializing Saudia Signup browser session...
2026-08-12 23:59:49,239 [INFO] src.saudia_signup: Starting Playwright browser for Saudia registration...
2026-08-12 23:59:49,239 [ERROR] Orchestrator: Critical error during run: It looks like you are using Playwright Sync API inside the asyncio loop.
Please use the Async API instead.
Traceback (most recent call last):
  File "D:\etihad airways\main.py", line 93, in run_automation
    saudia.start()
    ~~~~~~~~~~~~^^
  File "D:\etihad airways\src\saudia_signup.py", line 17, in start
    self.playwright = sync_playwright().start()
                      ~~~~~~~~~~~~~~~~~~~~~~~^^
  File "C:\Users\IC\AppData\Local\Python\pythoncore-3.14-64\Lib\site-packages\playwright\sync_api\_context_manager.py", line 84, in start
    return self.__enter__()
           ~~~~~~~~~~~~~~^^
  File "C:\Users\IC\AppData\Local\Python\pythoncore-3.14-64\Lib\site-packages\playwright\sync_api\_context_manager.py", line 47, in __enter__
                raise Error(
    ...<2 lines>...
                )
playwright._impl._errors.Error: It looks like you are using Playwright Sync API inside the asyncio loop.
Please use the Async API instead.
2026-08-13 00:00:06,730 [INFO] werkzeug:  * Detected change in 'D:\\etihad airways\\main.py', reloading
2026-08-13 00:00:07,190 [INFO] werkzeug:  * Restarting with stat
2026-08-13 00:00:14,570 [WARNING] werkzeug:  * Debugger is active!
2026-08-13 00:00:14,584 [INFO] werkzeug:  * Debugger PIN: 794-833-364
2026-08-13 00:00:23,567 [INFO] Orchestrator: Starting Airline Passenger Automation process in mode: all...
2026-08-13 00:00:23,567 [INFO] Orchestrator: Loading input file: Etihad passenger details 9th Aug.xlsx
2026-08-13 00:00:26,500 [INFO] Orchestrator: Loaded columns: ['nan', 'Last Name', 'PNR']
2026-08-13 00:00:26,501 [INFO] Orchestrator: Mapping columns: PNR -> 'PNR', Last Name -> 'Last Name'
2026-08-13 00:00:26,512 [INFO] Orchestrator: Initializing Etihad Scraper browser session...
2026-08-13 00:00:26,512 [INFO] src.etihad_scraper: Starting Playwright browser for Etihad Scraper...
2026-08-13 00:00:33,603 [INFO] Orchestrator: Initializing Saudia Signup browser session...
2026-08-13 00:00:33,603 [INFO] src.saudia_signup: Starting Playwright browser for Saudia registration...
2026-08-13 00:00:33,603 [ERROR] Orchestrator: Critical error during run: It looks like you are using Playwright Sync API inside the asyncio loop.
Please use the Async API instead.
Traceback (most recent call last):
  File "D:\etihad airways\main.py", line 100, in run_automation
    saudia.start()
    ~~~~~~~~~~~~^^
  File "D:\etihad airways\src\saudia_signup.py", line 17, in start
    self.playwright = sync_playwright().start()
                      ~~~~~~~~~~~~~~~~~~~~~~~^^
  File "C:\Users\IC\AppData\Local\Python\pythoncore-3.14-64\Lib\site-packages\playwright\sync_api\_context_manager.py", line 84, in start
    return self.__enter__()
           ~~~~~~~~~~~~~~^^
  File "C:\Users\IC\AppData\Local\Python\pythoncore-3.14-64\Lib\site-packages\playwright\sync_api\_context_manager.py", line 47, in __enter__
                raise Error(
    ...<2 lines>...
                )
playwright._impl._errors.Error: It looks like you are using Playwright Sync API inside the asyncio loop.
Please use the Async API instead.
2026-08-13 00:00:39,394 [INFO] src.etihad_scraper: Etihad Scraper stopped.
2026-08-13 00:00:39,395 [INFO] src.saudia_signup: Saudia Sign-up Manager stopped.
2026-08-13 00:00:39,502 [INFO] root: Successfully saved data to Etihad passenger details 9th Aug_Processed.xlsx
2026-08-13 00:00:39,509 [INFO] Orchestrator: Automation workflow completed.
2026-08-13 00:01:00,801 [INFO] src.etihad_scraper: Etihad Scraper stopped.
2026-08-13 00:01:00,801 [INFO] src.saudia_signup: Saudia Sign-up Manager stopped.
2026-08-13 00:01:00,846 [INFO] root: Successfully saved data to Etihad passenger details 9th Aug_Processed.xlsx
2026-08-13 00:01:00,847 [INFO] Orchestrator: Automation workflow completed.
2026-08-13 00:01:12,155 [INFO] werkzeug:  * Detected change in 'D:\\etihad airways\\src\\saudia_signup.py', reloading
2026-08-13 00:01:12,678 [INFO] werkzeug:  * Restarting with stat
2026-08-13 00:01:21,904 [WARNING] werkzeug:  * Debugger is active!
2026-08-13 00:01:21,924 [INFO] werkzeug:  * Debugger PIN: 794-833-364
2026-08-13 00:01:30,035 [INFO] Orchestrator: Starting Airline Passenger Automation process in mode: all...
2026-08-13 00:01:30,035 [INFO] Orchestrator: Loading input file: Etihad passenger details 9th Aug.xlsx
2026-08-13 00:01:31,058 [INFO] Orchestrator: Loaded columns: ['nan', 'Last Name', 'PNR']
2026-08-13 00:01:31,059 [INFO] Orchestrator: Mapping columns: PNR -> 'PNR', Last Name -> 'Last Name'
2026-08-13 00:01:31,063 [INFO] Orchestrator: Initializing Etihad Scraper browser session...
2026-08-13 00:01:31,063 [INFO] src.etihad_scraper: Starting Playwright browser for Etihad Scraper...
2026-08-13 00:01:35,010 [INFO] Orchestrator: Initializing Saudia Signup browser session...
2026-08-13 00:01:35,010 [INFO] src.saudia_signup: Starting Playwright browser for Saudia registration...
2026-08-13 00:01:35,010 [ERROR] Orchestrator: Critical error during run: It looks like you are using Playwright Sync API inside the asyncio loop.
Please use the Async API instead.
Traceback (most recent call last):
  File "D:\etihad airways\main.py", line 100, in run_automation
    saudia.start()
    ~~~~~~~~~~~~^^
  File "D:\etihad airways\src\saudia_signup.py", line 22, in start
    self.playwright = sync_playwright().start()
                      ~~~~~~~~~~~~~~~~~~~~~~~^^
  File "C:\Users\IC\AppData\Local\Python\pythoncore-3.14-64\Lib\site-packages\playwright\sync_api\_context_manager.py", line 84, in start
    return self.__enter__()
           ~~~~~~~~~~~~~~^^
  File "C:\Users\IC\AppData\Local\Python\pythoncore-3.14-64\Lib\site-packages\playwright\sync_api\_context_manager.py", line 47, in __enter__
                raise Error(
    ...<2 lines>...
                )
playwright._impl._errors.Error: It looks like you are using Playwright Sync API inside the asyncio loop.
Please use the Async API instead.
2026-08-13 00:01:50,491 [INFO] src.etihad_scraper: Etihad Scraper stopped.
2026-08-13 00:01:50,491 [INFO] src.saudia_signup: Saudia Sign-up Manager stopped.
2026-08-13 00:01:50,530 [INFO] root: Successfully saved data to Etihad passenger details 9th Aug_Processed.xlsx
2026-08-13 00:01:50,532 [INFO] Orchestrator: Automation workflow completed.
2026-08-13 00:02:10,034 [INFO] werkzeug:  * Detected change in 'D:\\etihad airways\\main.py', reloading
2026-08-13 00:02:10,435 [INFO] werkzeug:  * Restarting with stat
2026-08-13 00:02:14,685 [WARNING] werkzeug:  * Debugger is active!
2026-08-13 00:02:14,695 [INFO] werkzeug:  * Debugger PIN: 794-833-364
2026-08-13 00:02:18,371 [INFO] Orchestrator: Starting Airline Passenger Automation process in mode: all...
2026-08-13 00:02:18,372 [INFO] Orchestrator: Loading input file: Etihad passenger details 9th Aug.xlsx
2026-08-13 00:02:19,389 [INFO] Orchestrator: Loaded columns: ['nan', 'Last Name', 'PNR']
2026-08-13 00:02:19,389 [INFO] Orchestrator: Mapping columns: PNR -> 'PNR', Last Name -> 'Last Name'
2026-08-13 00:02:19,393 [INFO] Orchestrator: Initializing Etihad Scraper browser session...
2026-08-13 00:02:19,394 [INFO] src.etihad_scraper: Starting Playwright browser for Etihad Scraper...
2026-08-13 00:02:23,799 [INFO] Orchestrator: Initializing Saudia Signup browser session...
2026-08-13 00:02:23,799 [INFO] src.saudia_signup: Starting Playwright browser for Saudia registration...
2026-08-13 00:02:23,799 [ERROR] Orchestrator: Critical error during run: It looks like you are using Playwright Sync API inside the asyncio loop.
Please use the Async API instead.
Traceback (most recent call last):
  File "D:\etihad airways\main.py", line 100, in run_automation
    saudia.start()
    ~~~~~~~~~~~~^^
  File "D:\etihad airways\src\saudia_signup.py", line 22, in start
    self.playwright = sync_playwright().start()
                      ~~~~~~~~~~~~~~~~~~~~~~~^^
  File "C:\Users\IC\AppData\Local\Python\pythoncore-3.14-64\Lib\site-packages\playwright\sync_api\_context_manager.py", line 84, in start
    return self.__enter__()
           ~~~~~~~~~~~~~~^^
  File "C:\Users\IC\AppData\Local\Python\pythoncore-3.14-64\Lib\site-packages\playwright\sync_api\_context_manager.py", line 47, in __enter__
                raise Error(
    ...<2 lines>...
                )
playwright._impl._errors.Error: It looks like you are using Playwright Sync API inside the asyncio loop.
Please use the Async API instead.
2026-08-13 00:02:36,446 [INFO] src.etihad_scraper: Etihad Scraper stopped.
2026-08-13 00:02:36,447 [INFO] src.saudia_signup: Saudia Sign-up Manager stopped.
2026-08-13 00:02:36,516 [INFO] root: Successfully saved data to Etihad passenger details 9th Aug_Processed.xlsx
2026-08-13 00:02:36,517 [INFO] Orchestrator: Automation workflow completed.
2026-08-13 00:02:44,759 [INFO] werkzeug:  * Detected change in 'D:\\etihad airways\\main.py', reloading
2026-08-13 00:02:45,243 [INFO] werkzeug:  * Restarting with stat
2026-08-13 00:02:49,311 [WARNING] werkzeug:  * Debugger is active!
2026-08-13 00:02:49,322 [INFO] werkzeug:  * Debugger PIN: 794-833-364
2026-08-13 00:02:54,434 [INFO] Orchestrator: Starting Airline Passenger Automation process in mode: all...
2026-08-13 00:02:54,435 [INFO] Orchestrator: Loading input file: Etihad passenger details 9th Aug.xlsx
2026-08-13 00:02:55,380 [INFO] Orchestrator: Loaded columns: ['nan', 'Last Name', 'PNR']
2026-08-13 00:02:55,380 [INFO] Orchestrator: Mapping columns: PNR -> 'PNR', Last Name -> 'Last Name'
2026-08-13 00:02:55,384 [INFO] Orchestrator: Initializing Etihad Scraper browser session...
2026-08-13 00:02:55,384 [INFO] src.etihad_scraper: Starting Playwright browser for Etihad Scraper...
2026-08-13 00:02:59,486 [INFO] Orchestrator: --- Processing Passenger 1/4: PNR 9W4PEY, Last Name: HUMEAU MOUSSET ---
2026-08-13 00:02:59,486 [INFO] src.etihad_scraper: Accessing booking for PNR: 9W4PEY, Last Name: HUMEAU MOUSSET
2026-08-13 00:03:27,038 [INFO] src.etihad_scraper: Successfully accessed booking for PNR: 9W4PEY
2026-08-13 00:03:28,509 [INFO] src.etihad_scraper: Extracted details for HUMEAU MOUSSET: {'passenger_name': 'Passenger HUMEAU MOUSSET', 'flight_number': 'Flight Info'}
2026-08-13 00:03:28,578 [INFO] root: Successfully saved data to Etihad passenger details 9th Aug_Processed.xlsx
2026-08-13 00:03:28,578 [INFO] Orchestrator: Stopping Etihad Scraper browser session...
2026-08-13 00:03:37,306 [INFO] src.etihad_scraper: Etihad Scraper stopped.
2026-08-13 00:03:37,306 [INFO] Orchestrator: --- Processing Passenger 2/4: PNR DSSP38, Last Name: JUDES ---
2026-08-13 00:03:37,307 [INFO] src.etihad_scraper: Starting Playwright browser for Etihad Scraper...
2026-08-13 00:03:41,538 [INFO] src.etihad_scraper: Accessing booking for PNR: DSSP38, Last Name: JUDES
2026-08-13 00:04:35,203 [INFO] werkzeug: 127.0.0.1 - - [13/Aug/2026 00:04:35] "[33mGET /api/engineers HTTP/1.1[0m" 404 -
2026-08-13 00:04:35,206 [INFO] werkzeug: 127.0.0.1 - - [13/Aug/2026 00:04:35] "[33mGET /api/admin/theme HTTP/1.1[0m" 404 -
2026-08-13 00:04:38,171 [WARNING] src.etihad_scraper: Failed to access booking for PNR: DSSP38 (Timeout waiting for details to load)
2026-08-13 00:04:38,172 [INFO] Orchestrator: --- Processing Passenger 3/4: PNR 9W4PFY, Last Name: MOUSSET ---
2026-08-13 00:04:38,173 [INFO] src.etihad_scraper: Accessing booking for PNR: 9W4PFY, Last Name: MOUSSET
2026-08-13 00:05:12,009 [INFO] src.etihad_scraper: Successfully accessed booking for PNR: 9W4PFY
2026-08-13 00:05:14,045 [INFO] src.etihad_scraper: Scanning lines below passenger MOUSSET: ['SAUDIA Loyalty No: 1006489375', 'Sydney to Abu Dhabi', 'Economy Comfort', '26G']
2026-08-13 00:05:14,045 [INFO] src.etihad_scraper: Frequent flyer loyalty number found below passenger name: SAUDIA Loyalty No: 1006489375
2026-08-13 00:05:14,045 [INFO] Orchestrator: Frequent Flyer already present on Etihad for PNR 9W4PFY. Skipping.
2026-08-13 00:05:14,047 [INFO] Orchestrator: --- Processing Passenger 4/4: PNR Y8D57L, Last Name: PRATT ---
2026-08-13 00:05:14,047 [INFO] src.etihad_scraper: Accessing booking for PNR: Y8D57L, Last Name: PRATT
2026-08-13 00:05:34,908 [INFO] src.etihad_scraper: Successfully accessed booking for PNR: Y8D57L
2026-08-13 00:05:38,558 [INFO] src.etihad_scraper: Scanning lines below passenger PRATT: ['Bronze', '500116084440', 'Sydney to Abu Dhabi', 'Business Comfort']
2026-08-13 00:05:38,562 [INFO] src.etihad_scraper: Frequent flyer loyalty indicator 'Bronze' found below passenger name: Bronze
2026-08-13 00:05:38,562 [INFO] Orchestrator: Frequent Flyer already present on Etihad for PNR Y8D57L. Skipping.
2026-08-13 00:05:38,563 [INFO] Orchestrator: Initializing Saudia Signup browser session...
2026-08-13 00:05:38,564 [INFO] src.saudia_signup: Starting Playwright browser for Saudia registration...
2026-08-13 00:05:38,564 [ERROR] Orchestrator: Critical error during run: It looks like you are using Playwright Sync API inside the asyncio loop.
Please use the Async API instead.
Traceback (most recent call last):
  File "D:\etihad airways\main.py", line 167, in run_automation
    saudia.start()
    ~~~~~~~~~~~~^^
  File "D:\etihad airways\src\saudia_signup.py", line 22, in start
    self.playwright = sync_playwright().start()
                      ~~~~~~~~~~~~~~~~~~~~~~~^^
  File "C:\Users\IC\AppData\Local\Python\pythoncore-3.14-64\Lib\site-packages\playwright\sync_api\_context_manager.py", line 84, in start
    return self.__enter__()
           ~~~~~~~~~~~~~~^^
  File "C:\Users\IC\AppData\Local\Python\pythoncore-3.14-64\Lib\site-packages\playwright\sync_api\_context_manager.py", line 47, in __enter__
                raise Error(
    ...<2 lines>...
                )
playwright._impl._errors.Error: It looks like you are using Playwright Sync API inside the asyncio loop.
Please use the Async API instead.
2026-08-13 00:05:52,352 [INFO] werkzeug:  * Detected change in 'D:\\etihad airways\\src\\etihad_scraper.py', reloading
2026-08-13 00:05:52,784 [INFO] werkzeug:  * Restarting with stat
2026-08-13 00:05:59,414 [WARNING] werkzeug:  * Debugger is active!
2026-08-13 00:05:59,423 [INFO] werkzeug:  * Debugger PIN: 794-833-364
2026-08-13 00:06:06,683 [INFO] werkzeug:  * Detected change in 'D:\\etihad airways\\src\\saudia_signup.py', reloading
2026-08-13 00:06:08,050 [INFO] werkzeug:  * Restarting with stat
2026-08-13 00:06:23,082 [WARNING] werkzeug:  * Debugger is active!
2026-08-13 00:06:23,094 [INFO] werkzeug:  * Debugger PIN: 794-833-364
2026-08-13 00:06:24,024 [INFO] src.etihad_scraper: Etihad Scraper stopped.
2026-08-13 00:06:24,025 [INFO] src.saudia_signup: Saudia Sign-up Manager stopped.
2026-08-13 00:06:24,093 [INFO] root: Successfully saved data to Etihad passenger details 9th Aug_Processed.xlsx
2026-08-13 00:06:24,094 [INFO] Orchestrator: Automation workflow completed.
2026-08-13 00:06:24,565 [INFO] werkzeug: 127.0.0.1 - - [13/Aug/2026 00:06:24] "[33mGET /api/engineers HTTP/1.1[0m" 404 -
2026-08-13 00:06:24,579 [INFO] werkzeug: 127.0.0.1 - - [13/Aug/2026 00:06:24] "[33mGET /api/admin/theme HTTP/1.1[0m" 404 -
2026-08-13 00:06:31,266 [INFO] werkzeug:  * Detected change in 'D:\\etihad airways\\main.py', reloading
2026-08-13 00:06:31,704 [INFO] werkzeug:  * Restarting with stat
